2026.02.05 10:00:09 INFO  Started: Metals version 1.6.4 in folders '/scratch/jfx/ucie-q2y26' for client Visual Studio Code - Insiders 1.108.0-insider.
2026.02.05 10:00:09 WARN  Using H2 2.4.240 which is newer than the version Flyway has been verified with. The latest verified version of H2 is 2.3.232.
2026.02.05 10:00:09 INFO  no build target found for /scratch/jfx/ucie-q2y26/scala/src/main/scala/d2dadapter/D2DAdapter.scala. Using presentation compiler with project's scala-library version: 3.3.6
2026.02.05 10:00:10 INFO  running '/usr/bin/sbt -Dbloop.export-jar-classifiers=sources bloopInstall'
2026.02.05 10:00:10 ERROR [info] [launcher] getting org.scala-sbt sbt 1.9.9  (this may take some time)...
Feb 05, 2026 10:00:11 AM org.eclipse.lsp4j.jsonrpc.RemoteEndpoint handleCancellation
WARNING: Unmatched cancel notification for request id 3
Feb 05, 2026 10:00:11 AM org.eclipse.lsp4j.jsonrpc.services.GenericEndpoint notify
INFO: Unsupported notification method: $/setTrace
2026.02.05 10:00:12 INFO  no build target found for /scratch/jfx/ucie-q2y26/scala/src/main/scala/d2dadapter/D2DAdapter.scala. Using presentation compiler with project's scala-library version: 3.3.6
2026.02.05 10:00:18 ERROR [info] [launcher] getting Scala 2.12.18 (for sbt)...
2026.02.05 10:00:19 INFO  [info] welcome to sbt 1.9.9 (Red Hat, Inc. Java 17.0.17)
2026.02.05 10:00:20 INFO  [info] loading settings for project ucie-old-build-build-build from metals.sbt ...
2026.02.05 10:00:20 INFO  [info] loading project definition from /scratch/jfx/ucie-q2y26/ucie-old/project/project/project
2026.02.05 10:00:22 INFO  [info] loading settings for project ucie-old-build-build from metals.sbt ...
2026.02.05 10:00:22 INFO  [info] loading project definition from /scratch/jfx/ucie-q2y26/ucie-old/project/project
2026.02.05 10:00:26 INFO  [success] Generated .bloop/ucie-old-build-build.json
2026.02.05 10:00:26 INFO  [success] Total time: 4 s, completed Feb 5, 2026, 10:00:26 AM
2026.02.05 10:00:26 INFO  [info] loading settings for project ucie-old-build from metals.sbt,plugins.sbt ...
2026.02.05 10:00:27 INFO  [info] loading project definition from /scratch/jfx/ucie-q2y26/ucie-old/project
2026.02.05 10:00:28 INFO  [success] Generated .bloop/ucie-old-build.json
2026.02.05 10:00:28 INFO  [success] Total time: 2 s, completed Feb 5, 2026, 10:00:28 AM
2026.02.05 10:00:29 INFO  [info] loading settings for project ucie-old from build.sbt ...
2026.02.05 10:00:29 INFO  [info] set current project to ucie_digital (in build file:/scratch/jfx/ucie-q2y26/ucie-old/)
2026.02.05 10:00:33 INFO  no build target found for /scratch/jfx/ucie-q2y26/scala/src/main/scala/d2dadapter/D2DAdapter.scala. Using presentation compiler with project's scala-library version: 3.3.6
2026.02.05 10:00:33 INFO  no build target found for /scratch/jfx/ucie-q2y26/scala/src/main/scala/d2dadapter/D2DAdapter.scala. Using presentation compiler with project's scala-library version: 3.3.6
2026.02.05 10:00:47 INFO  [success] Generated .bloop/ucie-old.json
2026.02.05 10:00:47 INFO  [success] Generated .bloop/ucie-old-test.json
2026.02.05 10:00:47 INFO  [success] Total time: 18 s, completed Feb 5, 2026, 10:00:47 AM
2026.02.05 10:00:47 INFO  time: ran 'sbt bloopInstall' in 37s
2026.02.05 10:00:47 INFO  Attempting to connect to the build server...
2026.02.05 10:00:47 INFO  No running Bloop server found, starting one.
2026.02.05 10:00:47 INFO  Starting compilation server
2026.02.05 10:00:49 INFO  tracing is disabled for protocol BSP, to enable tracing of incoming and outgoing JSON messages create an empty file at /scratch/jfx/ucie-q2y26/.metals/bsp.trace.json or /users/yf328/.cache/metals/bsp.trace.json
2026.02.05 10:00:51 INFO  time: Connected to build server in 3.24s
2026.02.05 10:00:51 INFO  Connected to Build server: Bloop v2.0.17
2026.02.05 10:00:51 INFO  time: Imported build in 0.11s
2026.02.05 10:00:51 WARN  2.13.10 is no longer supported in the current Metals versions, using the last known supported version 1.3.3
2026.02.05 10:00:53 WARN  Could not find java sources in /usr/lib/jvm/src.zip, /usr/lib/jvm/lib/src.zip, /usr/lib/jvm/java-17-openjdk-17.0.17.0.10-1.el9.x86_64/src.zip, /usr/lib/jvm/java-17-openjdk-17.0.17.0.10-1.el9.x86_64/lib/src.zip. Java symbols will not be available.
2026.02.05 10:00:55 INFO  time: indexed workspace in 4.14s
2026.02.05 10:00:55 WARN  no build target for: /scratch/jfx/ucie-q2y26/scala/src/main/scala/d2dadapter/D2DAdapter.scala
2026.02.05 10:00:55 INFO  no build target found for /scratch/jfx/ucie-q2y26/scala/src/main/scala/d2dadapter/D2DAdapter.scala. Using presentation compiler with project's scala-library version: 2.13.18
2026.02.05 10:00:55 WARN  no build target for: /scratch/jfx/ucie-q2y26/scala/src/main/scala/d2dadapter/D2DAdapter.scala
2026.02.05 10:00:57 INFO  time: code lens generation in 2.04s
2026.02.05 10:00:57 INFO  time: code lens generation in 2.04s
Feb 05, 2026 10:01:09 AM org.eclipse.lsp4j.jsonrpc.services.GenericEndpoint notify
INFO: Unsupported notification method: $/setTrace
2026.02.05 10:01:31 INFO  no build target found for /scratch/jfx/ucie-q2y26/scala/src/main/scala/d2dadapter/D2DAdapter.scala. Using presentation compiler with project's scala-library version: 2.13.18
2026.02.05 10:01:31 WARN  no build target for: /scratch/jfx/ucie-q2y26/scala/src/main/scala/d2dadapter/D2DAdapter.scala
2026.02.05 10:01:31 INFO  no build target found for /scratch/jfx/ucie-q2y26/scala/src/main/scala/d2dadapter/D2DAdapter.scala. Using presentation compiler with project's scala-library version: 2.13.18
2026.02.05 10:01:31 INFO  no build target found for /scratch/jfx/ucie-q2y26/scala/src/main/scala/d2dadapter/D2DAdapter.scala. Using presentation compiler with project's scala-library version: 2.13.18
2026.02.05 10:01:32 INFO  no build target found for /scratch/jfx/ucie-q2y26/scala/src/main/scala/d2dadapter/D2DAdapter.scala. Using presentation compiler with project's scala-library version: 2.13.18
2026.02.05 10:01:33 INFO  no build target found for /scratch/jfx/ucie-q2y26/scala/src/main/scala/d2dadapter/D2DAdapter.scala. Using presentation compiler with project's scala-library version: 2.13.18
2026.02.05 10:01:33 INFO  no build target found for /scratch/jfx/ucie-q2y26/scala/src/main/scala/d2dadapter/D2DAdapter.scala. Using presentation compiler with project's scala-library version: 2.13.18
2026.02.05 10:01:33 INFO  no build target found for /scratch/jfx/ucie-q2y26/scala/src/main/scala/d2dadapter/D2DAdapter.scala. Using presentation compiler with project's scala-library version: 2.13.18
2026.02.05 10:01:36 INFO  no build target found for /scratch/jfx/ucie-q2y26/scala/src/main/scala/d2dadapter/D2DAdapter.scala. Using presentation compiler with project's scala-library version: 2.13.18
2026.02.05 10:01:41 INFO  no build target found for /scratch/jfx/ucie-q2y26/scala/src/main/scala/d2dadapter/D2DAdapter.scala. Using presentation compiler with project's scala-library version: 2.13.18
2026.02.05 10:01:41 WARN  no build target for: /scratch/jfx/ucie-q2y26/scala/src/main/scala/d2dadapter/D2DAdapter.scala
2026.02.05 10:04:06 INFO  no build target found for /scratch/jfx/ucie-q2y26/scala/src/main/scala/d2dadapter/D2DAdapter.scala. Using presentation compiler with project's scala-library version: 2.13.18
2026.02.05 10:04:06 INFO  no build target found for /scratch/jfx/ucie-q2y26/scala/src/main/scala/d2dadapter/D2DAdapter.scala. Using presentation compiler with project's scala-library version: 2.13.18
2026.02.05 10:04:08 INFO  no build target found for /scratch/jfx/ucie-q2y26/scala/src/main/scala/d2dadapter/D2DAdapter.scala. Using presentation compiler with project's scala-library version: 2.13.18
2026.02.05 10:04:08 INFO  no build target found for /scratch/jfx/ucie-q2y26/scala/src/main/scala/d2dadapter/D2DAdapter.scala. Using presentation compiler with project's scala-library version: 2.13.18
2026.02.05 10:04:08 INFO  no build target found for /scratch/jfx/ucie-q2y26/scala/src/main/scala/d2dadapter/D2DAdapter.scala. Using presentation compiler with project's scala-library version: 2.13.18
2026.02.05 10:04:11 INFO  no build target found for /scratch/jfx/ucie-q2y26/scala/src/main/scala/d2dadapter/D2DAdapter.scala. Using presentation compiler with project's scala-library version: 2.13.18
2026.02.05 10:04:11 INFO  no build target found for /scratch/jfx/ucie-q2y26/scala/src/main/scala/d2dadapter/D2DAdapter.scala. Using presentation compiler with project's scala-library version: 2.13.18
2026.02.05 10:04:11 INFO  no build target found for /scratch/jfx/ucie-q2y26/scala/src/main/scala/d2dadapter/D2DAdapter.scala. Using presentation compiler with project's scala-library version: 2.13.18
2026.02.05 10:04:35 INFO  no build target found for /scratch/jfx/ucie-q2y26/scala/src/main/scala/d2dadapter/D2DAdapter.scala. Using presentation compiler with project's scala-library version: 2.13.18
2026.02.05 10:04:36 INFO  no build target found for /scratch/jfx/ucie-q2y26/scala/src/main/scala/d2dadapter/D2DAdapter.scala. Using presentation compiler with project's scala-library version: 2.13.18
2026.02.05 10:04:36 WARN  Could not find 'D2DSidebandModule' using presentation compiler nor semanticdb. Trying to guess the definition using available information from local class context. 
2026.02.05 10:04:36 INFO  Created report: Optional[file:///scratch/jfx/ucie-q2y26/scala/src/main/scala/d2dadapter/D2DAdapter.scala]
2026.02.05 10:04:36 INFO  empty definition using pc, found symbol in pc:  (full report at: "/scratch/jfx/ucie-q2y26/.metals/.reports/metals-full/2026-02-05/r_empty-definition_10-04-36-051.md")
Exception in thread "pool-8-thread-1" java.lang.AbstractMethodError: Receiver class scala.meta.internal.pc.MetalsGlobal$MetalsInteractiveAnalyzer does not define or inherit an implementation of the resolved method 'scala.tools.nsc.typechecker.Implicits$ImplicitInfo$ ImplicitInfo()' of interface scala.tools.nsc.typechecker.Analyzer.
	at scala.tools.nsc.typechecker.Implicits$$anon$4.<init>(Implicits.scala:337)
	at scala.tools.nsc.typechecker.Implicits.$init$(Implicits.scala:337)
	at scala.meta.internal.pc.MetalsGlobal$MetalsInteractiveAnalyzer.<init>(MetalsGlobal.scala:77)
	at scala.meta.internal.pc.MetalsGlobal.analyzer$lzycompute(MetalsGlobal.scala:112)
	at scala.meta.internal.pc.MetalsGlobal.analyzer(MetalsGlobal.scala:111)
	at scala.meta.internal.pc.MetalsGlobal.analyzer(MetalsGlobal.scala:35)
	at scala.tools.nsc.Global.<init>(Global.scala:1029)
	at scala.tools.nsc.interactive.Global.<init>(Global.scala:120)
	at scala.meta.internal.pc.MetalsGlobal.<init>(MetalsGlobal.scala:42)
	at scala.meta.internal.pc.ScalaPresentationCompiler.newCompiler(ScalaPresentationCompiler.scala:514)
	at scala.meta.internal.pc.ScalaPresentationCompiler.$anonfun$compilerAccess$1(ScalaPresentationCompiler.scala:116)
	at scala.meta.internal.pc.CompilerAccess.loadCompiler(CompilerAccess.scala:52)
	at scala.meta.internal.pc.CompilerAccess.withSharedCompiler(CompilerAccess.scala:156)
	at scala.meta.internal.pc.CompilerAccess.$anonfun$withNonInterruptableCompiler$1(CompilerAccess.scala:142)
	at scala.meta.internal.pc.CompilerAccess.$anonfun$onCompilerJobQueue$1(CompilerAccess.scala:245)
	at scala.meta.internal.pc.CompilerJobQueue$Job.run(CompilerJobQueue.scala:152)
	at java.base/java.util.concurrent.ThreadPoolExecutor.runWorker(ThreadPoolExecutor.java:1136)
	at java.base/java.util.concurrent.ThreadPoolExecutor$Worker.run(ThreadPoolExecutor.java:635)
	at java.base/java.lang.Thread.run(Thread.java:840)
Exception in thread "pool-8-thread-2" java.lang.AbstractMethodError: Receiver class scala.meta.internal.pc.MetalsGlobal$MetalsInteractiveAnalyzer does not define or inherit an implementation of the resolved method 'scala.tools.nsc.typechecker.Implicits$ImplicitInfo$ ImplicitInfo()' of interface scala.tools.nsc.typechecker.Analyzer.
	at scala.tools.nsc.typechecker.Implicits$$anon$4.<init>(Implicits.scala:337)
	at scala.tools.nsc.typechecker.Implicits.$init$(Implicits.scala:337)
	at scala.meta.internal.pc.MetalsGlobal$MetalsInteractiveAnalyzer.<init>(MetalsGlobal.scala:77)
	at scala.meta.internal.pc.MetalsGlobal.analyzer$lzycompute(MetalsGlobal.scala:112)
	at scala.meta.internal.pc.MetalsGlobal.analyzer(MetalsGlobal.scala:111)
	at scala.meta.internal.pc.MetalsGlobal.analyzer(MetalsGlobal.scala:35)
	at scala.tools.nsc.Global.<init>(Global.scala:1029)
	at scala.tools.nsc.interactive.Global.<init>(Global.scala:120)
	at scala.meta.internal.pc.MetalsGlobal.<init>(MetalsGlobal.scala:42)
	at scala.meta.internal.pc.ScalaPresentationCompiler.newCompiler(ScalaPresentationCompiler.scala:514)
	at scala.meta.internal.pc.ScalaPresentationCompiler.$anonfun$compilerAccess$1(ScalaPresentationCompiler.scala:116)
	at scala.meta.internal.pc.CompilerAccess.loadCompiler(CompilerAccess.scala:52)
	at scala.meta.internal.pc.CompilerAccess.withSharedCompiler(CompilerAccess.scala:156)
	at scala.meta.internal.pc.CompilerAccess.$anonfun$withNonInterruptableCompiler$1(CompilerAccess.scala:142)
	at scala.meta.internal.pc.CompilerAccess.$anonfun$onCompilerJobQueue$1(CompilerAccess.scala:245)
	at scala.meta.internal.pc.CompilerJobQueue$Job.run(CompilerJobQueue.scala:152)
	at java.base/java.util.concurrent.ThreadPoolExecutor.runWorker(ThreadPoolExecutor.java:1136)
	at java.base/java.util.concurrent.ThreadPoolExecutor$Worker.run(ThreadPoolExecutor.java:635)
	at java.base/java.lang.Thread.run(Thread.java:840)
2026.02.05 10:04:36 INFO  compiling ucie-old (55 scala sources)
2026.02.05 10:04:36 INFO  Non-compiled module 'compiler-bridge_2.13' for Scala 2.13.10. Compiling...
2026.02.05 10:04:41 INFO  Compilation completed in 4.273s.
2026.02.05 10:04:53 INFO  time: compiled ucie-old in 16s
2026.02.05 10:06:20 INFO  no build target found for /scratch/jfx/ucie-q2y26/scala/src/main/scala/d2dadapter/D2DAdapter.scala. Using presentation compiler with project's scala-library version: 2.13.18
2026.02.05 10:06:20 INFO  no build target found for /scratch/jfx/ucie-q2y26/scala/src/main/scala/d2dadapter/D2DAdapter.scala. Using presentation compiler with project's scala-library version: 2.13.18
2026.02.05 10:06:20 INFO  no build target found for /scratch/jfx/ucie-q2y26/scala/src/main/scala/d2dadapter/D2DAdapter.scala. Using presentation compiler with project's scala-library version: 2.13.18
2026.02.05 10:06:26 INFO  no build target found for /scratch/jfx/ucie-q2y26/scala/src/main/scala/d2dadapter/D2DAdapter.scala. Using presentation compiler with project's scala-library version: 2.13.18
2026.02.05 10:08:25 INFO  no build target found for /scratch/jfx/ucie-q2y26/scala/src/main/scala/d2dadapter/D2DAdapter.scala. Using presentation compiler with project's scala-library version: 2.13.18
2026.02.05 10:08:40 INFO  no build target found for /scratch/jfx/ucie-q2y26/scala/src/main/scala/d2dadapter/D2DAdapter.scala. Using presentation compiler with project's scala-library version: 2.13.18
2026.02.05 10:08:40 INFO  no build target found for /scratch/jfx/ucie-q2y26/scala/src/main/scala/d2dadapter/D2DAdapter.scala. Using presentation compiler with project's scala-library version: 2.13.18
2026.02.05 10:08:40 INFO  no build target found for /scratch/jfx/ucie-q2y26/scala/src/main/scala/d2dadapter/D2DAdapter.scala. Using presentation compiler with project's scala-library version: 2.13.18
2026.02.05 10:08:40 INFO  no build target found for /scratch/jfx/ucie-q2y26/scala/src/main/scala/d2dadapter/D2DAdapter.scala. Using presentation compiler with project's scala-library version: 2.13.18
2026.02.05 10:08:40 WARN  Could not find 'D2DMainbandModule' using presentation compiler nor semanticdb. Trying to guess the definition using available information from local class context. 
2026.02.05 10:08:40 INFO  empty definition using pc, found symbol in pc:  (full report at: "/scratch/jfx/ucie-q2y26/.metals/.reports/metals-full/2026-02-05/r_empty-definition_10-04-36-051.md")
Exception in thread "pool-8-thread-3" java.lang.AbstractMethodError: Receiver class scala.meta.internal.pc.MetalsGlobal$MetalsInteractiveAnalyzer does not define or inherit an implementation of the resolved method 'scala.tools.nsc.typechecker.Implicits$ImplicitInfo$ ImplicitInfo()' of interface scala.tools.nsc.typechecker.Analyzer.
	at scala.tools.nsc.typechecker.Implicits$$anon$4.<init>(Implicits.scala:337)
	at scala.tools.nsc.typechecker.Implicits.$init$(Implicits.scala:337)
	at scala.meta.internal.pc.MetalsGlobal$MetalsInteractiveAnalyzer.<init>(MetalsGlobal.scala:77)
	at scala.meta.internal.pc.MetalsGlobal.analyzer$lzycompute(MetalsGlobal.scala:112)
	at scala.meta.internal.pc.MetalsGlobal.analyzer(MetalsGlobal.scala:111)
	at scala.meta.internal.pc.MetalsGlobal.analyzer(MetalsGlobal.scala:35)
	at scala.tools.nsc.Global.<init>(Global.scala:1029)
	at scala.tools.nsc.interactive.Global.<init>(Global.scala:120)
	at scala.meta.internal.pc.MetalsGlobal.<init>(MetalsGlobal.scala:42)
	at scala.meta.internal.pc.ScalaPresentationCompiler.newCompiler(ScalaPresentationCompiler.scala:514)
	at scala.meta.internal.pc.ScalaPresentationCompiler.$anonfun$compilerAccess$1(ScalaPresentationCompiler.scala:116)
	at scala.meta.internal.pc.CompilerAccess.loadCompiler(CompilerAccess.scala:52)
	at scala.meta.internal.pc.CompilerAccess.withSharedCompiler(CompilerAccess.scala:156)
	at scala.meta.internal.pc.CompilerAccess.$anonfun$withNonInterruptableCompiler$1(CompilerAccess.scala:142)
	at scala.meta.internal.pc.CompilerAccess.$anonfun$onCompilerJobQueue$1(CompilerAccess.scala:245)
	at scala.meta.internal.pc.CompilerJobQueue$Job.run(CompilerJobQueue.scala:152)
	at java.base/java.util.concurrent.ThreadPoolExecutor.runWorker(ThreadPoolExecutor.java:1136)
	at java.base/java.util.concurrent.ThreadPoolExecutor$Worker.run(ThreadPoolExecutor.java:635)
	at java.base/java.lang.Thread.run(Thread.java:840)
Exception in thread "pool-8-thread-4" java.lang.AbstractMethodError: Receiver class scala.meta.internal.pc.MetalsGlobal$MetalsInteractiveAnalyzer does not define or inherit an implementation of the resolved method 'scala.tools.nsc.typechecker.Implicits$ImplicitInfo$ ImplicitInfo()' of interface scala.tools.nsc.typechecker.Analyzer.
	at scala.tools.nsc.typechecker.Implicits$$anon$4.<init>(Implicits.scala:337)
	at scala.tools.nsc.typechecker.Implicits.$init$(Implicits.scala:337)
	at scala.meta.internal.pc.MetalsGlobal$MetalsInteractiveAnalyzer.<init>(MetalsGlobal.scala:77)
	at scala.meta.internal.pc.MetalsGlobal.analyzer$lzycompute(MetalsGlobal.scala:112)
	at scala.meta.internal.pc.MetalsGlobal.analyzer(MetalsGlobal.scala:111)
	at scala.meta.internal.pc.MetalsGlobal.analyzer(MetalsGlobal.scala:35)
	at scala.tools.nsc.Global.<init>(Global.scala:1029)
	at scala.tools.nsc.interactive.Global.<init>(Global.scala:120)
	at scala.meta.internal.pc.MetalsGlobal.<init>(MetalsGlobal.scala:42)
	at scala.meta.internal.pc.ScalaPresentationCompiler.newCompiler(ScalaPresentationCompiler.scala:514)
	at scala.meta.internal.pc.ScalaPresentationCompiler.$anonfun$compilerAccess$1(ScalaPresentationCompiler.scala:116)
	at scala.meta.internal.pc.CompilerAccess.loadCompiler(CompilerAccess.scala:52)
	at scala.meta.internal.pc.CompilerAccess.withSharedCompiler(CompilerAccess.scala:156)
	at scala.meta.internal.pc.CompilerAccess.$anonfun$withNonInterruptableCompiler$1(CompilerAccess.scala:142)
	at scala.meta.internal.pc.CompilerAccess.$anonfun$onCompilerJobQueue$1(CompilerAccess.scala:245)
	at scala.meta.internal.pc.CompilerJobQueue$Job.run(CompilerJobQueue.scala:152)
	at java.base/java.util.concurrent.ThreadPoolExecutor.runWorker(ThreadPoolExecutor.java:1136)
	at java.base/java.util.concurrent.ThreadPoolExecutor$Worker.run(ThreadPoolExecutor.java:635)
	at java.base/java.lang.Thread.run(Thread.java:840)
2026.02.05 10:08:41 INFO  no build target found for /scratch/jfx/ucie-q2y26/scala/src/main/scala/d2dadapter/D2DAdapter.scala. Using presentation compiler with project's scala-library version: 2.13.18
2026.02.05 10:09:15 INFO  no build target found for /scratch/jfx/ucie-q2y26/scala/src/main/scala/d2dadapter/D2DAdapter.scala. Using presentation compiler with project's scala-library version: 2.13.18
2026.02.05 10:09:15 INFO  no build target found for /scratch/jfx/ucie-q2y26/scala/src/main/scala/d2dadapter/D2DAdapter.scala. Using presentation compiler with project's scala-library version: 2.13.18
2026.02.05 10:09:15 INFO  no build target found for /scratch/jfx/ucie-q2y26/scala/src/main/scala/d2dadapter/D2DAdapter.scala. Using presentation compiler with project's scala-library version: 2.13.18
2026.02.05 10:09:26 INFO  no build target found for /scratch/jfx/ucie-q2y26/scala/src/main/scala/d2dadapter/D2DAdapter.scala. Using presentation compiler with project's scala-library version: 2.13.18
2026.02.05 10:09:29 INFO  no build target found for /scratch/jfx/ucie-q2y26/scala/src/main/scala/d2dadapter/D2DAdapter.scala. Using presentation compiler with project's scala-library version: 2.13.18
2026.02.05 10:09:29 INFO  Created report: Optional[file:///scratch/jfx/ucie-q2y26/scala/src/main/scala/d2dadapter/D2DAdapter.scala]
2026.02.05 10:09:29 INFO  empty definition using pc, found symbol in pc:  (full report at: "/scratch/jfx/ucie-q2y26/.metals/.reports/metals-full/2026-02-05/r_empty-definition_10-09-29-918.md")
2026.02.05 10:09:29 INFO  no build target found for /scratch/jfx/ucie-q2y26/scala/src/main/scala/d2dadapter/D2DAdapter.scala. Using presentation compiler with project's scala-library version: 2.13.18
2026.02.05 10:09:30 INFO  no build target found for /scratch/jfx/ucie-q2y26/scala/src/main/scala/d2dadapter/D2DAdapter.scala. Using presentation compiler with project's scala-library version: 2.13.18
2026.02.05 10:09:29 INFO  no build target found for /scratch/jfx/ucie-q2y26/scala/src/main/scala/d2dadapter/D2DAdapter.scala. Using presentation compiler with project's scala-library version: 2.13.18
2026.02.05 10:09:30 INFO  no build target found for /scratch/jfx/ucie-q2y26/scala/src/main/scala/d2dadapter/D2DAdapter.scala. Using presentation compiler with project's scala-library version: 2.13.18
2026.02.05 10:09:31 INFO  no build target found for /scratch/jfx/ucie-q2y26/scala/src/main/scala/d2dadapter/D2DAdapter.scala. Using presentation compiler with project's scala-library version: 2.13.18
2026.02.05 10:09:31 INFO  no build target found for /scratch/jfx/ucie-q2y26/scala/src/main/scala/d2dadapter/D2DAdapter.scala. Using presentation compiler with project's scala-library version: 2.13.18
2026.02.05 10:09:31 INFO  empty definition using pc, found symbol in pc:  (full report at: "/scratch/jfx/ucie-q2y26/.metals/.reports/metals-full/2026-02-05/r_empty-definition_10-04-36-051.md")
2026.02.05 10:09:31 INFO  no build target found for /scratch/jfx/ucie-q2y26/scala/src/main/scala/d2dadapter/D2DAdapter.scala. Using presentation compiler with project's scala-library version: 2.13.18
2026.02.05 10:09:31 INFO  no build target found for /scratch/jfx/ucie-q2y26/scala/src/main/scala/d2dadapter/D2DAdapter.scala. Using presentation compiler with project's scala-library version: 2.13.18
2026.02.05 10:09:33 INFO  no build target found for /scratch/jfx/ucie-q2y26/scala/src/main/scala/d2dadapter/D2DAdapter.scala. Using presentation compiler with project's scala-library version: 2.13.18
2026.02.05 10:09:33 INFO  no build target found for /scratch/jfx/ucie-q2y26/scala/src/main/scala/d2dadapter/D2DAdapter.scala. Using presentation compiler with project's scala-library version: 2.13.18
2026.02.05 10:09:33 INFO  no build target found for /scratch/jfx/ucie-q2y26/scala/src/main/scala/d2dadapter/D2DAdapter.scala. Using presentation compiler with project's scala-library version: 2.13.18
2026.02.05 10:09:33 INFO  no build target found for /scratch/jfx/ucie-q2y26/scala/src/main/scala/d2dadapter/D2DAdapter.scala. Using presentation compiler with project's scala-library version: 2.13.18
2026.02.05 10:09:33 INFO  no build target found for /scratch/jfx/ucie-q2y26/scala/src/main/scala/d2dadapter/D2DAdapter.scala. Using presentation compiler with project's scala-library version: 2.13.18
2026.02.05 10:09:33 INFO  no build target found for /scratch/jfx/ucie-q2y26/scala/src/main/scala/d2dadapter/D2DAdapter.scala. Using presentation compiler with project's scala-library version: 2.13.18
2026.02.05 10:09:33 INFO  no build target found for /scratch/jfx/ucie-q2y26/scala/src/main/scala/d2dadapter/D2DAdapter.scala. Using presentation compiler with project's scala-library version: 2.13.18
2026.02.05 10:09:33 INFO  no build target found for /scratch/jfx/ucie-q2y26/scala/src/main/scala/d2dadapter/D2DAdapter.scala. Using presentation compiler with project's scala-library version: 2.13.18
2026.02.05 10:09:33 INFO  no build target found for /scratch/jfx/ucie-q2y26/scala/src/main/scala/d2dadapter/D2DAdapter.scala. Using presentation compiler with project's scala-library version: 2.13.18
2026.02.05 10:09:33 INFO  no build target found for /scratch/jfx/ucie-q2y26/scala/src/main/scala/d2dadapter/D2DAdapter.scala. Using presentation compiler with project's scala-library version: 2.13.18
2026.02.05 10:09:34 INFO  no build target found for /scratch/jfx/ucie-q2y26/scala/src/main/scala/d2dadapter/D2DAdapter.scala. Using presentation compiler with project's scala-library version: 2.13.18
2026.02.05 10:09:33 INFO  Created report: Optional[file:///scratch/jfx/ucie-q2y26/scala/src/main/scala/d2dadapter/D2DAdapter.scala]
2026.02.05 10:09:33 INFO  empty definition using pc, found symbol in pc:  (full report at: "/scratch/jfx/ucie-q2y26/.metals/.reports/metals-full/2026-02-05/r_empty-definition_10-09-34-571.md")
2026.02.05 10:09:33 INFO  no build target found for /scratch/jfx/ucie-q2y26/scala/src/main/scala/d2dadapter/D2DAdapter.scala. Using presentation compiler with project's scala-library version: 2.13.18
2026.02.05 10:09:33 INFO  no build target found for /scratch/jfx/ucie-q2y26/scala/src/main/scala/d2dadapter/D2DAdapter.scala. Using presentation compiler with project's scala-library version: 2.13.18
2026.02.05 10:09:35 INFO  no build target found for /scratch/jfx/ucie-q2y26/scala/src/main/scala/d2dadapter/D2DAdapter.scala. Using presentation compiler with project's scala-library version: 2.13.18
2026.02.05 10:09:35 INFO  no build target found for /scratch/jfx/ucie-q2y26/scala/src/main/scala/d2dadapter/D2DAdapter.scala. Using presentation compiler with project's scala-library version: 2.13.18
2026.02.05 10:09:35 INFO  no build target found for /scratch/jfx/ucie-q2y26/scala/src/main/scala/d2dadapter/D2DAdapter.scala. Using presentation compiler with project's scala-library version: 2.13.18
2026.02.05 10:09:35 INFO  no build target found for /scratch/jfx/ucie-q2y26/scala/src/main/scala/d2dadapter/D2DAdapter.scala. Using presentation compiler with project's scala-library version: 2.13.18
2026.02.05 10:09:35 INFO  no build target found for /scratch/jfx/ucie-q2y26/scala/src/main/scala/d2dadapter/D2DAdapter.scala. Using presentation compiler with project's scala-library version: 2.13.18
2026.02.05 10:09:36 INFO  no build target found for /scratch/jfx/ucie-q2y26/scala/src/main/scala/d2dadapter/D2DAdapter.scala. Using presentation compiler with project's scala-library version: 2.13.18
2026.02.05 10:09:36 INFO  no build target found for /scratch/jfx/ucie-q2y26/scala/src/main/scala/d2dadapter/D2DAdapter.scala. Using presentation compiler with project's scala-library version: 2.13.18
2026.02.05 10:09:36 INFO  empty definition using pc, found symbol in pc:  (full report at: "/scratch/jfx/ucie-q2y26/.metals/.reports/metals-full/2026-02-05/r_empty-definition_10-09-29-918.md")
2026.02.05 10:09:36 INFO  no build target found for /scratch/jfx/ucie-q2y26/scala/src/main/scala/d2dadapter/D2DAdapter.scala. Using presentation compiler with project's scala-library version: 2.13.18
2026.02.05 10:09:36 INFO  no build target found for /scratch/jfx/ucie-q2y26/scala/src/main/scala/d2dadapter/D2DAdapter.scala. Using presentation compiler with project's scala-library version: 2.13.18
2026.02.05 10:09:36 INFO  no build target found for /scratch/jfx/ucie-q2y26/scala/src/main/scala/d2dadapter/D2DAdapter.scala. Using presentation compiler with project's scala-library version: 2.13.18
2026.02.05 10:09:36 INFO  no build target found for /scratch/jfx/ucie-q2y26/scala/src/main/scala/d2dadapter/D2DAdapter.scala. Using presentation compiler with project's scala-library version: 2.13.18
2026.02.05 10:09:36 INFO  no build target found for /scratch/jfx/ucie-q2y26/scala/src/main/scala/d2dadapter/D2DAdapter.scala. Using presentation compiler with project's scala-library version: 2.13.18
2026.02.05 10:09:37 INFO  no build target found for /scratch/jfx/ucie-q2y26/scala/src/main/scala/d2dadapter/D2DAdapter.scala. Using presentation compiler with project's scala-library version: 2.13.18
2026.02.05 10:09:37 INFO  no build target found for /scratch/jfx/ucie-q2y26/scala/src/main/scala/d2dadapter/D2DAdapter.scala. Using presentation compiler with project's scala-library version: 2.13.18
2026.02.05 10:09:37 INFO  Created report: Optional[file:///scratch/jfx/ucie-q2y26/scala/src/main/scala/d2dadapter/D2DAdapter.scala]
2026.02.05 10:09:37 INFO  empty definition using pc, found symbol in pc:  (full report at: "/scratch/jfx/ucie-q2y26/.metals/.reports/metals-full/2026-02-05/r_empty-definition_10-09-37-620.md")
2026.02.05 10:09:37 INFO  no build target found for /scratch/jfx/ucie-q2y26/scala/src/main/scala/d2dadapter/D2DAdapter.scala. Using presentation compiler with project's scala-library version: 2.13.18
2026.02.05 10:09:37 INFO  no build target found for /scratch/jfx/ucie-q2y26/scala/src/main/scala/d2dadapter/D2DAdapter.scala. Using presentation compiler with project's scala-library version: 2.13.18
2026.02.05 10:09:37 INFO  no build target found for /scratch/jfx/ucie-q2y26/scala/src/main/scala/d2dadapter/D2DAdapter.scala. Using presentation compiler with project's scala-library version: 2.13.18
2026.02.05 10:09:37 INFO  empty definition using pc, found symbol in pc:  (full report at: "/scratch/jfx/ucie-q2y26/.metals/.reports/metals-full/2026-02-05/r_empty-definition_10-09-29-918.md")
2026.02.05 10:09:37 INFO  no build target found for /scratch/jfx/ucie-q2y26/scala/src/main/scala/d2dadapter/D2DAdapter.scala. Using presentation compiler with project's scala-library version: 2.13.18
2026.02.05 10:09:37 INFO  no build target found for /scratch/jfx/ucie-q2y26/scala/src/main/scala/d2dadapter/D2DAdapter.scala. Using presentation compiler with project's scala-library version: 2.13.18
2026.02.05 10:09:37 INFO  no build target found for /scratch/jfx/ucie-q2y26/scala/src/main/scala/d2dadapter/D2DAdapter.scala. Using presentation compiler with project's scala-library version: 2.13.18
2026.02.05 10:09:38 INFO  empty definition using pc, found symbol in pc:  (full report at: "/scratch/jfx/ucie-q2y26/.metals/.reports/metals-full/2026-02-05/r_empty-definition_10-09-29-918.md")
2026.02.05 10:09:38 INFO  no build target found for /scratch/jfx/ucie-q2y26/scala/src/main/scala/d2dadapter/D2DAdapter.scala. Using presentation compiler with project's scala-library version: 2.13.18
2026.02.05 10:09:38 INFO  no build target found for /scratch/jfx/ucie-q2y26/scala/src/main/scala/d2dadapter/D2DAdapter.scala. Using presentation compiler with project's scala-library version: 2.13.18
2026.02.05 10:09:38 INFO  no build target found for /scratch/jfx/ucie-q2y26/scala/src/main/scala/d2dadapter/D2DAdapter.scala. Using presentation compiler with project's scala-library version: 2.13.18
2026.02.05 10:09:38 INFO  empty definition using pc, found symbol in pc:  (full report at: "/scratch/jfx/ucie-q2y26/.metals/.reports/metals-full/2026-02-05/r_empty-definition_10-09-29-918.md")
2026.02.05 10:09:38 INFO  no build target found for /scratch/jfx/ucie-q2y26/scala/src/main/scala/d2dadapter/D2DAdapter.scala. Using presentation compiler with project's scala-library version: 2.13.18
2026.02.05 10:09:39 INFO  no build target found for /scratch/jfx/ucie-q2y26/scala/src/main/scala/d2dadapter/D2DAdapter.scala. Using presentation compiler with project's scala-library version: 2.13.18
2026.02.05 10:09:39 INFO  empty definition using pc, found symbol in pc:  (full report at: "/scratch/jfx/ucie-q2y26/.metals/.reports/metals-full/2026-02-05/r_empty-definition_10-09-37-620.md")
2026.02.05 10:09:40 INFO  no build target found for /scratch/jfx/ucie-q2y26/scala/src/main/scala/d2dadapter/D2DAdapter.scala. Using presentation compiler with project's scala-library version: 2.13.18
2026.02.05 10:09:42 INFO  running '/usr/bin/sbt -Dbloop.export-jar-classifiers=sources bloopInstall'
2026.02.05 10:09:43 INFO  [info] welcome to sbt 1.9.9 (Red Hat, Inc. Java 17.0.17)
2026.02.05 10:09:43 INFO  [info] loading settings for project ucie-old-build-build-build from metals.sbt ...
2026.02.05 10:09:43 INFO  [info] loading project definition from /scratch/jfx/ucie-q2y26/ucie-old/project/project/project
2026.02.05 10:09:44 INFO  no build target found for /scratch/jfx/ucie-q2y26/scala/src/main/scala/d2dadapter/D2DAdapter.scala. Using presentation compiler with project's scala-library version: 2.13.18
2026.02.05 10:09:45 INFO  [info] loading settings for project ucie-old-build-build from metals.sbt ...
2026.02.05 10:09:45 INFO  [info] loading project definition from /scratch/jfx/ucie-q2y26/ucie-old/project/project
2026.02.05 10:09:46 INFO  [success] Generated .bloop/ucie-old-build-build.json
2026.02.05 10:09:46 INFO  [success] Total time: 1 s, completed Feb 5, 2026, 10:09:46 AM
2026.02.05 10:09:46 INFO  [info] loading settings for project ucie-old-build from metals.sbt,plugins.sbt ...
2026.02.05 10:09:46 INFO  [info] loading project definition from /scratch/jfx/ucie-q2y26/ucie-old/project
2026.02.05 10:09:46 INFO  [success] Generated .bloop/ucie-old-build.json
2026.02.05 10:09:46 INFO  [success] Total time: 0 s, completed Feb 5, 2026, 10:09:46 AM
2026.02.05 10:09:46 INFO  [info] loading settings for project ucie-old from build.sbt ...
2026.02.05 10:09:46 INFO  [info] set current project to ucie_digital (in build file:/scratch/jfx/ucie-q2y26/ucie-old/)
2026.02.05 10:09:47 INFO  [success] Generated .bloop/ucie-old.json
2026.02.05 10:09:47 INFO  [success] Generated .bloop/ucie-old-test.json
2026.02.05 10:09:47 INFO  [success] Total time: 0 s, completed Feb 5, 2026, 10:09:47 AM
2026.02.05 10:09:47 INFO  no build target found for /scratch/jfx/ucie-q2y26/scala/build.sbt. Using presentation compiler with project's scala-library version: 2.13.18
2026.02.05 10:09:47 INFO  no build target found for /scratch/jfx/ucie-q2y26/scala/build.sbt. Using presentation compiler with project's scala-library version: 2.13.18
2026.02.05 10:09:47 WARN  no build target for: /scratch/jfx/ucie-q2y26/scala/build.sbt
2026.02.05 10:09:47 INFO  time: ran 'sbt bloopInstall' in 5.55s
2026.02.05 10:09:47 INFO  Disconnecting from Bloop session...
2026.02.05 10:09:47 INFO  Shut down connection with build server.
2026.02.05 10:09:47 INFO  Attempting to connect to the build server...
2026.02.05 10:09:47 INFO  Found a Bloop server running
2026.02.05 10:09:47 INFO  tracing is disabled for protocol BSP, to enable tracing of incoming and outgoing JSON messages create an empty file at /scratch/jfx/ucie-q2y26/.metals/bsp.trace.json or /users/yf328/.cache/metals/bsp.trace.json
2026.02.05 10:09:47 INFO  time: Connected to build server in 0.12s
2026.02.05 10:09:47 INFO  Connected to Build server: Bloop v2.0.17
2026.02.05 10:09:47 INFO  no build target found for /scratch/jfx/ucie-q2y26/scala/build.sbt. Using presentation compiler with project's scala-library version: 2.13.18
2026.02.05 10:09:49 WARN  Could not find java sources in /usr/lib/jvm/src.zip, /usr/lib/jvm/lib/src.zip, /usr/lib/jvm/java-17-openjdk-17.0.17.0.10-1.el9.x86_64/src.zip, /usr/lib/jvm/java-17-openjdk-17.0.17.0.10-1.el9.x86_64/lib/src.zip. Java symbols will not be available.
2026.02.05 10:09:49 INFO  time: indexed workspace in 1.26s
2026.02.05 10:09:49 WARN  no build target for: /scratch/jfx/ucie-q2y26/scala/build.sbt
2026.02.05 10:09:49 WARN  no build target for: /scratch/jfx/ucie-q2y26/scala/src/main/scala/d2dadapter/D2DAdapter.scala
2026.02.05 10:09:49 INFO  no build target found for /scratch/jfx/ucie-q2y26/scala/build.sbt. Using presentation compiler with project's scala-library version: 2.13.18
2026.02.05 10:09:49 INFO  no build target found for /scratch/jfx/ucie-q2y26/scala/build.sbt. Using presentation compiler with project's scala-library version: 2.13.18
2026.02.05 10:09:50 INFO  no build target found for /scratch/jfx/ucie-q2y26/scala/build.sbt. Using presentation compiler with project's scala-library version: 2.13.18
2026.02.05 10:09:52 INFO  no build target found for /scratch/jfx/ucie-q2y26/scala/build.sbt. Using presentation compiler with project's scala-library version: 2.13.18
2026.02.05 10:09:52 INFO  no build target found for /scratch/jfx/ucie-q2y26/scala/build.sbt. Using presentation compiler with project's scala-library version: 2.13.18
2026.02.05 10:09:54 INFO  no build target found for /scratch/jfx/ucie-q2y26/scala/build.sbt. Using presentation compiler with project's scala-library version: 2.13.18
2026.02.05 10:09:56 INFO  no build target found for /scratch/jfx/ucie-q2y26/scala/build.sbt. Using presentation compiler with project's scala-library version: 2.13.18
2026.02.05 10:09:56 INFO  no build target found for /scratch/jfx/ucie-q2y26/scala/build.sbt. Using presentation compiler with project's scala-library version: 2.13.18
2026.02.05 10:09:56 INFO  no build target found for /scratch/jfx/ucie-q2y26/scala/src/main/scala/d2dadapter/D2DAdapter.scala. Using presentation compiler with project's scala-library version: 2.13.18
2026.02.05 10:09:57 WARN  no build target for: /scratch/jfx/ucie-q2y26/scala/src/main/scala/d2dadapter/D2DAdapter.scala
2026.02.05 10:09:58 INFO  no build target found for /scratch/jfx/ucie-q2y26/scala/src/main/scala/d2dadapter/D2DAdapter.scala. Using presentation compiler with project's scala-library version: 2.13.18
2026.02.05 10:09:58 INFO  no build target found for /scratch/jfx/ucie-q2y26/scala/src/main/scala/d2dadapter/D2DAdapter.scala. Using presentation compiler with project's scala-library version: 2.13.18
2026.02.05 10:10:01 INFO  no build target found for /scratch/jfx/ucie-q2y26/scala/src/main/scala/d2dadapter/D2DAdapter.scala. Using presentation compiler with project's scala-library version: 2.13.18
2026.02.05 10:10:02 INFO  no build target found for /scratch/jfx/ucie-q2y26/scala/src/main/scala/d2dadapter/D2DAdapter.scala. Using presentation compiler with project's scala-library version: 2.13.18
2026.02.05 10:10:02 INFO  no build target found for /scratch/jfx/ucie-q2y26/scala/src/main/scala/d2dadapter/D2DAdapter.scala. Using presentation compiler with project's scala-library version: 2.13.18
2026.02.05 10:10:02 INFO  no build target found for /scratch/jfx/ucie-q2y26/scala/src/main/scala/d2dadapter/D2DAdapter.scala. Using presentation compiler with project's scala-library version: 2.13.18
2026.02.05 10:10:02 INFO  no build target found for /scratch/jfx/ucie-q2y26/scala/src/main/scala/d2dadapter/D2DAdapter.scala. Using presentation compiler with project's scala-library version: 2.13.18
2026.02.05 10:10:02 INFO  empty definition using pc, found symbol in pc:  (full report at: "/scratch/jfx/ucie-q2y26/.metals/.reports/metals-full/2026-02-05/r_empty-definition_10-09-29-918.md")
2026.02.05 10:10:03 INFO  no build target found for /scratch/jfx/ucie-q2y26/scala/src/main/scala/d2dadapter/D2DAdapter.scala. Using presentation compiler with project's scala-library version: 2.13.18
2026.02.05 10:10:02 INFO  no build target found for /scratch/jfx/ucie-q2y26/scala/src/main/scala/d2dadapter/D2DAdapter.scala. Using presentation compiler with project's scala-library version: 2.13.18
2026.02.05 10:10:02 INFO  empty definition using pc, found symbol in pc:  (full report at: "/scratch/jfx/ucie-q2y26/.metals/.reports/metals-full/2026-02-05/r_empty-definition_10-09-29-918.md")
2026.02.05 10:10:03 INFO  no build target found for /scratch/jfx/ucie-q2y26/scala/src/main/scala/d2dadapter/D2DAdapter.scala. Using presentation compiler with project's scala-library version: 2.13.18
2026.02.05 10:10:03 INFO  no build target found for /scratch/jfx/ucie-q2y26/scala/src/main/scala/d2dadapter/D2DAdapter.scala. Using presentation compiler with project's scala-library version: 2.13.18
2026.02.05 10:10:03 INFO  empty definition using pc, found symbol in pc:  (full report at: "/scratch/jfx/ucie-q2y26/.metals/.reports/metals-full/2026-02-05/r_empty-definition_10-09-37-620.md")
2026.02.05 10:10:03 INFO  no build target found for /scratch/jfx/ucie-q2y26/scala/src/main/scala/d2dadapter/D2DAdapter.scala. Using presentation compiler with project's scala-library version: 2.13.18
2026.02.05 10:10:03 INFO  no build target found for /scratch/jfx/ucie-q2y26/scala/src/main/scala/d2dadapter/D2DAdapter.scala. Using presentation compiler with project's scala-library version: 2.13.18
2026.02.05 10:10:04 INFO  no build target found for /scratch/jfx/ucie-q2y26/scala/src/main/scala/d2dadapter/D2DAdapter.scala. Using presentation compiler with project's scala-library version: 2.13.18
2026.02.05 10:10:04 INFO  no build target found for /scratch/jfx/ucie-q2y26/scala/src/main/scala/d2dadapter/D2DAdapter.scala. Using presentation compiler with project's scala-library version: 2.13.18
2026.02.05 10:10:04 INFO  no build target found for /scratch/jfx/ucie-q2y26/scala/src/main/scala/d2dadapter/D2DAdapter.scala. Using presentation compiler with project's scala-library version: 2.13.18
2026.02.05 10:10:03 INFO  no build target found for /scratch/jfx/ucie-q2y26/scala/src/main/scala/d2dadapter/D2DAdapter.scala. Using presentation compiler with project's scala-library version: 2.13.18
2026.02.05 10:10:04 INFO  empty definition using pc, found symbol in pc:  (full report at: "/scratch/jfx/ucie-q2y26/.metals/.reports/metals-full/2026-02-05/r_empty-definition_10-04-36-051.md")
2026.02.05 10:10:04 INFO  no build target found for /scratch/jfx/ucie-q2y26/scala/src/main/scala/d2dadapter/D2DAdapter.scala. Using presentation compiler with project's scala-library version: 2.13.18
2026.02.05 10:10:04 INFO  no build target found for /scratch/jfx/ucie-q2y26/scala/src/main/scala/d2dadapter/D2DAdapter.scala. Using presentation compiler with project's scala-library version: 2.13.18
2026.02.05 10:10:04 INFO  no build target found for /scratch/jfx/ucie-q2y26/scala/src/main/scala/d2dadapter/D2DAdapter.scala. Using presentation compiler with project's scala-library version: 2.13.18
2026.02.05 10:10:08 INFO  no build target found for /scratch/jfx/ucie-q2y26/scala/src/main/scala/d2dadapter/D2DAdapter.scala. Using presentation compiler with project's scala-library version: 2.13.18
2026.02.05 10:10:14 INFO  no build target found for /scratch/jfx/ucie-q2y26/scala/src/main/scala/d2dadapter/D2DAdapter.scala. Using presentation compiler with project's scala-library version: 2.13.18
2026.02.05 10:10:14 INFO  no build target found for /scratch/jfx/ucie-q2y26/scala/src/main/scala/d2dadapter/D2DAdapter.scala. Using presentation compiler with project's scala-library version: 2.13.18
2026.02.05 10:10:14 WARN  no build target for: /scratch/jfx/ucie-q2y26/scala/src/main/scala/d2dadapter/D2DAdapter.scala
2026.02.05 10:10:14 INFO  no build target found for /scratch/jfx/ucie-q2y26/scala/src/main/scala/d2dadapter/D2DAdapter.scala. Using presentation compiler with project's scala-library version: 2.13.18
2026.02.05 10:10:14 INFO  no build target found for /scratch/jfx/ucie-q2y26/scala/src/main/scala/d2dadapter/D2DAdapter.scala. Using presentation compiler with project's scala-library version: 2.13.18
2026.02.05 10:10:20 INFO  no build target found for /scratch/jfx/ucie-q2y26/scala/src/main/scala/d2dadapter/D2DAdapter.scala. Using presentation compiler with project's scala-library version: 2.13.18
2026.02.05 10:10:20 INFO  no build target found for /scratch/jfx/ucie-q2y26/scala/src/main/scala/d2dadapter/D2DAdapter.scala. Using presentation compiler with project's scala-library version: 2.13.18
2026.02.05 10:10:20 INFO  no build target found for /scratch/jfx/ucie-q2y26/scala/src/main/scala/d2dadapter/D2DAdapter.scala. Using presentation compiler with project's scala-library version: 2.13.18
2026.02.05 10:10:24 INFO  no build target found for /scratch/jfx/ucie-q2y26/scala/src/main/scala/d2dadapter/D2DAdapter.scala. Using presentation compiler with project's scala-library version: 2.13.18
2026.02.05 10:10:25 INFO  no build target found for /scratch/jfx/ucie-q2y26/scala/src/main/scala/d2dadapter/D2DAdapterConstants.scala. Using presentation compiler with project's scala-library version: 2.13.18
2026.02.05 10:10:25 INFO  no build target found for /scratch/jfx/ucie-q2y26/scala/src/main/scala/d2dadapter/D2DAdapterConstants.scala. Using presentation compiler with project's scala-library version: 2.13.18
2026.02.05 10:10:25 WARN  no build target for: /scratch/jfx/ucie-q2y26/scala/src/main/scala/d2dadapter/D2DAdapterConstants.scala
2026.02.05 10:10:27 INFO  no build target found for /scratch/jfx/ucie-q2y26/scala/src/main/scala/d2dadapter/D2DAdapterConstants.scala. Using presentation compiler with project's scala-library version: 2.13.18
2026.02.05 10:10:27 INFO  no build target found for /scratch/jfx/ucie-q2y26/scala/src/main/scala/d2dadapter/D2DAdapter.scala. Using presentation compiler with project's scala-library version: 2.13.18
2026.02.05 10:10:27 WARN  no build target for: /scratch/jfx/ucie-q2y26/scala/src/main/scala/d2dadapter/D2DAdapter.scala
2026.02.05 10:10:27 INFO  no build target found for /scratch/jfx/ucie-q2y26/scala/src/main/scala/d2dadapter/D2DAdapter.scala. Using presentation compiler with project's scala-library version: 2.13.18
2026.02.05 10:10:29 INFO  no build target found for /scratch/jfx/ucie-q2y26/scala/src/main/scala/d2dadapter/D2DAdapter.scala. Using presentation compiler with project's scala-library version: 2.13.18
2026.02.05 10:10:40 INFO  no build target found for /scratch/jfx/ucie-q2y26/scala/src/main/scala/d2dadapter/D2DAdapter.scala. Using presentation compiler with project's scala-library version: 2.13.18
2026.02.05 10:10:40 INFO  no build target found for /scratch/jfx/ucie-q2y26/scala/src/main/scala/d2dadapter/D2DAdapter.scala. Using presentation compiler with project's scala-library version: 2.13.18
2026.02.05 10:10:43 INFO  no build target found for /scratch/jfx/ucie-q2y26/scala/src/main/scala/d2dadapter/D2DAdapter.scala. Using presentation compiler with project's scala-library version: 2.13.18
2026.02.05 10:10:45 INFO  no build target found for /scratch/jfx/ucie-q2y26/scala/src/main/scala/d2dadapter/D2DAdapter.scala. Using presentation compiler with project's scala-library version: 2.13.18
2026.02.05 10:10:45 INFO  no build target found for /scratch/jfx/ucie-q2y26/scala/src/main/scala/d2dadapter/D2DAdapter.scala. Using presentation compiler with project's scala-library version: 2.13.18
2026.02.05 10:10:45 INFO  empty definition using pc, found symbol in pc:  (full report at: "/scratch/jfx/ucie-q2y26/.metals/.reports/metals-full/2026-02-05/r_empty-definition_10-04-36-051.md")
2026.02.05 10:10:45 INFO  no build target found for /scratch/jfx/ucie-q2y26/scala/src/main/scala/d2dadapter/D2DAdapter.scala. Using presentation compiler with project's scala-library version: 2.13.18
2026.02.05 10:10:45 INFO  no build target found for /scratch/jfx/ucie-q2y26/scala/src/main/scala/d2dadapter/D2DAdapter.scala. Using presentation compiler with project's scala-library version: 2.13.18
2026.02.05 10:10:45 INFO  no build target found for /scratch/jfx/ucie-q2y26/scala/src/main/scala/d2dadapter/D2DAdapter.scala. Using presentation compiler with project's scala-library version: 2.13.18
2026.02.05 10:10:45 INFO  empty definition using pc, found symbol in pc:  (full report at: "/scratch/jfx/ucie-q2y26/.metals/.reports/metals-full/2026-02-05/r_empty-definition_10-04-36-051.md")
2026.02.05 10:10:45 INFO  no build target found for /scratch/jfx/ucie-q2y26/scala/src/main/scala/d2dadapter/D2DAdapter.scala. Using presentation compiler with project's scala-library version: 2.13.18
2026.02.05 10:10:46 INFO  no build target found for /scratch/jfx/ucie-q2y26/scala/src/main/scala/d2dadapter/D2DAdapter.scala. Using presentation compiler with project's scala-library version: 2.13.18
2026.02.05 10:10:45 INFO  no build target found for /scratch/jfx/ucie-q2y26/scala/src/main/scala/d2dadapter/D2DAdapter.scala. Using presentation compiler with project's scala-library version: 2.13.18
2026.02.05 10:10:46 INFO  no build target found for /scratch/jfx/ucie-q2y26/scala/src/main/scala/d2dadapter/D2DAdapter.scala. Using presentation compiler with project's scala-library version: 2.13.18
2026.02.05 10:10:46 INFO  empty definition using pc, found symbol in pc:  (full report at: "/scratch/jfx/ucie-q2y26/.metals/.reports/metals-full/2026-02-05/r_empty-definition_10-04-36-051.md")
2026.02.05 10:10:46 INFO  no build target found for /scratch/jfx/ucie-q2y26/scala/src/main/scala/d2dadapter/D2DAdapter.scala. Using presentation compiler with project's scala-library version: 2.13.18
2026.02.05 10:10:46 INFO  no build target found for /scratch/jfx/ucie-q2y26/scala/src/main/scala/d2dadapter/D2DAdapter.scala. Using presentation compiler with project's scala-library version: 2.13.18
2026.02.05 10:10:46 INFO  no build target found for /scratch/jfx/ucie-q2y26/scala/src/main/scala/d2dadapter/D2DAdapter.scala. Using presentation compiler with project's scala-library version: 2.13.18
2026.02.05 10:10:46 INFO  no build target found for /scratch/jfx/ucie-q2y26/scala/src/main/scala/d2dadapter/D2DAdapter.scala. Using presentation compiler with project's scala-library version: 2.13.18
Exception in thread "pool-10-thread-1" java.lang.InterruptedException
	at scala.meta.internal.metals.FutureCancelToken.checkCanceled(FutureCancelToken.scala:29)
	at scala.meta.internal.pc.CompilerAccess.$anonfun$onCompilerJobQueue$1(CompilerAccess.scala:207)
	at scala.meta.internal.pc.CompilerJobQueue$Job.run(CompilerJobQueue.scala:152)
	at java.base/java.util.concurrent.ThreadPoolExecutor.runWorker(ThreadPoolExecutor.java:1136)
	at java.base/java.util.concurrent.ThreadPoolExecutor$Worker.run(ThreadPoolExecutor.java:635)
	at java.base/java.lang.Thread.run(Thread.java:840)
2026.02.05 10:10:46 INFO  no build target found for /scratch/jfx/ucie-q2y26/scala/src/main/scala/d2dadapter/D2DAdapter.scala. Using presentation compiler with project's scala-library version: 2.13.18
2026.02.05 10:10:46 WARN  Could not find 'Flipped' using presentation compiler nor semanticdb. Trying to guess the definition using available information from local class context. 
2026.02.05 10:10:46 INFO  Created report: Optional[file:///scratch/jfx/ucie-q2y26/scala/src/main/scala/d2dadapter/D2DAdapter.scala]
2026.02.05 10:10:46 INFO  empty definition using pc, found symbol in pc:  (full report at: "/scratch/jfx/ucie-q2y26/.metals/.reports/metals-full/2026-02-05/r_empty-definition_10-10-47-053.md")
2026.02.05 10:10:51 INFO  no build target found for /scratch/jfx/ucie-q2y26/scala/src/main/scala/d2dadapter/D2DAdapter.scala. Using presentation compiler with project's scala-library version: 2.13.18
2026.02.05 10:10:51 INFO  no build target found for /scratch/jfx/ucie-q2y26/scala/src/main/scala/d2dadapter/D2DAdapter.scala. Using presentation compiler with project's scala-library version: 2.13.18
2026.02.05 10:10:51 INFO  no build target found for /scratch/jfx/ucie-q2y26/scala/src/main/scala/d2dadapter/D2DAdapter.scala. Using presentation compiler with project's scala-library version: 2.13.18
2026.02.05 10:10:51 INFO  no build target found for /scratch/jfx/ucie-q2y26/scala/src/main/scala/d2dadapter/D2DAdapter.scala. Using presentation compiler with project's scala-library version: 2.13.18
2026.02.05 10:10:51 INFO  no build target found for /scratch/jfx/ucie-q2y26/scala/src/main/scala/d2dadapter/D2DAdapter.scala. Using presentation compiler with project's scala-library version: 2.13.18
2026.02.05 10:10:58 INFO  no build target found for /scratch/jfx/ucie-q2y26/scala/src/main/scala/d2dadapter/D2DAdapter.scala. Using presentation compiler with project's scala-library version: 2.13.18
2026.02.05 10:10:58 INFO  no build target found for /scratch/jfx/ucie-q2y26/scala/src/main/scala/d2dadapter/D2DAdapter.scala. Using presentation compiler with project's scala-library version: 2.13.18
2026.02.05 10:11:01 INFO  no build target found for /scratch/jfx/ucie-q2y26/scala/src/main/scala/d2dadapter/D2DAdapter.scala. Using presentation compiler with project's scala-library version: 2.13.18
2026.02.05 10:11:01 INFO  no build target found for /scratch/jfx/ucie-q2y26/scala/src/main/scala/d2dadapter/D2DAdapter.scala. Using presentation compiler with project's scala-library version: 2.13.18
2026.02.05 10:11:01 INFO  no build target found for /scratch/jfx/ucie-q2y26/scala/src/main/scala/d2dadapter/D2DAdapter.scala. Using presentation compiler with project's scala-library version: 2.13.18
2026.02.05 10:11:02 INFO  no build target found for /scratch/jfx/ucie-q2y26/scala/src/main/scala/d2dadapter/D2DAdapter.scala. Using presentation compiler with project's scala-library version: 2.13.18
2026.02.05 10:11:02 INFO  no build target found for /scratch/jfx/ucie-q2y26/scala/src/main/scala/d2dadapter/D2DAdapter.scala. Using presentation compiler with project's scala-library version: 2.13.18
2026.02.05 10:11:02 INFO  no build target found for /scratch/jfx/ucie-q2y26/scala/src/main/scala/d2dadapter/D2DAdapter.scala. Using presentation compiler with project's scala-library version: 2.13.18
2026.02.05 10:11:02 INFO  no build target found for /scratch/jfx/ucie-q2y26/scala/src/main/scala/d2dadapter/D2DAdapter.scala. Using presentation compiler with project's scala-library version: 2.13.18
2026.02.05 10:11:02 INFO  no build target found for /scratch/jfx/ucie-q2y26/scala/src/main/scala/d2dadapter/D2DAdapter.scala. Using presentation compiler with project's scala-library version: 2.13.18
2026.02.05 10:11:03 INFO  no build target found for /scratch/jfx/ucie-q2y26/scala/src/main/scala/d2dadapter/D2DAdapter.scala. Using presentation compiler with project's scala-library version: 2.13.18
2026.02.05 10:11:03 INFO  no build target found for /scratch/jfx/ucie-q2y26/scala/src/main/scala/d2dadapter/D2DAdapter.scala. Using presentation compiler with project's scala-library version: 2.13.18
2026.02.05 10:11:03 INFO  no build target found for /scratch/jfx/ucie-q2y26/scala/src/main/scala/d2dadapter/D2DAdapter.scala. Using presentation compiler with project's scala-library version: 2.13.18
2026.02.05 10:11:03 INFO  no build target found for /scratch/jfx/ucie-q2y26/scala/src/main/scala/d2dadapter/D2DAdapter.scala. Using presentation compiler with project's scala-library version: 2.13.18
2026.02.05 10:11:03 INFO  no build target found for /scratch/jfx/ucie-q2y26/scala/src/main/scala/d2dadapter/D2DAdapter.scala. Using presentation compiler with project's scala-library version: 2.13.18
2026.02.05 10:11:04 INFO  no build target found for /scratch/jfx/ucie-q2y26/scala/src/main/scala/d2dadapter/D2DAdapter.scala. Using presentation compiler with project's scala-library version: 2.13.18
2026.02.05 10:11:04 INFO  no build target found for /scratch/jfx/ucie-q2y26/scala/src/main/scala/d2dadapter/D2DAdapter.scala. Using presentation compiler with project's scala-library version: 2.13.18
2026.02.05 10:11:11 INFO  no build target found for /scratch/jfx/ucie-q2y26/scala/src/main/scala/d2dadapter/D2DAdapter.scala. Using presentation compiler with project's scala-library version: 2.13.18
2026.02.05 10:11:11 INFO  no build target found for /scratch/jfx/ucie-q2y26/scala/src/main/scala/d2dadapter/D2DAdapter.scala. Using presentation compiler with project's scala-library version: 2.13.18
2026.02.05 10:11:11 INFO  no build target found for /scratch/jfx/ucie-q2y26/scala/src/main/scala/d2dadapter/D2DAdapter.scala. Using presentation compiler with project's scala-library version: 2.13.18
2026.02.05 10:11:11 INFO  no build target found for /scratch/jfx/ucie-q2y26/scala/src/main/scala/d2dadapter/D2DAdapter.scala. Using presentation compiler with project's scala-library version: 2.13.18
2026.02.05 10:11:11 INFO  no build target found for /scratch/jfx/ucie-q2y26/scala/src/main/scala/d2dadapter/D2DAdapter.scala. Using presentation compiler with project's scala-library version: 2.13.18
2026.02.05 10:11:11 INFO  no build target found for /scratch/jfx/ucie-q2y26/scala/src/main/scala/d2dadapter/D2DAdapter.scala. Using presentation compiler with project's scala-library version: 2.13.18
2026.02.05 10:11:12 INFO  no build target found for /scratch/jfx/ucie-q2y26/scala/src/main/scala/d2dadapter/D2DAdapter.scala. Using presentation compiler with project's scala-library version: 2.13.18
2026.02.05 10:11:12 INFO  no build target found for /scratch/jfx/ucie-q2y26/scala/src/main/scala/d2dadapter/D2DAdapter.scala. Using presentation compiler with project's scala-library version: 2.13.18
2026.02.05 10:11:12 INFO  no build target found for /scratch/jfx/ucie-q2y26/scala/src/main/scala/d2dadapter/D2DAdapter.scala. Using presentation compiler with project's scala-library version: 2.13.18
2026.02.05 10:11:12 INFO  no build target found for /scratch/jfx/ucie-q2y26/scala/src/main/scala/d2dadapter/D2DAdapter.scala. Using presentation compiler with project's scala-library version: 2.13.18
2026.02.05 10:11:14 INFO  no build target found for /scratch/jfx/ucie-q2y26/scala/src/main/scala/d2dadapter/D2DAdapter.scala. Using presentation compiler with project's scala-library version: 2.13.18
2026.02.05 10:11:15 INFO  no build target found for /scratch/jfx/ucie-q2y26/scala/src/main/scala/d2dadapter/D2DAdapterConstants.scala. Using presentation compiler with project's scala-library version: 2.13.18
2026.02.05 10:11:15 INFO  no build target found for /scratch/jfx/ucie-q2y26/scala/src/main/scala/d2dadapter/D2DAdapterConstants.scala. Using presentation compiler with project's scala-library version: 2.13.18
2026.02.05 10:11:15 WARN  no build target for: /scratch/jfx/ucie-q2y26/scala/src/main/scala/d2dadapter/D2DAdapterConstants.scala
2026.02.05 10:11:17 INFO  no build target found for /scratch/jfx/ucie-q2y26/scala/src/main/scala/d2dadapter/D2DAdapterConstants.scala. Using presentation compiler with project's scala-library version: 2.13.18
2026.02.05 10:11:17 INFO  no build target found for /scratch/jfx/ucie-q2y26/scala/src/main/scala/d2dadapter/D2DAdapter.scala. Using presentation compiler with project's scala-library version: 2.13.18
2026.02.05 10:11:17 WARN  no build target for: /scratch/jfx/ucie-q2y26/scala/src/main/scala/d2dadapter/D2DAdapter.scala
2026.02.05 10:11:17 INFO  no build target found for /scratch/jfx/ucie-q2y26/scala/src/main/scala/d2dadapter/D2DAdapter.scala. Using presentation compiler with project's scala-library version: 2.13.18
2026.02.05 10:11:17 INFO  no build target found for /scratch/jfx/ucie-q2y26/scala/src/main/scala/d2dadapter/D2DAdapter.scala. Using presentation compiler with project's scala-library version: 2.13.18
2026.02.05 10:11:17 INFO  no build target found for /scratch/jfx/ucie-q2y26/scala/src/main/scala/d2dadapter/D2DAdapter.scala. Using presentation compiler with project's scala-library version: 2.13.18
2026.02.05 10:11:58 INFO  no build target found for /scratch/jfx/ucie-q2y26/scala/src/main/scala/interfaces/Types.scala. Using presentation compiler with project's scala-library version: 2.13.18
2026.02.05 10:11:58 INFO  no build target found for /scratch/jfx/ucie-q2y26/scala/src/main/scala/interfaces/Types.scala. Using presentation compiler with project's scala-library version: 2.13.18
2026.02.05 10:11:58 WARN  no build target for: /scratch/jfx/ucie-q2y26/scala/src/main/scala/interfaces/Types.scala
2026.02.05 10:11:59 INFO  no build target found for /scratch/jfx/ucie-q2y26/scala/src/main/scala/interfaces/Types.scala. Using presentation compiler with project's scala-library version: 2.13.18
2026.02.05 10:11:59 INFO  no build target found for /scratch/jfx/ucie-q2y26/scala/src/main/scala/interfaces/Types.scala. Using presentation compiler with project's scala-library version: 2.13.18
2026.02.05 10:12:02 INFO  no build target found for /scratch/jfx/ucie-q2y26/scala/src/main/scala/d2dadapter/D2DAdapter.scala. Using presentation compiler with project's scala-library version: 2.13.18
2026.02.05 10:12:02 WARN  no build target for: /scratch/jfx/ucie-q2y26/scala/src/main/scala/interfaces/Types.scala
2026.02.05 10:12:02 INFO  no build target found for /scratch/jfx/ucie-q2y26/scala/src/main/scala/interfaces/Types.scala. Using presentation compiler with project's scala-library version: 2.13.18
2026.02.05 10:12:02 INFO  no build target found for /scratch/jfx/ucie-q2y26/scala/src/main/scala/d2dadapter/D2DAdapter.scala. Using presentation compiler with project's scala-library version: 2.13.18
2026.02.05 10:12:07 INFO  no build target found for /scratch/jfx/ucie-q2y26/scala/src/main/scala/interfaces/Types.scala. Using presentation compiler with project's scala-library version: 2.13.18
2026.02.05 10:12:07 INFO  no build target found for /scratch/jfx/ucie-q2y26/scala/src/main/scala/interfaces/Types.scala. Using presentation compiler with project's scala-library version: 2.13.18
2026.02.05 10:12:07 INFO  no build target found for /scratch/jfx/ucie-q2y26/scala/src/main/scala/interfaces/Types.scala. Using presentation compiler with project's scala-library version: 2.13.18
2026.02.05 10:12:07 INFO  no build target found for /scratch/jfx/ucie-q2y26/scala/src/main/scala/interfaces/Types.scala. Using presentation compiler with project's scala-library version: 2.13.18
2026.02.05 10:12:07 INFO  no build target found for /scratch/jfx/ucie-q2y26/scala/src/main/scala/interfaces/Types.scala. Using presentation compiler with project's scala-library version: 2.13.18
2026.02.05 10:12:07 WARN  no build target for: /scratch/jfx/ucie-q2y26/scala/src/main/scala/d2dadapter/D2DAdapter.scala
2026.02.05 10:12:20 INFO  no build target found for /scratch/jfx/ucie-q2y26/scala/src/main/scala/interfaces/Fdi.scala. Using presentation compiler with project's scala-library version: 2.13.18
2026.02.05 10:12:20 WARN  no build target for: /scratch/jfx/ucie-q2y26/scala/src/main/scala/interfaces/Fdi.scala
2026.02.05 10:12:22 INFO  no build target found for /scratch/jfx/ucie-q2y26/scala/src/main/scala/d2dadapter/D2DAdapter.scala. Using presentation compiler with project's scala-library version: 2.13.18
2026.02.05 10:12:59 WARN  no build target for: /scratch/jfx/ucie-q2y26/scala/src/main/scala/d2dadapter/D2DAdapter.scala
2026.02.05 10:12:59 INFO  no build target found for /scratch/jfx/ucie-q2y26/scala/src/main/scala/d2dadapter/D2DAdapter.scala. Using presentation compiler with project's scala-library version: 2.13.18
2026.02.05 10:13:01 INFO  no build target found for /scratch/jfx/ucie-q2y26/scala/src/main/scala/d2dadapter/D2DMainbandModule.scala. Using presentation compiler with project's scala-library version: 2.13.18
2026.02.05 10:13:01 INFO  no build target found for /scratch/jfx/ucie-q2y26/scala/src/main/scala/d2dadapter/D2DMainbandModule.scala. Using presentation compiler with project's scala-library version: 2.13.18
2026.02.05 10:13:01 WARN  no build target for: /scratch/jfx/ucie-q2y26/scala/src/main/scala/d2dadapter/D2DMainbandModule.scala
2026.02.05 10:13:18 INFO  no build target found for /scratch/jfx/ucie-q2y26/scala/src/main/scala/d2dadapter/D2DMainbandModule.scala. Using presentation compiler with project's scala-library version: 2.13.18
2026.02.05 10:13:18 INFO  no build target found for /scratch/jfx/ucie-q2y26/scala/src/main/scala/d2dadapter/D2DMainbandModule.scala. Using presentation compiler with project's scala-library version: 2.13.18
2026.02.05 10:13:18 INFO  no build target found for /scratch/jfx/ucie-q2y26/scala/src/main/scala/d2dadapter/D2DMainbandModule.scala. Using presentation compiler with project's scala-library version: 2.13.18
2026.02.05 10:13:21 INFO  no build target found for /scratch/jfx/ucie-q2y26/scala/src/main/scala/d2dadapter/D2DMainbandModule.scala. Using presentation compiler with project's scala-library version: 2.13.18
2026.02.05 10:13:21 INFO  no build target found for /scratch/jfx/ucie-q2y26/scala/src/main/scala/d2dadapter/D2DMainbandModule.scala. Using presentation compiler with project's scala-library version: 2.13.18
2026.02.05 10:13:21 INFO  no build target found for /scratch/jfx/ucie-q2y26/scala/src/main/scala/d2dadapter/D2DMainbandModule.scala. Using presentation compiler with project's scala-library version: 2.13.18
2026.02.05 10:13:22 INFO  no build target found for /scratch/jfx/ucie-q2y26/scala/src/main/scala/d2dadapter/D2DMainbandModule.scala. Using presentation compiler with project's scala-library version: 2.13.18
2026.02.05 10:13:22 INFO  no build target found for /scratch/jfx/ucie-q2y26/scala/src/main/scala/d2dadapter/D2DMainbandModule.scala. Using presentation compiler with project's scala-library version: 2.13.18
2026.02.05 10:13:22 INFO  no build target found for /scratch/jfx/ucie-q2y26/scala/src/main/scala/d2dadapter/D2DMainbandModule.scala. Using presentation compiler with project's scala-library version: 2.13.18
2026.02.05 10:13:24 INFO  no build target found for /scratch/jfx/ucie-q2y26/scala/src/main/scala/d2dadapter/D2DMainbandModule.scala. Using presentation compiler with project's scala-library version: 2.13.18
2026.02.05 10:13:24 INFO  no build target found for /scratch/jfx/ucie-q2y26/scala/src/main/scala/d2dadapter/D2DMainbandModule.scala. Using presentation compiler with project's scala-library version: 2.13.18
2026.02.05 10:13:28 INFO  no build target found for /scratch/jfx/ucie-q2y26/scala/src/main/scala/d2dadapter/D2DMainbandModule.scala. Using presentation compiler with project's scala-library version: 2.13.18
2026.02.05 10:13:28 INFO  no build target found for /scratch/jfx/ucie-q2y26/scala/src/main/scala/d2dadapter/D2DMainbandModule.scala. Using presentation compiler with project's scala-library version: 2.13.18
2026.02.05 10:16:22 INFO  no build target found for /scratch/jfx/ucie-q2y26/scala/src/main/scala/d2dadapter/D2DMainbandModule.scala. Using presentation compiler with project's scala-library version: 2.13.18
2026.02.05 10:16:22 WARN  no build target for: /scratch/jfx/ucie-q2y26/scala/src/main/scala/interfaces/Fdi.scala
2026.02.05 10:17:39 WARN  no build target for: /scratch/jfx/ucie-q2y26/scala/src/main/scala/d2dadapter/D2DMainbandModule.scala
2026.02.05 10:17:39 INFO  no build target found for /scratch/jfx/ucie-q2y26/scala/src/main/scala/d2dadapter/D2DMainbandModule.scala. Using presentation compiler with project's scala-library version: 2.13.18
2026.02.05 10:17:42 INFO  no build target found for /scratch/jfx/ucie-q2y26/scala/src/main/scala/d2dadapter/D2DMainbandModule.scala. Using presentation compiler with project's scala-library version: 2.13.18
2026.02.05 10:17:46 WARN  no build target for: /scratch/jfx/ucie-q2y26/scala/src/main/scala/interfaces/Fdi.scala
2026.02.05 10:17:58 WARN  no build target for: /scratch/jfx/ucie-q2y26/scala/src/main/scala/d2dadapter/D2DMainbandModule.scala
2026.02.05 10:18:33 INFO  no build target found for /scratch/jfx/ucie-q2y26/scala/src/main/scala/d2dadapter/D2DMainbandModule.scala. Using presentation compiler with project's scala-library version: 2.13.18
2026.02.05 10:18:33 INFO  no build target found for /scratch/jfx/ucie-q2y26/scala/src/main/scala/d2dadapter/D2DMainbandModule.scala. Using presentation compiler with project's scala-library version: 2.13.18
2026.02.05 10:18:33 INFO  no build target found for /scratch/jfx/ucie-q2y26/scala/src/main/scala/d2dadapter/D2DMainbandModule.scala. Using presentation compiler with project's scala-library version: 2.13.18
2026.02.05 10:18:33 WARN  Could not find 'Wire' using presentation compiler nor semanticdb. Trying to guess the definition using available information from local class context. 
2026.02.05 10:18:33 INFO  Created report: Optional[file:///scratch/jfx/ucie-q2y26/scala/src/main/scala/d2dadapter/D2DMainbandModule.scala]
2026.02.05 10:18:33 INFO  empty definition using pc, found symbol in pc:  (full report at: "/scratch/jfx/ucie-q2y26/.metals/.reports/metals-full/2026-02-05/r_empty-definition_10-18-33-406.md")
2026.02.05 10:18:33 INFO  no build target found for /scratch/jfx/ucie-q2y26/scala/src/main/scala/d2dadapter/D2DMainbandModule.scala. Using presentation compiler with project's scala-library version: 2.13.18
2026.02.05 10:18:33 INFO  no build target found for /scratch/jfx/ucie-q2y26/scala/src/main/scala/d2dadapter/D2DMainbandModule.scala. Using presentation compiler with project's scala-library version: 2.13.18
2026.02.05 10:18:33 INFO  Created report: Optional[file:///scratch/jfx/ucie-q2y26/scala/src/main/scala/d2dadapter/D2DMainbandModule.scala]
2026.02.05 10:18:33 INFO  empty definition using pc, found symbol in pc:  (full report at: "/scratch/jfx/ucie-q2y26/.metals/.reports/metals-full/2026-02-05/r_empty-definition_10-18-33-530.md")
2026.02.05 10:20:04 INFO  no build target found for /scratch/jfx/ucie-q2y26/scala/src/main/scala/d2dadapter/D2DMainbandModule.scala. Using presentation compiler with project's scala-library version: 2.13.18
2026.02.05 10:20:04 INFO  no build target found for /scratch/jfx/ucie-q2y26/scala/src/main/scala/d2dadapter/D2DMainbandModule.scala. Using presentation compiler with project's scala-library version: 2.13.18
2026.02.05 10:20:16 INFO  no build target found for /scratch/jfx/ucie-q2y26/scala/src/main/scala/d2dadapter/D2DMainbandModule.scala. Using presentation compiler with project's scala-library version: 2.13.18
2026.02.05 10:22:38 INFO  no build target found for /scratch/jfx/ucie-q2y26/scala/src/main/scala/d2dadapter/D2DMainbandModule.scala. Using presentation compiler with project's scala-library version: 2.13.18
2026.02.05 10:23:43 WARN  no build target for: /scratch/jfx/ucie-q2y26/scala/src/main/scala/interfaces/Fdi.scala
2026.02.05 10:25:30 WARN  no build target for: /scratch/jfx/ucie-q2y26/scala/src/main/scala/d2dadapter/D2DMainbandModule.scala
2026.02.05 10:25:30 INFO  no build target found for /scratch/jfx/ucie-q2y26/scala/src/main/scala/d2dadapter/D2DMainbandModule.scala. Using presentation compiler with project's scala-library version: 2.13.18
2026.02.05 10:25:35 INFO  no build target found for /scratch/jfx/ucie-q2y26/scala/src/main/scala/d2dadapter/D2DSidebandModule.scala. Using presentation compiler with project's scala-library version: 2.13.18
2026.02.05 10:25:35 INFO  no build target found for /scratch/jfx/ucie-q2y26/scala/src/main/scala/d2dadapter/D2DSidebandModule.scala. Using presentation compiler with project's scala-library version: 2.13.18
2026.02.05 10:25:35 WARN  no build target for: /scratch/jfx/ucie-q2y26/scala/src/main/scala/d2dadapter/D2DSidebandModule.scala
2026.02.05 10:25:35 INFO  no build target found for /scratch/jfx/ucie-q2y26/scala/src/main/scala/d2dadapter/D2DSidebandModule.scala. Using presentation compiler with project's scala-library version: 2.13.18
2026.02.05 10:25:38 INFO  no build target found for /scratch/jfx/ucie-q2y26/scala/src/main/scala/d2dadapter/D2DSidebandModule.scala. Using presentation compiler with project's scala-library version: 2.13.18
2026.02.05 10:25:38 INFO  no build target found for /scratch/jfx/ucie-q2y26/scala/src/main/scala/d2dadapter/D2DSidebandModule.scala. Using presentation compiler with project's scala-library version: 2.13.18
2026.02.05 10:25:39 INFO  no build target found for /scratch/jfx/ucie-q2y26/scala/src/main/scala/d2dadapter/D2DSidebandModule.scala. Using presentation compiler with project's scala-library version: 2.13.18
2026.02.05 10:25:42 INFO  no build target found for /scratch/jfx/ucie-q2y26/scala/src/main/scala/d2dadapter/D2DSidebandModule.scala. Using presentation compiler with project's scala-library version: 2.13.18
2026.02.05 10:25:49 INFO  no build target found for /scratch/jfx/ucie-q2y26/scala/src/main/scala/d2dadapter/D2DSidebandModule.scala. Using presentation compiler with project's scala-library version: 2.13.18
2026.02.05 10:25:49 INFO  no build target found for /scratch/jfx/ucie-q2y26/scala/src/main/scala/d2dadapter/D2DSidebandModule.scala. Using presentation compiler with project's scala-library version: 2.13.18
2026.02.05 10:25:49 INFO  no build target found for /scratch/jfx/ucie-q2y26/scala/src/main/scala/d2dadapter/D2DSidebandModule.scala. Using presentation compiler with project's scala-library version: 2.13.18
2026.02.05 10:25:49 INFO  no build target found for /scratch/jfx/ucie-q2y26/scala/src/main/scala/d2dadapter/D2DSidebandModule.scala. Using presentation compiler with project's scala-library version: 2.13.18
2026.02.05 10:25:50 INFO  no build target found for /scratch/jfx/ucie-q2y26/scala/src/main/scala/d2dadapter/D2DSidebandModule.scala. Using presentation compiler with project's scala-library version: 2.13.18
2026.02.05 10:25:50 INFO  no build target found for /scratch/jfx/ucie-q2y26/scala/src/main/scala/d2dadapter/D2DSidebandModule.scala. Using presentation compiler with project's scala-library version: 2.13.18
2026.02.05 10:25:50 INFO  no build target found for /scratch/jfx/ucie-q2y26/scala/src/main/scala/d2dadapter/D2DSidebandModule.scala. Using presentation compiler with project's scala-library version: 2.13.18
2026.02.05 10:25:50 INFO  Created report: Optional[file:///scratch/jfx/ucie-q2y26/scala/src/main/scala/d2dadapter/D2DSidebandModule.scala]
2026.02.05 10:25:50 INFO  empty definition using pc, found symbol in pc:  (full report at: "/scratch/jfx/ucie-q2y26/.metals/.reports/metals-full/2026-02-05/r_empty-definition_10-25-50-842.md")
2026.02.05 10:25:50 INFO  no build target found for /scratch/jfx/ucie-q2y26/scala/src/main/scala/d2dadapter/D2DSidebandModule.scala. Using presentation compiler with project's scala-library version: 2.13.18
2026.02.05 10:25:50 INFO  no build target found for /scratch/jfx/ucie-q2y26/scala/src/main/scala/d2dadapter/D2DSidebandModule.scala. Using presentation compiler with project's scala-library version: 2.13.18
2026.02.05 10:25:50 INFO  no build target found for /scratch/jfx/ucie-q2y26/scala/src/main/scala/d2dadapter/D2DSidebandModule.scala. Using presentation compiler with project's scala-library version: 2.13.18
2026.02.05 10:25:51 INFO  no build target found for /scratch/jfx/ucie-q2y26/scala/src/main/scala/d2dadapter/D2DSidebandModule.scala. Using presentation compiler with project's scala-library version: 2.13.18
2026.02.05 10:25:51 INFO  no build target found for /scratch/jfx/ucie-q2y26/scala/src/main/scala/d2dadapter/D2DSidebandModule.scala. Using presentation compiler with project's scala-library version: 2.13.18
2026.02.05 10:25:51 INFO  no build target found for /scratch/jfx/ucie-q2y26/scala/src/main/scala/d2dadapter/D2DSidebandModule.scala. Using presentation compiler with project's scala-library version: 2.13.18
2026.02.05 10:25:51 INFO  no build target found for /scratch/jfx/ucie-q2y26/scala/src/main/scala/d2dadapter/D2DSidebandModule.scala. Using presentation compiler with project's scala-library version: 2.13.18
2026.02.05 10:25:52 INFO  no build target found for /scratch/jfx/ucie-q2y26/scala/src/main/scala/d2dadapter/D2DSidebandModule.scala. Using presentation compiler with project's scala-library version: 2.13.18
2026.02.05 10:25:52 WARN  Could not find 'Module' using presentation compiler nor semanticdb. Trying to guess the definition using available information from local class context. 
2026.02.05 10:25:52 INFO  Created report: Optional[file:///scratch/jfx/ucie-q2y26/scala/src/main/scala/d2dadapter/D2DSidebandModule.scala]
2026.02.05 10:25:52 INFO  empty definition using pc, found symbol in pc: java/lang/Module# (full report at: "/scratch/jfx/ucie-q2y26/.metals/.reports/metals-full/2026-02-05/r_empty-definition_10-25-52-195.md")
2026.02.05 10:25:52 INFO  no build target found for /scratch/jfx/ucie-q2y26/scala/src/main/scala/d2dadapter/D2DSidebandModule.scala. Using presentation compiler with project's scala-library version: 2.13.18
2026.02.05 10:25:52 INFO  no build target found for /scratch/jfx/ucie-q2y26/scala/src/main/scala/d2dadapter/D2DSidebandModule.scala. Using presentation compiler with project's scala-library version: 2.13.18
2026.02.05 10:25:53 INFO  no build target found for /scratch/jfx/ucie-q2y26/scala/src/main/scala/d2dadapter/D2DSidebandModule.scala. Using presentation compiler with project's scala-library version: 2.13.18
2026.02.05 10:25:53 INFO  empty definition using pc, found symbol in pc:  (full report at: "/scratch/jfx/ucie-q2y26/.metals/.reports/metals-full/2026-02-05/r_empty-definition_10-25-50-842.md")
2026.02.05 10:25:53 INFO  no build target found for /scratch/jfx/ucie-q2y26/scala/src/main/scala/d2dadapter/D2DSidebandModule.scala. Using presentation compiler with project's scala-library version: 2.13.18
2026.02.05 10:25:53 INFO  no build target found for /scratch/jfx/ucie-q2y26/scala/src/main/scala/d2dadapter/D2DSidebandModule.scala. Using presentation compiler with project's scala-library version: 2.13.18
2026.02.05 10:25:53 INFO  no build target found for /scratch/jfx/ucie-q2y26/scala/src/main/scala/d2dadapter/D2DSidebandModule.scala. Using presentation compiler with project's scala-library version: 2.13.18
2026.02.05 10:25:53 INFO  no build target found for /scratch/jfx/ucie-q2y26/scala/src/main/scala/d2dadapter/D2DSidebandModule.scala. Using presentation compiler with project's scala-library version: 2.13.18
2026.02.05 10:25:55 INFO  no build target found for /scratch/jfx/ucie-q2y26/scala/src/main/scala/d2dadapter/D2DSidebandModule.scala. Using presentation compiler with project's scala-library version: 2.13.18
2026.02.05 10:25:55 INFO  no build target found for /scratch/jfx/ucie-q2y26/scala/src/main/scala/d2dadapter/D2DSidebandModule.scala. Using presentation compiler with project's scala-library version: 2.13.18
2026.02.05 10:25:55 INFO  no build target found for /scratch/jfx/ucie-q2y26/scala/src/main/scala/d2dadapter/D2DSidebandModule.scala. Using presentation compiler with project's scala-library version: 2.13.18
2026.02.05 10:25:55 INFO  no build target found for /scratch/jfx/ucie-q2y26/scala/src/main/scala/d2dadapter/D2DSidebandModule.scala. Using presentation compiler with project's scala-library version: 2.13.18
2026.02.05 10:25:56 INFO  no build target found for /scratch/jfx/ucie-q2y26/scala/src/main/scala/d2dadapter/D2DSidebandModule.scala. Using presentation compiler with project's scala-library version: 2.13.18
2026.02.05 10:25:56 INFO  no build target found for /scratch/jfx/ucie-q2y26/scala/src/main/scala/d2dadapter/D2DSidebandModule.scala. Using presentation compiler with project's scala-library version: 2.13.18
2026.02.05 10:25:56 INFO  no build target found for /scratch/jfx/ucie-q2y26/scala/src/main/scala/d2dadapter/D2DSidebandModule.scala. Using presentation compiler with project's scala-library version: 2.13.18
2026.02.05 10:27:11 INFO  no build target found for /scratch/jfx/ucie-q2y26/scala/src/main/scala/d2dadapter/D2DSidebandModule.scala. Using presentation compiler with project's scala-library version: 2.13.18
2026.02.05 10:27:11 INFO  no build target found for /scratch/jfx/ucie-q2y26/scala/src/main/scala/d2dadapter/D2DSidebandModule.scala. Using presentation compiler with project's scala-library version: 2.13.18
2026.02.05 10:27:11 INFO  no build target found for /scratch/jfx/ucie-q2y26/scala/src/main/scala/d2dadapter/D2DSidebandModule.scala. Using presentation compiler with project's scala-library version: 2.13.18
2026.02.05 10:27:14 INFO  no build target found for /scratch/jfx/ucie-q2y26/scala/src/main/scala/d2dadapter/D2DAdapterConstants.scala. Using presentation compiler with project's scala-library version: 2.13.18
2026.02.05 10:27:14 INFO  no build target found for /scratch/jfx/ucie-q2y26/scala/src/main/scala/d2dadapter/D2DAdapterConstants.scala. Using presentation compiler with project's scala-library version: 2.13.18
2026.02.05 10:27:14 WARN  no build target for: /scratch/jfx/ucie-q2y26/scala/src/main/scala/d2dadapter/D2DAdapterConstants.scala
2026.02.05 10:27:17 INFO  no build target found for /scratch/jfx/ucie-q2y26/scala/src/main/scala/d2dadapter/D2DAdapterConstants.scala. Using presentation compiler with project's scala-library version: 2.13.18
2026.02.05 10:27:17 INFO  no build target found for /scratch/jfx/ucie-q2y26/scala/src/main/scala/d2dadapter/D2DAdapterConstants.scala. Using presentation compiler with project's scala-library version: 2.13.18
2026.02.05 10:27:19 INFO  no build target found for /scratch/jfx/ucie-q2y26/scala/src/main/scala/d2dadapter/D2DAdapterConstants.scala. Using presentation compiler with project's scala-library version: 2.13.18
2026.02.05 10:27:19 INFO  no build target found for /scratch/jfx/ucie-q2y26/scala/src/main/scala/d2dadapter/D2DAdapterConstants.scala. Using presentation compiler with project's scala-library version: 2.13.18
2026.02.05 10:27:19 INFO  no build target found for /scratch/jfx/ucie-q2y26/scala/src/main/scala/d2dadapter/D2DAdapterConstants.scala. Using presentation compiler with project's scala-library version: 2.13.18
2026.02.05 10:27:19 INFO  no build target found for /scratch/jfx/ucie-q2y26/scala/src/main/scala/d2dadapter/D2DAdapterConstants.scala. Using presentation compiler with project's scala-library version: 2.13.18
2026.02.05 10:27:20 INFO  no build target found for /scratch/jfx/ucie-q2y26/scala/src/main/scala/d2dadapter/D2DAdapterConstants.scala. Using presentation compiler with project's scala-library version: 2.13.18
2026.02.05 10:27:20 INFO  no build target found for /scratch/jfx/ucie-q2y26/scala/src/main/scala/d2dadapter/D2DAdapterConstants.scala. Using presentation compiler with project's scala-library version: 2.13.18
2026.02.05 10:27:22 INFO  no build target found for /scratch/jfx/ucie-q2y26/scala/src/main/scala/d2dadapter/D2DAdapterConstants.scala. Using presentation compiler with project's scala-library version: 2.13.18
2026.02.05 10:27:22 INFO  no build target found for /scratch/jfx/ucie-q2y26/scala/src/main/scala/d2dadapter/D2DAdapterConstants.scala. Using presentation compiler with project's scala-library version: 2.13.18
2026.02.05 10:35:51 INFO  no build target found for /scratch/jfx/ucie-q2y26/scala/src/main/scala/d2dadapter/D2DAdapterConstants.scala. Using presentation compiler with project's scala-library version: 2.13.18
2026.02.05 10:35:51 INFO  no build target found for /scratch/jfx/ucie-q2y26/scala/src/main/scala/d2dadapter/D2DAdapter.scala. Using presentation compiler with project's scala-library version: 2.13.18
2026.02.05 10:35:52 WARN  no build target for: /scratch/jfx/ucie-q2y26/scala/src/main/scala/d2dadapter/D2DAdapter.scala
2026.02.05 10:35:52 INFO  no build target found for /scratch/jfx/ucie-q2y26/scala/src/main/scala/d2dadapter/D2DAdapter.scala. Using presentation compiler with project's scala-library version: 2.13.18
2026.02.05 10:35:54 INFO  no build target found for /scratch/jfx/ucie-q2y26/scala/src/main/scala/d2dadapter/D2DAdapter.scala. Using presentation compiler with project's scala-library version: 2.13.18
2026.02.05 10:35:54 INFO  no build target found for /scratch/jfx/ucie-q2y26/scala/src/main/scala/d2dadapter/D2DAdapter.scala. Using presentation compiler with project's scala-library version: 2.13.18
2026.02.05 10:35:57 INFO  no build target found for /scratch/jfx/ucie-q2y26/scala/src/main/scala/d2dadapter/D2DAdapter.scala. Using presentation compiler with project's scala-library version: 2.13.18
2026.02.05 10:35:57 INFO  no build target found for /scratch/jfx/ucie-q2y26/scala/src/main/scala/d2dadapter/D2DAdapter.scala. Using presentation compiler with project's scala-library version: 2.13.18
2026.02.05 10:35:57 INFO  no build target found for /scratch/jfx/ucie-q2y26/scala/src/main/scala/d2dadapter/D2DAdapter.scala. Using presentation compiler with project's scala-library version: 2.13.18
2026.02.05 10:36:06 INFO  no build target found for /scratch/jfx/ucie-q2y26/scala/src/main/scala/d2dadapter/D2DAdapter.scala. Using presentation compiler with project's scala-library version: 2.13.18
2026.02.05 10:36:06 INFO  no build target found for /scratch/jfx/ucie-q2y26/scala/src/main/scala/d2dadapter/D2DAdapter.scala. Using presentation compiler with project's scala-library version: 2.13.18
2026.02.05 10:36:06 INFO  no build target found for /scratch/jfx/ucie-q2y26/scala/src/main/scala/d2dadapter/D2DAdapter.scala. Using presentation compiler with project's scala-library version: 2.13.18
2026.02.05 10:36:08 INFO  no build target found for /scratch/jfx/ucie-q2y26/scala/src/main/scala/d2dadapter/D2DAdapter.scala. Using presentation compiler with project's scala-library version: 2.13.18
2026.02.05 10:36:08 INFO  no build target found for /scratch/jfx/ucie-q2y26/scala/src/main/scala/d2dadapter/D2DAdapter.scala. Using presentation compiler with project's scala-library version: 2.13.18
2026.02.05 10:36:10 INFO  no build target found for /scratch/jfx/ucie-q2y26/scala/src/main/scala/d2dadapter/D2DAdapter.scala. Using presentation compiler with project's scala-library version: 2.13.18
2026.02.05 10:36:11 INFO  no build target found for /scratch/jfx/ucie-q2y26/scala/src/main/scala/d2dadapter/D2DAdapter.scala. Using presentation compiler with project's scala-library version: 2.13.18
2026.02.05 10:36:11 INFO  no build target found for /scratch/jfx/ucie-q2y26/scala/src/main/scala/d2dadapter/D2DAdapter.scala. Using presentation compiler with project's scala-library version: 2.13.18
2026.02.05 10:36:11 INFO  no build target found for /scratch/jfx/ucie-q2y26/scala/src/main/scala/d2dadapter/D2DAdapter.scala. Using presentation compiler with project's scala-library version: 2.13.18
2026.02.05 10:36:13 INFO  no build target found for /scratch/jfx/ucie-q2y26/scala/src/main/scala/d2dadapter/D2DAdapter.scala. Using presentation compiler with project's scala-library version: 2.13.18
2026.02.05 10:36:15 INFO  no build target found for /scratch/jfx/ucie-q2y26/scala/src/main/scala/d2dadapter/D2DAdapter.scala. Using presentation compiler with project's scala-library version: 2.13.18
2026.02.05 10:36:21 INFO  no build target found for /scratch/jfx/ucie-q2y26/scala/src/main/scala/d2dadapter/D2DAdapter.scala. Using presentation compiler with project's scala-library version: 2.13.18
2026.02.05 10:36:21 INFO  no build target found for /scratch/jfx/ucie-q2y26/scala/src/main/scala/d2dadapter/D2DAdapter.scala. Using presentation compiler with project's scala-library version: 2.13.18
2026.02.05 10:36:21 INFO  no build target found for /scratch/jfx/ucie-q2y26/scala/src/main/scala/d2dadapter/D2DAdapter.scala. Using presentation compiler with project's scala-library version: 2.13.18
2026.02.05 10:36:23 INFO  no build target found for /scratch/jfx/ucie-q2y26/scala/src/main/scala/d2dadapter/D2DAdapter.scala. Using presentation compiler with project's scala-library version: 2.13.18
2026.02.05 10:36:23 INFO  no build target found for /scratch/jfx/ucie-q2y26/scala/src/main/scala/d2dadapter/D2DAdapter.scala. Using presentation compiler with project's scala-library version: 2.13.18
2026.02.05 10:36:23 INFO  no build target found for /scratch/jfx/ucie-q2y26/scala/src/main/scala/d2dadapter/D2DAdapter.scala. Using presentation compiler with project's scala-library version: 2.13.18
2026.02.05 10:36:23 INFO  no build target found for /scratch/jfx/ucie-q2y26/scala/src/main/scala/d2dadapter/D2DAdapter.scala. Using presentation compiler with project's scala-library version: 2.13.18
2026.02.05 10:36:23 INFO  no build target found for /scratch/jfx/ucie-q2y26/scala/src/main/scala/d2dadapter/D2DAdapter.scala. Using presentation compiler with project's scala-library version: 2.13.18
2026.02.05 10:36:24 INFO  no build target found for /scratch/jfx/ucie-q2y26/scala/src/main/scala/d2dadapter/D2DAdapter.scala. Using presentation compiler with project's scala-library version: 2.13.18
2026.02.05 10:36:24 INFO  no build target found for /scratch/jfx/ucie-q2y26/scala/src/main/scala/d2dadapter/D2DAdapter.scala. Using presentation compiler with project's scala-library version: 2.13.18
2026.02.05 10:36:24 INFO  no build target found for /scratch/jfx/ucie-q2y26/scala/src/main/scala/d2dadapter/D2DAdapter.scala. Using presentation compiler with project's scala-library version: 2.13.18
2026.02.05 10:36:24 INFO  no build target found for /scratch/jfx/ucie-q2y26/scala/src/main/scala/d2dadapter/D2DAdapter.scala. Using presentation compiler with project's scala-library version: 2.13.18
2026.02.05 10:36:26 INFO  no build target found for /scratch/jfx/ucie-q2y26/scala/src/main/scala/d2dadapter/D2DAdapter.scala. Using presentation compiler with project's scala-library version: 2.13.18
2026.02.05 10:36:26 INFO  no build target found for /scratch/jfx/ucie-q2y26/scala/src/main/scala/d2dadapter/D2DAdapter.scala. Using presentation compiler with project's scala-library version: 2.13.18
2026.02.05 10:36:26 INFO  no build target found for /scratch/jfx/ucie-q2y26/scala/src/main/scala/d2dadapter/D2DAdapter.scala. Using presentation compiler with project's scala-library version: 2.13.18
2026.02.05 10:43:25 INFO  no build target found for /scratch/jfx/ucie-q2y26/scala/src/main/scala/d2dadapter/D2DAdapter.scala. Using presentation compiler with project's scala-library version: 2.13.18
2026.02.05 10:43:25 INFO  no build target found for /scratch/jfx/ucie-q2y26/scala/src/main/scala/d2dadapter/D2DAdapter.scala. Using presentation compiler with project's scala-library version: 2.13.18
2026.02.05 10:43:26 INFO  no build target found for /scratch/jfx/ucie-q2y26/scala/src/main/scala/d2dadapter/D2DAdapter.scala. Using presentation compiler with project's scala-library version: 2.13.18
2026.02.05 10:43:26 INFO  no build target found for /scratch/jfx/ucie-q2y26/scala/src/main/scala/d2dadapter/D2DAdapter.scala. Using presentation compiler with project's scala-library version: 2.13.18
2026.02.05 10:43:28 INFO  no build target found for /scratch/jfx/ucie-q2y26/scala/src/main/scala/d2dadapter/D2DAdapter.scala. Using presentation compiler with project's scala-library version: 2.13.18
2026.02.05 10:43:28 INFO  no build target found for /scratch/jfx/ucie-q2y26/scala/src/main/scala/d2dadapter/D2DAdapter.scala. Using presentation compiler with project's scala-library version: 2.13.18
2026.02.05 10:43:28 INFO  no build target found for /scratch/jfx/ucie-q2y26/scala/src/main/scala/d2dadapter/D2DAdapter.scala. Using presentation compiler with project's scala-library version: 2.13.18
2026.02.05 10:43:28 INFO  no build target found for /scratch/jfx/ucie-q2y26/scala/src/main/scala/d2dadapter/D2DAdapter.scala. Using presentation compiler with project's scala-library version: 2.13.18
2026.02.05 10:43:28 WARN  Could not find 'LinkManagementController' using presentation compiler nor semanticdb. Trying to guess the definition using available information from local class context. 
2026.02.05 10:43:28 INFO  empty definition using pc, found symbol in pc:  (full report at: "/scratch/jfx/ucie-q2y26/.metals/.reports/metals-full/2026-02-05/r_empty-definition_10-04-36-051.md")
Exception in thread "pool-11-thread-1" java.lang.AbstractMethodError: Receiver class scala.meta.internal.pc.MetalsGlobal$MetalsInteractiveAnalyzer does not define or inherit an implementation of the resolved method 'scala.tools.nsc.typechecker.Implicits$ImplicitInfo$ ImplicitInfo()' of interface scala.tools.nsc.typechecker.Analyzer.
	at scala.tools.nsc.typechecker.Implicits$$anon$4.<init>(Implicits.scala:337)
	at scala.tools.nsc.typechecker.Implicits.$init$(Implicits.scala:337)
	at scala.meta.internal.pc.MetalsGlobal$MetalsInteractiveAnalyzer.<init>(MetalsGlobal.scala:77)
	at scala.meta.internal.pc.MetalsGlobal.analyzer$lzycompute(MetalsGlobal.scala:112)
	at scala.meta.internal.pc.MetalsGlobal.analyzer(MetalsGlobal.scala:111)
	at scala.meta.internal.pc.MetalsGlobal.analyzer(MetalsGlobal.scala:35)
	at scala.tools.nsc.Global.<init>(Global.scala:1029)
	at scala.tools.nsc.interactive.Global.<init>(Global.scala:120)
	at scala.meta.internal.pc.MetalsGlobal.<init>(MetalsGlobal.scala:42)
	at scala.meta.internal.pc.ScalaPresentationCompiler.newCompiler(ScalaPresentationCompiler.scala:514)
	at scala.meta.internal.pc.ScalaPresentationCompiler.$anonfun$compilerAccess$1(ScalaPresentationCompiler.scala:116)
	at scala.meta.internal.pc.CompilerAccess.loadCompiler(CompilerAccess.scala:52)
	at scala.meta.internal.pc.CompilerAccess.withSharedCompiler(CompilerAccess.scala:156)
	at scala.meta.internal.pc.CompilerAccess.$anonfun$withNonInterruptableCompiler$1(CompilerAccess.scala:142)
	at scala.meta.internal.pc.CompilerAccess.$anonfun$onCompilerJobQueue$1(CompilerAccess.scala:245)
	at scala.meta.internal.pc.CompilerJobQueue$Job.run(CompilerJobQueue.scala:152)
	at java.base/java.util.concurrent.ThreadPoolExecutor.runWorker(ThreadPoolExecutor.java:1136)
	at java.base/java.util.concurrent.ThreadPoolExecutor$Worker.run(ThreadPoolExecutor.java:635)
	at java.base/java.lang.Thread.run(Thread.java:840)
Exception in thread "pool-11-thread-2" java.lang.AbstractMethodError: Receiver class scala.meta.internal.pc.MetalsGlobal$MetalsInteractiveAnalyzer does not define or inherit an implementation of the resolved method 'scala.tools.nsc.typechecker.Implicits$ImplicitInfo$ ImplicitInfo()' of interface scala.tools.nsc.typechecker.Analyzer.
	at scala.tools.nsc.typechecker.Implicits$$anon$4.<init>(Implicits.scala:337)
	at scala.tools.nsc.typechecker.Implicits.$init$(Implicits.scala:337)
	at scala.meta.internal.pc.MetalsGlobal$MetalsInteractiveAnalyzer.<init>(MetalsGlobal.scala:77)
	at scala.meta.internal.pc.MetalsGlobal.analyzer$lzycompute(MetalsGlobal.scala:112)
	at scala.meta.internal.pc.MetalsGlobal.analyzer(MetalsGlobal.scala:111)
	at scala.meta.internal.pc.MetalsGlobal.analyzer(MetalsGlobal.scala:35)
	at scala.tools.nsc.Global.<init>(Global.scala:1029)
	at scala.tools.nsc.interactive.Global.<init>(Global.scala:120)
	at scala.meta.internal.pc.MetalsGlobal.<init>(MetalsGlobal.scala:42)
	at scala.meta.internal.pc.ScalaPresentationCompiler.newCompiler(ScalaPresentationCompiler.scala:514)
	at scala.meta.internal.pc.ScalaPresentationCompiler.$anonfun$compilerAccess$1(ScalaPresentationCompiler.scala:116)
	at scala.meta.internal.pc.CompilerAccess.loadCompiler(CompilerAccess.scala:52)
	at scala.meta.internal.pc.CompilerAccess.withSharedCompiler(CompilerAccess.scala:156)
	at scala.meta.internal.pc.CompilerAccess.$anonfun$withNonInterruptableCompiler$1(CompilerAccess.scala:142)
	at scala.meta.internal.pc.CompilerAccess.$anonfun$onCompilerJobQueue$1(CompilerAccess.scala:245)
	at scala.meta.internal.pc.CompilerJobQueue$Job.run(CompilerJobQueue.scala:152)
	at java.base/java.util.concurrent.ThreadPoolExecutor.runWorker(ThreadPoolExecutor.java:1136)
	at java.base/java.util.concurrent.ThreadPoolExecutor$Worker.run(ThreadPoolExecutor.java:635)
	at java.base/java.lang.Thread.run(Thread.java:840)
2026.02.05 10:43:28 INFO  no build target found for /scratch/jfx/ucie-q2y26/scala/src/main/scala/d2dadapter/D2DAdapter.scala. Using presentation compiler with project's scala-library version: 2.13.18
2026.02.05 10:43:28 INFO  no build target found for /scratch/jfx/ucie-q2y26/scala/src/main/scala/d2dadapter/D2DAdapter.scala. Using presentation compiler with project's scala-library version: 2.13.18
2026.02.05 10:43:29 WARN  Could not find 'LinkManagementController' using presentation compiler nor semanticdb. Trying to guess the definition using available information from local class context. 
2026.02.05 10:43:29 INFO  empty definition using pc, found symbol in pc:  (full report at: "/scratch/jfx/ucie-q2y26/.metals/.reports/metals-full/2026-02-05/r_empty-definition_10-04-36-051.md")
Exception in thread "pool-11-thread-3" java.lang.AbstractMethodError: Receiver class scala.meta.internal.pc.MetalsGlobal$MetalsInteractiveAnalyzer does not define or inherit an implementation of the resolved method 'scala.tools.nsc.typechecker.Implicits$ImplicitInfo$ ImplicitInfo()' of interface scala.tools.nsc.typechecker.Analyzer.
	at scala.tools.nsc.typechecker.Implicits$$anon$4.<init>(Implicits.scala:337)
	at scala.tools.nsc.typechecker.Implicits.$init$(Implicits.scala:337)
	at scala.meta.internal.pc.MetalsGlobal$MetalsInteractiveAnalyzer.<init>(MetalsGlobal.scala:77)
	at scala.meta.internal.pc.MetalsGlobal.analyzer$lzycompute(MetalsGlobal.scala:112)
	at scala.meta.internal.pc.MetalsGlobal.analyzer(MetalsGlobal.scala:111)
	at scala.meta.internal.pc.MetalsGlobal.analyzer(MetalsGlobal.scala:35)
	at scala.tools.nsc.Global.<init>(Global.scala:1029)
	at scala.tools.nsc.interactive.Global.<init>(Global.scala:120)
	at scala.meta.internal.pc.MetalsGlobal.<init>(MetalsGlobal.scala:42)
	at scala.meta.internal.pc.ScalaPresentationCompiler.newCompiler(ScalaPresentationCompiler.scala:514)
	at scala.meta.internal.pc.ScalaPresentationCompiler.$anonfun$compilerAccess$1(ScalaPresentationCompiler.scala:116)
	at scala.meta.internal.pc.CompilerAccess.loadCompiler(CompilerAccess.scala:52)
	at scala.meta.internal.pc.CompilerAccess.withSharedCompiler(CompilerAccess.scala:156)
	at scala.meta.internal.pc.CompilerAccess.$anonfun$withNonInterruptableCompiler$1(CompilerAccess.scala:142)
	at scala.meta.internal.pc.CompilerAccess.$anonfun$onCompilerJobQueue$1(CompilerAccess.scala:245)
	at scala.meta.internal.pc.CompilerJobQueue$Job.run(CompilerJobQueue.scala:152)
	at java.base/java.util.concurrent.ThreadPoolExecutor.runWorker(ThreadPoolExecutor.java:1136)
	at java.base/java.util.concurrent.ThreadPoolExecutor$Worker.run(ThreadPoolExecutor.java:635)
	at java.base/java.lang.Thread.run(Thread.java:840)
Exception in thread "pool-11-thread-4" java.lang.AbstractMethodError: Receiver class scala.meta.internal.pc.MetalsGlobal$MetalsInteractiveAnalyzer does not define or inherit an implementation of the resolved method 'scala.tools.nsc.typechecker.Implicits$ImplicitInfo$ ImplicitInfo()' of interface scala.tools.nsc.typechecker.Analyzer.
	at scala.tools.nsc.typechecker.Implicits$$anon$4.<init>(Implicits.scala:337)
	at scala.tools.nsc.typechecker.Implicits.$init$(Implicits.scala:337)
	at scala.meta.internal.pc.MetalsGlobal$MetalsInteractiveAnalyzer.<init>(MetalsGlobal.scala:77)
	at scala.meta.internal.pc.MetalsGlobal.analyzer$lzycompute(MetalsGlobal.scala:112)
	at scala.meta.internal.pc.MetalsGlobal.analyzer(MetalsGlobal.scala:111)
	at scala.meta.internal.pc.MetalsGlobal.analyzer(MetalsGlobal.scala:35)
	at scala.tools.nsc.Global.<init>(Global.scala:1029)
	at scala.tools.nsc.interactive.Global.<init>(Global.scala:120)
	at scala.meta.internal.pc.MetalsGlobal.<init>(MetalsGlobal.scala:42)
	at scala.meta.internal.pc.ScalaPresentationCompiler.newCompiler(ScalaPresentationCompiler.scala:514)
	at scala.meta.internal.pc.ScalaPresentationCompiler.$anonfun$compilerAccess$1(ScalaPresentationCompiler.scala:116)
	at scala.meta.internal.pc.CompilerAccess.loadCompiler(CompilerAccess.scala:52)
	at scala.meta.internal.pc.CompilerAccess.withSharedCompiler(CompilerAccess.scala:156)
	at scala.meta.internal.pc.CompilerAccess.$anonfun$withInterruptableCompiler$1(CompilerAccess.scala:102)
	at scala.meta.internal.pc.CompilerAccess.$anonfun$onCompilerJobQueue$1(CompilerAccess.scala:245)
	at scala.meta.internal.pc.CompilerJobQueue$Job.run(CompilerJobQueue.scala:152)
	at java.base/java.util.concurrent.ThreadPoolExecutor.runWorker(ThreadPoolExecutor.java:1136)
	at java.base/java.util.concurrent.ThreadPoolExecutor$Worker.run(ThreadPoolExecutor.java:635)
	at java.base/java.lang.Thread.run(Thread.java:840)
Exception in thread "pool-11-thread-5" java.lang.AbstractMethodError: Receiver class scala.meta.internal.pc.MetalsGlobal$MetalsInteractiveAnalyzer does not define or inherit an implementation of the resolved method 'scala.tools.nsc.typechecker.Implicits$ImplicitInfo$ ImplicitInfo()' of interface scala.tools.nsc.typechecker.Analyzer.
	at scala.tools.nsc.typechecker.Implicits$$anon$4.<init>(Implicits.scala:337)
	at scala.tools.nsc.typechecker.Implicits.$init$(Implicits.scala:337)
	at scala.meta.internal.pc.MetalsGlobal$MetalsInteractiveAnalyzer.<init>(MetalsGlobal.scala:77)
	at scala.meta.internal.pc.MetalsGlobal.analyzer$lzycompute(MetalsGlobal.scala:112)
	at scala.meta.internal.pc.MetalsGlobal.analyzer(MetalsGlobal.scala:111)
	at scala.meta.internal.pc.MetalsGlobal.analyzer(MetalsGlobal.scala:35)
	at scala.tools.nsc.Global.<init>(Global.scala:1029)
	at scala.tools.nsc.interactive.Global.<init>(Global.scala:120)
	at scala.meta.internal.pc.MetalsGlobal.<init>(MetalsGlobal.scala:42)
	at scala.meta.internal.pc.ScalaPresentationCompiler.newCompiler(ScalaPresentationCompiler.scala:514)
	at scala.meta.internal.pc.ScalaPresentationCompiler.$anonfun$compilerAccess$1(ScalaPresentationCompiler.scala:116)
	at scala.meta.internal.pc.CompilerAccess.loadCompiler(CompilerAccess.scala:52)
	at scala.meta.internal.pc.CompilerAccess.withSharedCompiler(CompilerAccess.scala:156)
	at scala.meta.internal.pc.CompilerAccess.$anonfun$withNonInterruptableCompiler$1(CompilerAccess.scala:142)
	at scala.meta.internal.pc.CompilerAccess.$anonfun$onCompilerJobQueue$1(CompilerAccess.scala:245)
	at scala.meta.internal.pc.CompilerJobQueue$Job.run(CompilerJobQueue.scala:152)
	at java.base/java.util.concurrent.ThreadPoolExecutor.runWorker(ThreadPoolExecutor.java:1136)
	at java.base/java.util.concurrent.ThreadPoolExecutor$Worker.run(ThreadPoolExecutor.java:635)
	at java.base/java.lang.Thread.run(Thread.java:840)
Exception in thread "pool-11-thread-6" java.lang.AbstractMethodError: Receiver class scala.meta.internal.pc.MetalsGlobal$MetalsInteractiveAnalyzer does not define or inherit an implementation of the resolved method 'scala.tools.nsc.typechecker.Implicits$ImplicitInfo$ ImplicitInfo()' of interface scala.tools.nsc.typechecker.Analyzer.
	at scala.tools.nsc.typechecker.Implicits$$anon$4.<init>(Implicits.scala:337)
	at scala.tools.nsc.typechecker.Implicits.$init$(Implicits.scala:337)
	at scala.meta.internal.pc.MetalsGlobal$MetalsInteractiveAnalyzer.<init>(MetalsGlobal.scala:77)
	at scala.meta.internal.pc.MetalsGlobal.analyzer$lzycompute(MetalsGlobal.scala:112)
	at scala.meta.internal.pc.MetalsGlobal.analyzer(MetalsGlobal.scala:111)
	at scala.meta.internal.pc.MetalsGlobal.analyzer(MetalsGlobal.scala:35)
	at scala.tools.nsc.Global.<init>(Global.scala:1029)
	at scala.tools.nsc.interactive.Global.<init>(Global.scala:120)
	at scala.meta.internal.pc.MetalsGlobal.<init>(MetalsGlobal.scala:42)
	at scala.meta.internal.pc.ScalaPresentationCompiler.newCompiler(ScalaPresentationCompiler.scala:514)
	at scala.meta.internal.pc.ScalaPresentationCompiler.$anonfun$compilerAccess$1(ScalaPresentationCompiler.scala:116)
	at scala.meta.internal.pc.CompilerAccess.loadCompiler(CompilerAccess.scala:52)
	at scala.meta.internal.pc.CompilerAccess.withSharedCompiler(CompilerAccess.scala:156)
	at scala.meta.internal.pc.CompilerAccess.$anonfun$withNonInterruptableCompiler$1(CompilerAccess.scala:142)
	at scala.meta.internal.pc.CompilerAccess.$anonfun$onCompilerJobQueue$1(CompilerAccess.scala:245)
	at scala.meta.internal.pc.CompilerJobQueue$Job.run(CompilerJobQueue.scala:152)
	at java.base/java.util.concurrent.ThreadPoolExecutor.runWorker(ThreadPoolExecutor.java:1136)
	at java.base/java.util.concurrent.ThreadPoolExecutor$Worker.run(ThreadPoolExecutor.java:635)
	at java.base/java.lang.Thread.run(Thread.java:840)
Exception in thread "pool-11-thread-7" java.lang.AbstractMethodError: Receiver class scala.meta.internal.pc.MetalsGlobal$MetalsInteractiveAnalyzer does not define or inherit an implementation of the resolved method 'scala.tools.nsc.typechecker.Implicits$ImplicitInfo$ ImplicitInfo()' of interface scala.tools.nsc.typechecker.Analyzer.
	at scala.tools.nsc.typechecker.Implicits$$anon$4.<init>(Implicits.scala:337)
	at scala.tools.nsc.typechecker.Implicits.$init$(Implicits.scala:337)
	at scala.meta.internal.pc.MetalsGlobal$MetalsInteractiveAnalyzer.<init>(MetalsGlobal.scala:77)
	at scala.meta.internal.pc.MetalsGlobal.analyzer$lzycompute(MetalsGlobal.scala:112)
	at scala.meta.internal.pc.MetalsGlobal.analyzer(MetalsGlobal.scala:111)
	at scala.meta.internal.pc.MetalsGlobal.analyzer(MetalsGlobal.scala:35)
	at scala.tools.nsc.Global.<init>(Global.scala:1029)
	at scala.tools.nsc.interactive.Global.<init>(Global.scala:120)
	at scala.meta.internal.pc.MetalsGlobal.<init>(MetalsGlobal.scala:42)
	at scala.meta.internal.pc.ScalaPresentationCompiler.newCompiler(ScalaPresentationCompiler.scala:514)
	at scala.meta.internal.pc.ScalaPresentationCompiler.$anonfun$compilerAccess$1(ScalaPresentationCompiler.scala:116)
	at scala.meta.internal.pc.CompilerAccess.loadCompiler(CompilerAccess.scala:52)
	at scala.meta.internal.pc.CompilerAccess.withSharedCompiler(CompilerAccess.scala:156)
	at scala.meta.internal.pc.CompilerAccess.$anonfun$withNonInterruptableCompiler$1(CompilerAccess.scala:142)
	at scala.meta.internal.pc.CompilerAccess.$anonfun$onCompilerJobQueue$1(CompilerAccess.scala:245)
	at scala.meta.internal.pc.CompilerJobQueue$Job.run(CompilerJobQueue.scala:152)
	at java.base/java.util.concurrent.ThreadPoolExecutor.runWorker(ThreadPoolExecutor.java:1136)
	at java.base/java.util.concurrent.ThreadPoolExecutor$Worker.run(ThreadPoolExecutor.java:635)
	at java.base/java.lang.Thread.run(Thread.java:840)
Exception in thread "pool-11-thread-8" java.lang.AbstractMethodError: Receiver class scala.meta.internal.pc.MetalsGlobal$MetalsInteractiveAnalyzer does not define or inherit an implementation of the resolved method 'scala.tools.nsc.typechecker.Implicits$ImplicitInfo$ ImplicitInfo()' of interface scala.tools.nsc.typechecker.Analyzer.
	at scala.tools.nsc.typechecker.Implicits$$anon$4.<init>(Implicits.scala:337)
	at scala.tools.nsc.typechecker.Implicits.$init$(Implicits.scala:337)
	at scala.meta.internal.pc.MetalsGlobal$MetalsInteractiveAnalyzer.<init>(MetalsGlobal.scala:77)
	at scala.meta.internal.pc.MetalsGlobal.analyzer$lzycompute(MetalsGlobal.scala:112)
	at scala.meta.internal.pc.MetalsGlobal.analyzer(MetalsGlobal.scala:111)
	at scala.meta.internal.pc.MetalsGlobal.analyzer(MetalsGlobal.scala:35)
	at scala.tools.nsc.Global.<init>(Global.scala:1029)
	at scala.tools.nsc.interactive.Global.<init>(Global.scala:120)
	at scala.meta.internal.pc.MetalsGlobal.<init>(MetalsGlobal.scala:42)
	at scala.meta.internal.pc.ScalaPresentationCompiler.newCompiler(ScalaPresentationCompiler.scala:514)
	at scala.meta.internal.pc.ScalaPresentationCompiler.$anonfun$compilerAccess$1(ScalaPresentationCompiler.scala:116)
	at scala.meta.internal.pc.CompilerAccess.loadCompiler(CompilerAccess.scala:52)
	at scala.meta.internal.pc.CompilerAccess.withSharedCompiler(CompilerAccess.scala:156)
	at scala.meta.internal.pc.CompilerAccess.$anonfun$withNonInterruptableCompiler$1(CompilerAccess.scala:142)
	at scala.meta.internal.pc.CompilerAccess.$anonfun$onCompilerJobQueue$1(CompilerAccess.scala:245)
	at scala.meta.internal.pc.CompilerJobQueue$Job.run(CompilerJobQueue.scala:152)
	at java.base/java.util.concurrent.ThreadPoolExecutor.runWorker(ThreadPoolExecutor.java:1136)
	at java.base/java.util.concurrent.ThreadPoolExecutor$Worker.run(ThreadPoolExecutor.java:635)
	at java.base/java.lang.Thread.run(Thread.java:840)
Exception in thread "pool-11-thread-9" java.lang.AbstractMethodError: Receiver class scala.meta.internal.pc.MetalsGlobal$MetalsInteractiveAnalyzer does not define or inherit an implementation of the resolved method 'scala.tools.nsc.typechecker.Implicits$ImplicitInfo$ ImplicitInfo()' of interface scala.tools.nsc.typechecker.Analyzer.
	at scala.tools.nsc.typechecker.Implicits$$anon$4.<init>(Implicits.scala:337)
	at scala.tools.nsc.typechecker.Implicits.$init$(Implicits.scala:337)
	at scala.meta.internal.pc.MetalsGlobal$MetalsInteractiveAnalyzer.<init>(MetalsGlobal.scala:77)
	at scala.meta.internal.pc.MetalsGlobal.analyzer$lzycompute(MetalsGlobal.scala:112)
	at scala.meta.internal.pc.MetalsGlobal.analyzer(MetalsGlobal.scala:111)
	at scala.meta.internal.pc.MetalsGlobal.analyzer(MetalsGlobal.scala:35)
	at scala.tools.nsc.Global.<init>(Global.scala:1029)
	at scala.tools.nsc.interactive.Global.<init>(Global.scala:120)
	at scala.meta.internal.pc.MetalsGlobal.<init>(MetalsGlobal.scala:42)
	at scala.meta.internal.pc.ScalaPresentationCompiler.newCompiler(ScalaPresentationCompiler.scala:514)
	at scala.meta.internal.pc.ScalaPresentationCompiler.$anonfun$compilerAccess$1(ScalaPresentationCompiler.scala:116)
	at scala.meta.internal.pc.CompilerAccess.loadCompiler(CompilerAccess.scala:52)
	at scala.meta.internal.pc.CompilerAccess.withSharedCompiler(CompilerAccess.scala:156)
	at scala.meta.internal.pc.CompilerAccess.$anonfun$withNonInterruptableCompiler$1(CompilerAccess.scala:142)
	at scala.meta.internal.pc.CompilerAccess.$anonfun$onCompilerJobQueue$1(CompilerAccess.scala:245)
	at scala.meta.internal.pc.CompilerJobQueue$Job.run(CompilerJobQueue.scala:152)
	at java.base/java.util.concurrent.ThreadPoolExecutor.runWorker(ThreadPoolExecutor.java:1136)
	at java.base/java.util.concurrent.ThreadPoolExecutor$Worker.run(ThreadPoolExecutor.java:635)
	at java.base/java.lang.Thread.run(Thread.java:840)
Exception in thread "pool-11-thread-10" java.lang.AbstractMethodError: Receiver class scala.meta.internal.pc.MetalsGlobal$MetalsInteractiveAnalyzer does not define or inherit an implementation of the resolved method 'scala.tools.nsc.typechecker.Implicits$ImplicitInfo$ ImplicitInfo()' of interface scala.tools.nsc.typechecker.Analyzer.
	at scala.tools.nsc.typechecker.Implicits$$anon$4.<init>(Implicits.scala:337)
	at scala.tools.nsc.typechecker.Implicits.$init$(Implicits.scala:337)
	at scala.meta.internal.pc.MetalsGlobal$MetalsInteractiveAnalyzer.<init>(MetalsGlobal.scala:77)
	at scala.meta.internal.pc.MetalsGlobal.analyzer$lzycompute(MetalsGlobal.scala:112)
	at scala.meta.internal.pc.MetalsGlobal.analyzer(MetalsGlobal.scala:111)
	at scala.meta.internal.pc.MetalsGlobal.analyzer(MetalsGlobal.scala:35)
	at scala.tools.nsc.Global.<init>(Global.scala:1029)
	at scala.tools.nsc.interactive.Global.<init>(Global.scala:120)
	at scala.meta.internal.pc.MetalsGlobal.<init>(MetalsGlobal.scala:42)
	at scala.meta.internal.pc.ScalaPresentationCompiler.newCompiler(ScalaPresentationCompiler.scala:514)
	at scala.meta.internal.pc.ScalaPresentationCompiler.$anonfun$compilerAccess$1(ScalaPresentationCompiler.scala:116)
	at scala.meta.internal.pc.CompilerAccess.loadCompiler(CompilerAccess.scala:52)
	at scala.meta.internal.pc.CompilerAccess.withSharedCompiler(CompilerAccess.scala:156)
	at scala.meta.internal.pc.CompilerAccess.$anonfun$withInterruptableCompiler$1(CompilerAccess.scala:102)
	at scala.meta.internal.pc.CompilerAccess.$anonfun$onCompilerJobQueue$1(CompilerAccess.scala:245)
	at scala.meta.internal.pc.CompilerJobQueue$Job.run(CompilerJobQueue.scala:152)
	at java.base/java.util.concurrent.ThreadPoolExecutor.runWorker(ThreadPoolExecutor.java:1136)
	at java.base/java.util.concurrent.ThreadPoolExecutor$Worker.run(ThreadPoolExecutor.java:635)
	at java.base/java.lang.Thread.run(Thread.java:840)
Exception in thread "pool-11-thread-11" java.lang.AbstractMethodError: Receiver class scala.meta.internal.pc.MetalsGlobal$MetalsInteractiveAnalyzer does not define or inherit an implementation of the resolved method 'scala.tools.nsc.typechecker.Implicits$ImplicitInfo$ ImplicitInfo()' of interface scala.tools.nsc.typechecker.Analyzer.
	at scala.tools.nsc.typechecker.Implicits$$anon$4.<init>(Implicits.scala:337)
	at scala.tools.nsc.typechecker.Implicits.$init$(Implicits.scala:337)
	at scala.meta.internal.pc.MetalsGlobal$MetalsInteractiveAnalyzer.<init>(MetalsGlobal.scala:77)
	at scala.meta.internal.pc.MetalsGlobal.analyzer$lzycompute(MetalsGlobal.scala:112)
	at scala.meta.internal.pc.MetalsGlobal.analyzer(MetalsGlobal.scala:111)
	at scala.meta.internal.pc.MetalsGlobal.analyzer(MetalsGlobal.scala:35)
	at scala.tools.nsc.Global.<init>(Global.scala:1029)
	at scala.tools.nsc.interactive.Global.<init>(Global.scala:120)
	at scala.meta.internal.pc.MetalsGlobal.<init>(MetalsGlobal.scala:42)
	at scala.meta.internal.pc.ScalaPresentationCompiler.newCompiler(ScalaPresentationCompiler.scala:514)
	at scala.meta.internal.pc.ScalaPresentationCompiler.$anonfun$compilerAccess$1(ScalaPresentationCompiler.scala:116)
	at scala.meta.internal.pc.CompilerAccess.loadCompiler(CompilerAccess.scala:52)
	at scala.meta.internal.pc.CompilerAccess.withSharedCompiler(CompilerAccess.scala:156)
	at scala.meta.internal.pc.CompilerAccess.$anonfun$withInterruptableCompiler$1(CompilerAccess.scala:102)
	at scala.meta.internal.pc.CompilerAccess.$anonfun$onCompilerJobQueue$1(CompilerAccess.scala:245)
	at scala.meta.internal.pc.CompilerJobQueue$Job.run(CompilerJobQueue.scala:152)
	at java.base/java.util.concurrent.ThreadPoolExecutor.runWorker(ThreadPoolExecutor.java:1136)
	at java.base/java.util.concurrent.ThreadPoolExecutor$Worker.run(ThreadPoolExecutor.java:635)
	at java.base/java.lang.Thread.run(Thread.java:840)
Exception in thread "pool-11-thread-12" java.lang.AbstractMethodError: Receiver class scala.meta.internal.pc.MetalsGlobal$MetalsInteractiveAnalyzer does not define or inherit an implementation of the resolved method 'scala.tools.nsc.typechecker.Implicits$ImplicitInfo$ ImplicitInfo()' of interface scala.tools.nsc.typechecker.Analyzer.
	at scala.tools.nsc.typechecker.Implicits$$anon$4.<init>(Implicits.scala:337)
	at scala.tools.nsc.typechecker.Implicits.$init$(Implicits.scala:337)
	at scala.meta.internal.pc.MetalsGlobal$MetalsInteractiveAnalyzer.<init>(MetalsGlobal.scala:77)
	at scala.meta.internal.pc.MetalsGlobal.analyzer$lzycompute(MetalsGlobal.scala:112)
	at scala.meta.internal.pc.MetalsGlobal.analyzer(MetalsGlobal.scala:111)
	at scala.meta.internal.pc.MetalsGlobal.analyzer(MetalsGlobal.scala:35)
	at scala.tools.nsc.Global.<init>(Global.scala:1029)
	at scala.tools.nsc.interactive.Global.<init>(Global.scala:120)
	at scala.meta.internal.pc.MetalsGlobal.<init>(MetalsGlobal.scala:42)
	at scala.meta.internal.pc.ScalaPresentationCompiler.newCompiler(ScalaPresentationCompiler.scala:514)
	at scala.meta.internal.pc.ScalaPresentationCompiler.$anonfun$compilerAccess$1(ScalaPresentationCompiler.scala:116)
	at scala.meta.internal.pc.CompilerAccess.loadCompiler(CompilerAccess.scala:52)
	at scala.meta.internal.pc.CompilerAccess.withSharedCompiler(CompilerAccess.scala:156)
	at scala.meta.internal.pc.CompilerAccess.$anonfun$withInterruptableCompiler$1(CompilerAccess.scala:102)
	at scala.meta.internal.pc.CompilerAccess.$anonfun$onCompilerJobQueue$1(CompilerAccess.scala:245)
	at scala.meta.internal.pc.CompilerJobQueue$Job.run(CompilerJobQueue.scala:152)
	at java.base/java.util.concurrent.ThreadPoolExecutor.runWorker(ThreadPoolExecutor.java:1136)
	at java.base/java.util.concurrent.ThreadPoolExecutor$Worker.run(ThreadPoolExecutor.java:635)
	at java.base/java.lang.Thread.run(Thread.java:840)
Exception in thread "pool-11-thread-13" java.lang.AbstractMethodError: Receiver class scala.meta.internal.pc.MetalsGlobal$MetalsInteractiveAnalyzer does not define or inherit an implementation of the resolved method 'scala.tools.nsc.typechecker.Implicits$ImplicitInfo$ ImplicitInfo()' of interface scala.tools.nsc.typechecker.Analyzer.
	at scala.tools.nsc.typechecker.Implicits$$anon$4.<init>(Implicits.scala:337)
	at scala.tools.nsc.typechecker.Implicits.$init$(Implicits.scala:337)
	at scala.meta.internal.pc.MetalsGlobal$MetalsInteractiveAnalyzer.<init>(MetalsGlobal.scala:77)
	at scala.meta.internal.pc.MetalsGlobal.analyzer$lzycompute(MetalsGlobal.scala:112)
	at scala.meta.internal.pc.MetalsGlobal.analyzer(MetalsGlobal.scala:111)
	at scala.meta.internal.pc.MetalsGlobal.analyzer(MetalsGlobal.scala:35)
	at scala.tools.nsc.Global.<init>(Global.scala:1029)
	at scala.tools.nsc.interactive.Global.<init>(Global.scala:120)
	at scala.meta.internal.pc.MetalsGlobal.<init>(MetalsGlobal.scala:42)
	at scala.meta.internal.pc.ScalaPresentationCompiler.newCompiler(ScalaPresentationCompiler.scala:514)
	at scala.meta.internal.pc.ScalaPresentationCompiler.$anonfun$compilerAccess$1(ScalaPresentationCompiler.scala:116)
	at scala.meta.internal.pc.CompilerAccess.loadCompiler(CompilerAccess.scala:52)
	at scala.meta.internal.pc.CompilerAccess.withSharedCompiler(CompilerAccess.scala:156)
	at scala.meta.internal.pc.CompilerAccess.$anonfun$withInterruptableCompiler$1(CompilerAccess.scala:102)
	at scala.meta.internal.pc.CompilerAccess.$anonfun$onCompilerJobQueue$1(CompilerAccess.scala:245)
	at scala.meta.internal.pc.CompilerJobQueue$Job.run(CompilerJobQueue.scala:152)
	at java.base/java.util.concurrent.ThreadPoolExecutor.runWorker(ThreadPoolExecutor.java:1136)
	at java.base/java.util.concurrent.ThreadPoolExecutor$Worker.run(ThreadPoolExecutor.java:635)
	at java.base/java.lang.Thread.run(Thread.java:840)
Exception in thread "pool-11-thread-14" java.lang.AbstractMethodError: Receiver class scala.meta.internal.pc.MetalsGlobal$MetalsInteractiveAnalyzer does not define or inherit an implementation of the resolved method 'scala.tools.nsc.typechecker.Implicits$ImplicitInfo$ ImplicitInfo()' of interface scala.tools.nsc.typechecker.Analyzer.
	at scala.tools.nsc.typechecker.Implicits$$anon$4.<init>(Implicits.scala:337)
	at scala.tools.nsc.typechecker.Implicits.$init$(Implicits.scala:337)
	at scala.meta.internal.pc.MetalsGlobal$MetalsInteractiveAnalyzer.<init>(MetalsGlobal.scala:77)
	at scala.meta.internal.pc.MetalsGlobal.analyzer$lzycompute(MetalsGlobal.scala:112)
	at scala.meta.internal.pc.MetalsGlobal.analyzer(MetalsGlobal.scala:111)
	at scala.meta.internal.pc.MetalsGlobal.analyzer(MetalsGlobal.scala:35)
	at scala.tools.nsc.Global.<init>(Global.scala:1029)
	at scala.tools.nsc.interactive.Global.<init>(Global.scala:120)
	at scala.meta.internal.pc.MetalsGlobal.<init>(MetalsGlobal.scala:42)
	at scala.meta.internal.pc.ScalaPresentationCompiler.newCompiler(ScalaPresentationCompiler.scala:514)
	at scala.meta.internal.pc.ScalaPresentationCompiler.$anonfun$compilerAccess$1(ScalaPresentationCompiler.scala:116)
	at scala.meta.internal.pc.CompilerAccess.loadCompiler(CompilerAccess.scala:52)
	at scala.meta.internal.pc.CompilerAccess.withSharedCompiler(CompilerAccess.scala:156)
	at scala.meta.internal.pc.CompilerAccess.$anonfun$withInterruptableCompiler$1(CompilerAccess.scala:102)
	at scala.meta.internal.pc.CompilerAccess.$anonfun$onCompilerJobQueue$1(CompilerAccess.scala:245)
	at scala.meta.internal.pc.CompilerJobQueue$Job.run(CompilerJobQueue.scala:152)
	at java.base/java.util.concurrent.ThreadPoolExecutor.runWorker(ThreadPoolExecutor.java:1136)
	at java.base/java.util.concurrent.ThreadPoolExecutor$Worker.run(ThreadPoolExecutor.java:635)
	at java.base/java.lang.Thread.run(Thread.java:840)
Exception in thread "pool-11-thread-15" java.lang.AbstractMethodError: Receiver class scala.meta.internal.pc.MetalsGlobal$MetalsInteractiveAnalyzer does not define or inherit an implementation of the resolved method 'scala.tools.nsc.typechecker.Implicits$ImplicitInfo$ ImplicitInfo()' of interface scala.tools.nsc.typechecker.Analyzer.
	at scala.tools.nsc.typechecker.Implicits$$anon$4.<init>(Implicits.scala:337)
	at scala.tools.nsc.typechecker.Implicits.$init$(Implicits.scala:337)
	at scala.meta.internal.pc.MetalsGlobal$MetalsInteractiveAnalyzer.<init>(MetalsGlobal.scala:77)
	at scala.meta.internal.pc.MetalsGlobal.analyzer$lzycompute(MetalsGlobal.scala:112)
	at scala.meta.internal.pc.MetalsGlobal.analyzer(MetalsGlobal.scala:111)
	at scala.meta.internal.pc.MetalsGlobal.analyzer(MetalsGlobal.scala:35)
	at scala.tools.nsc.Global.<init>(Global.scala:1029)
	at scala.tools.nsc.interactive.Global.<init>(Global.scala:120)
	at scala.meta.internal.pc.MetalsGlobal.<init>(MetalsGlobal.scala:42)
	at scala.meta.internal.pc.ScalaPresentationCompiler.newCompiler(ScalaPresentationCompiler.scala:514)
	at scala.meta.internal.pc.ScalaPresentationCompiler.$anonfun$compilerAccess$1(ScalaPresentationCompiler.scala:116)
	at scala.meta.internal.pc.CompilerAccess.loadCompiler(CompilerAccess.scala:52)
	at scala.meta.internal.pc.CompilerAccess.withSharedCompiler(CompilerAccess.scala:156)
	at scala.meta.internal.pc.CompilerAccess.$anonfun$withInterruptableCompiler$1(CompilerAccess.scala:102)
	at scala.meta.internal.pc.CompilerAccess.$anonfun$onCompilerJobQueue$1(CompilerAccess.scala:245)
	at scala.meta.internal.pc.CompilerJobQueue$Job.run(CompilerJobQueue.scala:152)
	at java.base/java.util.concurrent.ThreadPoolExecutor.runWorker(ThreadPoolExecutor.java:1136)
	at java.base/java.util.concurrent.ThreadPoolExecutor$Worker.run(ThreadPoolExecutor.java:635)
	at java.base/java.lang.Thread.run(Thread.java:840)
Exception in thread "pool-11-thread-16" java.lang.AbstractMethodError: Receiver class scala.meta.internal.pc.MetalsGlobal$MetalsInteractiveAnalyzer does not define or inherit an implementation of the resolved method 'scala.tools.nsc.typechecker.Implicits$ImplicitInfo$ ImplicitInfo()' of interface scala.tools.nsc.typechecker.Analyzer.
	at scala.tools.nsc.typechecker.Implicits$$anon$4.<init>(Implicits.scala:337)
	at scala.tools.nsc.typechecker.Implicits.$init$(Implicits.scala:337)
	at scala.meta.internal.pc.MetalsGlobal$MetalsInteractiveAnalyzer.<init>(MetalsGlobal.scala:77)
	at scala.meta.internal.pc.MetalsGlobal.analyzer$lzycompute(MetalsGlobal.scala:112)
	at scala.meta.internal.pc.MetalsGlobal.analyzer(MetalsGlobal.scala:111)
	at scala.meta.internal.pc.MetalsGlobal.analyzer(MetalsGlobal.scala:35)
	at scala.tools.nsc.Global.<init>(Global.scala:1029)
	at scala.tools.nsc.interactive.Global.<init>(Global.scala:120)
	at scala.meta.internal.pc.MetalsGlobal.<init>(MetalsGlobal.scala:42)
	at scala.meta.internal.pc.ScalaPresentationCompiler.newCompiler(ScalaPresentationCompiler.scala:514)
	at scala.meta.internal.pc.ScalaPresentationCompiler.$anonfun$compilerAccess$1(ScalaPresentationCompiler.scala:116)
	at scala.meta.internal.pc.CompilerAccess.loadCompiler(CompilerAccess.scala:52)
	at scala.meta.internal.pc.CompilerAccess.withSharedCompiler(CompilerAccess.scala:156)
	at scala.meta.internal.pc.CompilerAccess.$anonfun$withInterruptableCompiler$1(CompilerAccess.scala:102)
	at scala.meta.internal.pc.CompilerAccess.$anonfun$onCompilerJobQueue$1(CompilerAccess.scala:245)
	at scala.meta.internal.pc.CompilerJobQueue$Job.run(CompilerJobQueue.scala:152)
	at java.base/java.util.concurrent.ThreadPoolExecutor.runWorker(ThreadPoolExecutor.java:1136)
	at java.base/java.util.concurrent.ThreadPoolExecutor$Worker.run(ThreadPoolExecutor.java:635)
	at java.base/java.lang.Thread.run(Thread.java:840)
Exception in thread "pool-11-thread-17" java.lang.AbstractMethodError: Receiver class scala.meta.internal.pc.MetalsGlobal$MetalsInteractiveAnalyzer does not define or inherit an implementation of the resolved method 'scala.tools.nsc.typechecker.Implicits$ImplicitInfo$ ImplicitInfo()' of interface scala.tools.nsc.typechecker.Analyzer.
	at scala.tools.nsc.typechecker.Implicits$$anon$4.<init>(Implicits.scala:337)
	at scala.tools.nsc.typechecker.Implicits.$init$(Implicits.scala:337)
	at scala.meta.internal.pc.MetalsGlobal$MetalsInteractiveAnalyzer.<init>(MetalsGlobal.scala:77)
	at scala.meta.internal.pc.MetalsGlobal.analyzer$lzycompute(MetalsGlobal.scala:112)
	at scala.meta.internal.pc.MetalsGlobal.analyzer(MetalsGlobal.scala:111)
	at scala.meta.internal.pc.MetalsGlobal.analyzer(MetalsGlobal.scala:35)
	at scala.tools.nsc.Global.<init>(Global.scala:1029)
	at scala.tools.nsc.interactive.Global.<init>(Global.scala:120)
	at scala.meta.internal.pc.MetalsGlobal.<init>(MetalsGlobal.scala:42)
	at scala.meta.internal.pc.ScalaPresentationCompiler.newCompiler(ScalaPresentationCompiler.scala:514)
	at scala.meta.internal.pc.ScalaPresentationCompiler.$anonfun$compilerAccess$1(ScalaPresentationCompiler.scala:116)
	at scala.meta.internal.pc.CompilerAccess.loadCompiler(CompilerAccess.scala:52)
	at scala.meta.internal.pc.CompilerAccess.withSharedCompiler(CompilerAccess.scala:156)
	at scala.meta.internal.pc.CompilerAccess.$anonfun$withInterruptableCompiler$1(CompilerAccess.scala:102)
	at scala.meta.internal.pc.CompilerAccess.$anonfun$onCompilerJobQueue$1(CompilerAccess.scala:245)
	at scala.meta.internal.pc.CompilerJobQueue$Job.run(CompilerJobQueue.scala:152)
	at java.base/java.util.concurrent.ThreadPoolExecutor.runWorker(ThreadPoolExecutor.java:1136)
	at java.base/java.util.concurrent.ThreadPoolExecutor$Worker.run(ThreadPoolExecutor.java:635)
	at java.base/java.lang.Thread.run(Thread.java:840)
Exception in thread "pool-11-thread-18" java.lang.AbstractMethodError: Receiver class scala.meta.internal.pc.MetalsGlobal$MetalsInteractiveAnalyzer does not define or inherit an implementation of the resolved method 'scala.tools.nsc.typechecker.Implicits$ImplicitInfo$ ImplicitInfo()' of interface scala.tools.nsc.typechecker.Analyzer.
	at scala.tools.nsc.typechecker.Implicits$$anon$4.<init>(Implicits.scala:337)
	at scala.tools.nsc.typechecker.Implicits.$init$(Implicits.scala:337)
	at scala.meta.internal.pc.MetalsGlobal$MetalsInteractiveAnalyzer.<init>(MetalsGlobal.scala:77)
	at scala.meta.internal.pc.MetalsGlobal.analyzer$lzycompute(MetalsGlobal.scala:112)
	at scala.meta.internal.pc.MetalsGlobal.analyzer(MetalsGlobal.scala:111)
	at scala.meta.internal.pc.MetalsGlobal.analyzer(MetalsGlobal.scala:35)
	at scala.tools.nsc.Global.<init>(Global.scala:1029)
	at scala.tools.nsc.interactive.Global.<init>(Global.scala:120)
	at scala.meta.internal.pc.MetalsGlobal.<init>(MetalsGlobal.scala:42)
	at scala.meta.internal.pc.ScalaPresentationCompiler.newCompiler(ScalaPresentationCompiler.scala:514)
	at scala.meta.internal.pc.ScalaPresentationCompiler.$anonfun$compilerAccess$1(ScalaPresentationCompiler.scala:116)
	at scala.meta.internal.pc.CompilerAccess.loadCompiler(CompilerAccess.scala:52)
	at scala.meta.internal.pc.CompilerAccess.withSharedCompiler(CompilerAccess.scala:156)
	at scala.meta.internal.pc.CompilerAccess.$anonfun$withInterruptableCompiler$1(CompilerAccess.scala:102)
	at scala.meta.internal.pc.CompilerAccess.$anonfun$onCompilerJobQueue$1(CompilerAccess.scala:245)
	at scala.meta.internal.pc.CompilerJobQueue$Job.run(CompilerJobQueue.scala:152)
	at java.base/java.util.concurrent.ThreadPoolExecutor.runWorker(ThreadPoolExecutor.java:1136)
	at java.base/java.util.concurrent.ThreadPoolExecutor$Worker.run(ThreadPoolExecutor.java:635)
	at java.base/java.lang.Thread.run(Thread.java:840)
Exception in thread "pool-11-thread-19" java.lang.AbstractMethodError: Receiver class scala.meta.internal.pc.MetalsGlobal$MetalsInteractiveAnalyzer does not define or inherit an implementation of the resolved method 'scala.tools.nsc.typechecker.Implicits$ImplicitInfo$ ImplicitInfo()' of interface scala.tools.nsc.typechecker.Analyzer.
	at scala.tools.nsc.typechecker.Implicits$$anon$4.<init>(Implicits.scala:337)
	at scala.tools.nsc.typechecker.Implicits.$init$(Implicits.scala:337)
	at scala.meta.internal.pc.MetalsGlobal$MetalsInteractiveAnalyzer.<init>(MetalsGlobal.scala:77)
	at scala.meta.internal.pc.MetalsGlobal.analyzer$lzycompute(MetalsGlobal.scala:112)
	at scala.meta.internal.pc.MetalsGlobal.analyzer(MetalsGlobal.scala:111)
	at scala.meta.internal.pc.MetalsGlobal.analyzer(MetalsGlobal.scala:35)
	at scala.tools.nsc.Global.<init>(Global.scala:1029)
	at scala.tools.nsc.interactive.Global.<init>(Global.scala:120)
	at scala.meta.internal.pc.MetalsGlobal.<init>(MetalsGlobal.scala:42)
	at scala.meta.internal.pc.ScalaPresentationCompiler.newCompiler(ScalaPresentationCompiler.scala:514)
	at scala.meta.internal.pc.ScalaPresentationCompiler.$anonfun$compilerAccess$1(ScalaPresentationCompiler.scala:116)
	at scala.meta.internal.pc.CompilerAccess.loadCompiler(CompilerAccess.scala:52)
	at scala.meta.internal.pc.CompilerAccess.withSharedCompiler(CompilerAccess.scala:156)
	at scala.meta.internal.pc.CompilerAccess.$anonfun$withInterruptableCompiler$1(CompilerAccess.scala:102)
	at scala.meta.internal.pc.CompilerAccess.$anonfun$onCompilerJobQueue$1(CompilerAccess.scala:245)
	at scala.meta.internal.pc.CompilerJobQueue$Job.run(CompilerJobQueue.scala:152)
	at java.base/java.util.concurrent.ThreadPoolExecutor.runWorker(ThreadPoolExecutor.java:1136)
	at java.base/java.util.concurrent.ThreadPoolExecutor$Worker.run(ThreadPoolExecutor.java:635)
	at java.base/java.lang.Thread.run(Thread.java:840)
Exception in thread "pool-11-thread-20" java.lang.AbstractMethodError: Receiver class scala.meta.internal.pc.MetalsGlobal$MetalsInteractiveAnalyzer does not define or inherit an implementation of the resolved method 'scala.tools.nsc.typechecker.Implicits$ImplicitInfo$ ImplicitInfo()' of interface scala.tools.nsc.typechecker.Analyzer.
	at scala.tools.nsc.typechecker.Implicits$$anon$4.<init>(Implicits.scala:337)
	at scala.tools.nsc.typechecker.Implicits.$init$(Implicits.scala:337)
	at scala.meta.internal.pc.MetalsGlobal$MetalsInteractiveAnalyzer.<init>(MetalsGlobal.scala:77)
	at scala.meta.internal.pc.MetalsGlobal.analyzer$lzycompute(MetalsGlobal.scala:112)
	at scala.meta.internal.pc.MetalsGlobal.analyzer(MetalsGlobal.scala:111)
	at scala.meta.internal.pc.MetalsGlobal.analyzer(MetalsGlobal.scala:35)
	at scala.tools.nsc.Global.<init>(Global.scala:1029)
	at scala.tools.nsc.interactive.Global.<init>(Global.scala:120)
	at scala.meta.internal.pc.MetalsGlobal.<init>(MetalsGlobal.scala:42)
	at scala.meta.internal.pc.ScalaPresentationCompiler.newCompiler(ScalaPresentationCompiler.scala:514)
	at scala.meta.internal.pc.ScalaPresentationCompiler.$anonfun$compilerAccess$1(ScalaPresentationCompiler.scala:116)
	at scala.meta.internal.pc.CompilerAccess.loadCompiler(CompilerAccess.scala:52)
	at scala.meta.internal.pc.CompilerAccess.withSharedCompiler(CompilerAccess.scala:156)
	at scala.meta.internal.pc.CompilerAccess.$anonfun$withInterruptableCompiler$1(CompilerAccess.scala:102)
	at scala.meta.internal.pc.CompilerAccess.$anonfun$onCompilerJobQueue$1(CompilerAccess.scala:245)
	at scala.meta.internal.pc.CompilerJobQueue$Job.run(CompilerJobQueue.scala:152)
	at java.base/java.util.concurrent.ThreadPoolExecutor.runWorker(ThreadPoolExecutor.java:1136)
	at java.base/java.util.concurrent.ThreadPoolExecutor$Worker.run(ThreadPoolExecutor.java:635)
	at java.base/java.lang.Thread.run(Thread.java:840)
Exception in thread "pool-11-thread-21" java.lang.AbstractMethodError: Receiver class scala.meta.internal.pc.MetalsGlobal$MetalsInteractiveAnalyzer does not define or inherit an implementation of the resolved method 'scala.tools.nsc.typechecker.Implicits$ImplicitInfo$ ImplicitInfo()' of interface scala.tools.nsc.typechecker.Analyzer.
	at scala.tools.nsc.typechecker.Implicits$$anon$4.<init>(Implicits.scala:337)
	at scala.tools.nsc.typechecker.Implicits.$init$(Implicits.scala:337)
	at scala.meta.internal.pc.MetalsGlobal$MetalsInteractiveAnalyzer.<init>(MetalsGlobal.scala:77)
	at scala.meta.internal.pc.MetalsGlobal.analyzer$lzycompute(MetalsGlobal.scala:112)
	at scala.meta.internal.pc.MetalsGlobal.analyzer(MetalsGlobal.scala:111)
	at scala.meta.internal.pc.MetalsGlobal.analyzer(MetalsGlobal.scala:35)
	at scala.tools.nsc.Global.<init>(Global.scala:1029)
	at scala.tools.nsc.interactive.Global.<init>(Global.scala:120)
	at scala.meta.internal.pc.MetalsGlobal.<init>(MetalsGlobal.scala:42)
	at scala.meta.internal.pc.ScalaPresentationCompiler.newCompiler(ScalaPresentationCompiler.scala:514)
	at scala.meta.internal.pc.ScalaPresentationCompiler.$anonfun$compilerAccess$1(ScalaPresentationCompiler.scala:116)
	at scala.meta.internal.pc.CompilerAccess.loadCompiler(CompilerAccess.scala:52)
	at scala.meta.internal.pc.CompilerAccess.withSharedCompiler(CompilerAccess.scala:156)
	at scala.meta.internal.pc.CompilerAccess.$anonfun$withInterruptableCompiler$1(CompilerAccess.scala:102)
	at scala.meta.internal.pc.CompilerAccess.$anonfun$onCompilerJobQueue$1(CompilerAccess.scala:245)
	at scala.meta.internal.pc.CompilerJobQueue$Job.run(CompilerJobQueue.scala:152)
	at java.base/java.util.concurrent.ThreadPoolExecutor.runWorker(ThreadPoolExecutor.java:1136)
	at java.base/java.util.concurrent.ThreadPoolExecutor$Worker.run(ThreadPoolExecutor.java:635)
	at java.base/java.lang.Thread.run(Thread.java:840)
Exception in thread "pool-11-thread-22" java.lang.AbstractMethodError: Receiver class scala.meta.internal.pc.MetalsGlobal$MetalsInteractiveAnalyzer does not define or inherit an implementation of the resolved method 'scala.tools.nsc.typechecker.Implicits$ImplicitInfo$ ImplicitInfo()' of interface scala.tools.nsc.typechecker.Analyzer.
	at scala.tools.nsc.typechecker.Implicits$$anon$4.<init>(Implicits.scala:337)
	at scala.tools.nsc.typechecker.Implicits.$init$(Implicits.scala:337)
	at scala.meta.internal.pc.MetalsGlobal$MetalsInteractiveAnalyzer.<init>(MetalsGlobal.scala:77)
	at scala.meta.internal.pc.MetalsGlobal.analyzer$lzycompute(MetalsGlobal.scala:112)
	at scala.meta.internal.pc.MetalsGlobal.analyzer(MetalsGlobal.scala:111)
	at scala.meta.internal.pc.MetalsGlobal.analyzer(MetalsGlobal.scala:35)
	at scala.tools.nsc.Global.<init>(Global.scala:1029)
	at scala.tools.nsc.interactive.Global.<init>(Global.scala:120)
	at scala.meta.internal.pc.MetalsGlobal.<init>(MetalsGlobal.scala:42)
	at scala.meta.internal.pc.ScalaPresentationCompiler.newCompiler(ScalaPresentationCompiler.scala:514)
	at scala.meta.internal.pc.ScalaPresentationCompiler.$anonfun$compilerAccess$1(ScalaPresentationCompiler.scala:116)
	at scala.meta.internal.pc.CompilerAccess.loadCompiler(CompilerAccess.scala:52)
	at scala.meta.internal.pc.CompilerAccess.withSharedCompiler(CompilerAccess.scala:156)
	at scala.meta.internal.pc.CompilerAccess.$anonfun$withInterruptableCompiler$1(CompilerAccess.scala:102)
	at scala.meta.internal.pc.CompilerAccess.$anonfun$onCompilerJobQueue$1(CompilerAccess.scala:245)
	at scala.meta.internal.pc.CompilerJobQueue$Job.run(CompilerJobQueue.scala:152)
	at java.base/java.util.concurrent.ThreadPoolExecutor.runWorker(ThreadPoolExecutor.java:1136)
	at java.base/java.util.concurrent.ThreadPoolExecutor$Worker.run(ThreadPoolExecutor.java:635)
	at java.base/java.lang.Thread.run(Thread.java:840)
Exception in thread "pool-11-thread-23" java.lang.AbstractMethodError: Receiver class scala.meta.internal.pc.MetalsGlobal$MetalsInteractiveAnalyzer does not define or inherit an implementation of the resolved method 'scala.tools.nsc.typechecker.Implicits$ImplicitInfo$ ImplicitInfo()' of interface scala.tools.nsc.typechecker.Analyzer.
	at scala.tools.nsc.typechecker.Implicits$$anon$4.<init>(Implicits.scala:337)
	at scala.tools.nsc.typechecker.Implicits.$init$(Implicits.scala:337)
	at scala.meta.internal.pc.MetalsGlobal$MetalsInteractiveAnalyzer.<init>(MetalsGlobal.scala:77)
	at scala.meta.internal.pc.MetalsGlobal.analyzer$lzycompute(MetalsGlobal.scala:112)
	at scala.meta.internal.pc.MetalsGlobal.analyzer(MetalsGlobal.scala:111)
	at scala.meta.internal.pc.MetalsGlobal.analyzer(MetalsGlobal.scala:35)
	at scala.tools.nsc.Global.<init>(Global.scala:1029)
	at scala.tools.nsc.interactive.Global.<init>(Global.scala:120)
	at scala.meta.internal.pc.MetalsGlobal.<init>(MetalsGlobal.scala:42)
	at scala.meta.internal.pc.ScalaPresentationCompiler.newCompiler(ScalaPresentationCompiler.scala:514)
	at scala.meta.internal.pc.ScalaPresentationCompiler.$anonfun$compilerAccess$1(ScalaPresentationCompiler.scala:116)
	at scala.meta.internal.pc.CompilerAccess.loadCompiler(CompilerAccess.scala:52)
	at scala.meta.internal.pc.CompilerAccess.withSharedCompiler(CompilerAccess.scala:156)
	at scala.meta.internal.pc.CompilerAccess.$anonfun$withInterruptableCompiler$1(CompilerAccess.scala:102)
	at scala.meta.internal.pc.CompilerAccess.$anonfun$onCompilerJobQueue$1(CompilerAccess.scala:245)
	at scala.meta.internal.pc.CompilerJobQueue$Job.run(CompilerJobQueue.scala:152)
	at java.base/java.util.concurrent.ThreadPoolExecutor.runWorker(ThreadPoolExecutor.java:1136)
	at java.base/java.util.concurrent.ThreadPoolExecutor$Worker.run(ThreadPoolExecutor.java:635)
	at java.base/java.lang.Thread.run(Thread.java:840)
Exception in thread "pool-12-thread-1" java.lang.AbstractMethodError: Receiver class scala.meta.internal.pc.MetalsGlobal$MetalsInteractiveAnalyzer does not define or inherit an implementation of the resolved method 'scala.tools.nsc.typechecker.Implicits$ImplicitInfo$ ImplicitInfo()' of interface scala.tools.nsc.typechecker.Analyzer.
	at scala.tools.nsc.typechecker.Implicits$$anon$4.<init>(Implicits.scala:337)
	at scala.tools.nsc.typechecker.Implicits.$init$(Implicits.scala:337)
	at scala.meta.internal.pc.MetalsGlobal$MetalsInteractiveAnalyzer.<init>(MetalsGlobal.scala:77)
	at scala.meta.internal.pc.MetalsGlobal.analyzer$lzycompute(MetalsGlobal.scala:112)
	at scala.meta.internal.pc.MetalsGlobal.analyzer(MetalsGlobal.scala:111)
	at scala.meta.internal.pc.MetalsGlobal.analyzer(MetalsGlobal.scala:35)
	at scala.tools.nsc.Global.<init>(Global.scala:1029)
	at scala.tools.nsc.interactive.Global.<init>(Global.scala:120)
	at scala.meta.internal.pc.MetalsGlobal.<init>(MetalsGlobal.scala:42)
	at scala.meta.internal.pc.ScalaPresentationCompiler.newCompiler(ScalaPresentationCompiler.scala:514)
	at scala.meta.internal.pc.ScalaPresentationCompiler.$anonfun$compilerAccess$1(ScalaPresentationCompiler.scala:116)
	at scala.meta.internal.pc.CompilerAccess.loadCompiler(CompilerAccess.scala:52)
	at scala.meta.internal.pc.CompilerAccess.withSharedCompiler(CompilerAccess.scala:156)
	at scala.meta.internal.pc.CompilerAccess.$anonfun$withInterruptableCompiler$1(CompilerAccess.scala:102)
	at scala.meta.internal.pc.CompilerAccess.$anonfun$onCompilerJobQueue$1(CompilerAccess.scala:245)
	at scala.meta.internal.pc.CompilerJobQueue$Job.run(CompilerJobQueue.scala:152)
	at java.base/java.util.concurrent.ThreadPoolExecutor.runWorker(ThreadPoolExecutor.java:1136)
	at java.base/java.util.concurrent.ThreadPoolExecutor$Worker.run(ThreadPoolExecutor.java:635)
	at java.base/java.lang.Thread.run(Thread.java:840)
Exception in thread "pool-12-thread-2" java.lang.AbstractMethodError: Receiver class scala.meta.internal.pc.MetalsGlobal$MetalsInteractiveAnalyzer does not define or inherit an implementation of the resolved method 'scala.tools.nsc.typechecker.Implicits$ImplicitInfo$ ImplicitInfo()' of interface scala.tools.nsc.typechecker.Analyzer.
	at scala.tools.nsc.typechecker.Implicits$$anon$4.<init>(Implicits.scala:337)
	at scala.tools.nsc.typechecker.Implicits.$init$(Implicits.scala:337)
	at scala.meta.internal.pc.MetalsGlobal$MetalsInteractiveAnalyzer.<init>(MetalsGlobal.scala:77)
	at scala.meta.internal.pc.MetalsGlobal.analyzer$lzycompute(MetalsGlobal.scala:112)
	at scala.meta.internal.pc.MetalsGlobal.analyzer(MetalsGlobal.scala:111)
	at scala.meta.internal.pc.MetalsGlobal.analyzer(MetalsGlobal.scala:35)
	at scala.tools.nsc.Global.<init>(Global.scala:1029)
	at scala.tools.nsc.interactive.Global.<init>(Global.scala:120)
	at scala.meta.internal.pc.MetalsGlobal.<init>(MetalsGlobal.scala:42)
	at scala.meta.internal.pc.ScalaPresentationCompiler.newCompiler(ScalaPresentationCompiler.scala:514)
	at scala.meta.internal.pc.ScalaPresentationCompiler.$anonfun$compilerAccess$1(ScalaPresentationCompiler.scala:116)
	at scala.meta.internal.pc.CompilerAccess.loadCompiler(CompilerAccess.scala:52)
	at scala.meta.internal.pc.CompilerAccess.withSharedCompiler(CompilerAccess.scala:156)
	at scala.meta.internal.pc.CompilerAccess.$anonfun$withInterruptableCompiler$1(CompilerAccess.scala:102)
	at scala.meta.internal.pc.CompilerAccess.$anonfun$onCompilerJobQueue$1(CompilerAccess.scala:245)
	at scala.meta.internal.pc.CompilerJobQueue$Job.run(CompilerJobQueue.scala:152)
	at java.base/java.util.concurrent.ThreadPoolExecutor.runWorker(ThreadPoolExecutor.java:1136)
	at java.base/java.util.concurrent.ThreadPoolExecutor$Worker.run(ThreadPoolExecutor.java:635)
	at java.base/java.lang.Thread.run(Thread.java:840)
Exception in thread "pool-12-thread-3" java.lang.AbstractMethodError: Receiver class scala.meta.internal.pc.MetalsGlobal$MetalsInteractiveAnalyzer does not define or inherit an implementation of the resolved method 'scala.tools.nsc.typechecker.Implicits$ImplicitInfo$ ImplicitInfo()' of interface scala.tools.nsc.typechecker.Analyzer.
	at scala.tools.nsc.typechecker.Implicits$$anon$4.<init>(Implicits.scala:337)
	at scala.tools.nsc.typechecker.Implicits.$init$(Implicits.scala:337)
	at scala.meta.internal.pc.MetalsGlobal$MetalsInteractiveAnalyzer.<init>(MetalsGlobal.scala:77)
	at scala.meta.internal.pc.MetalsGlobal.analyzer$lzycompute(MetalsGlobal.scala:112)
	at scala.meta.internal.pc.MetalsGlobal.analyzer(MetalsGlobal.scala:111)
	at scala.meta.internal.pc.MetalsGlobal.analyzer(MetalsGlobal.scala:35)
	at scala.tools.nsc.Global.<init>(Global.scala:1029)
	at scala.tools.nsc.interactive.Global.<init>(Global.scala:120)
	at scala.meta.internal.pc.MetalsGlobal.<init>(MetalsGlobal.scala:42)
	at scala.meta.internal.pc.ScalaPresentationCompiler.newCompiler(ScalaPresentationCompiler.scala:514)
	at scala.meta.internal.pc.ScalaPresentationCompiler.$anonfun$compilerAccess$1(ScalaPresentationCompiler.scala:116)
	at scala.meta.internal.pc.CompilerAccess.loadCompiler(CompilerAccess.scala:52)
	at scala.meta.internal.pc.CompilerAccess.withSharedCompiler(CompilerAccess.scala:156)
	at scala.meta.internal.pc.CompilerAccess.$anonfun$withInterruptableCompiler$1(CompilerAccess.scala:102)
	at scala.meta.internal.pc.CompilerAccess.$anonfun$onCompilerJobQueue$1(CompilerAccess.scala:245)
	at scala.meta.internal.pc.CompilerJobQueue$Job.run(CompilerJobQueue.scala:152)
	at java.base/java.util.concurrent.ThreadPoolExecutor.runWorker(ThreadPoolExecutor.java:1136)
	at java.base/java.util.concurrent.ThreadPoolExecutor$Worker.run(ThreadPoolExecutor.java:635)
	at java.base/java.lang.Thread.run(Thread.java:840)
Exception in thread "pool-12-thread-4" java.lang.AbstractMethodError: Receiver class scala.meta.internal.pc.MetalsGlobal$MetalsInteractiveAnalyzer does not define or inherit an implementation of the resolved method 'scala.tools.nsc.typechecker.Implicits$ImplicitInfo$ ImplicitInfo()' of interface scala.tools.nsc.typechecker.Analyzer.
	at scala.tools.nsc.typechecker.Implicits$$anon$4.<init>(Implicits.scala:337)
	at scala.tools.nsc.typechecker.Implicits.$init$(Implicits.scala:337)
	at scala.meta.internal.pc.MetalsGlobal$MetalsInteractiveAnalyzer.<init>(MetalsGlobal.scala:77)
	at scala.meta.internal.pc.MetalsGlobal.analyzer$lzycompute(MetalsGlobal.scala:112)
	at scala.meta.internal.pc.MetalsGlobal.analyzer(MetalsGlobal.scala:111)
	at scala.meta.internal.pc.MetalsGlobal.analyzer(MetalsGlobal.scala:35)
	at scala.tools.nsc.Global.<init>(Global.scala:1029)
	at scala.tools.nsc.interactive.Global.<init>(Global.scala:120)
	at scala.meta.internal.pc.MetalsGlobal.<init>(MetalsGlobal.scala:42)
	at scala.meta.internal.pc.ScalaPresentationCompiler.newCompiler(ScalaPresentationCompiler.scala:514)
	at scala.meta.internal.pc.ScalaPresentationCompiler.$anonfun$compilerAccess$1(ScalaPresentationCompiler.scala:116)
	at scala.meta.internal.pc.CompilerAccess.loadCompiler(CompilerAccess.scala:52)
	at scala.meta.internal.pc.CompilerAccess.withSharedCompiler(CompilerAccess.scala:156)
	at scala.meta.internal.pc.CompilerAccess.$anonfun$withInterruptableCompiler$1(CompilerAccess.scala:102)
	at scala.meta.internal.pc.CompilerAccess.$anonfun$onCompilerJobQueue$1(CompilerAccess.scala:245)
	at scala.meta.internal.pc.CompilerJobQueue$Job.run(CompilerJobQueue.scala:152)
	at java.base/java.util.concurrent.ThreadPoolExecutor.runWorker(ThreadPoolExecutor.java:1136)
	at java.base/java.util.concurrent.ThreadPoolExecutor$Worker.run(ThreadPoolExecutor.java:635)
	at java.base/java.lang.Thread.run(Thread.java:840)
Exception in thread "pool-12-thread-5" java.lang.AbstractMethodError: Receiver class scala.meta.internal.pc.MetalsGlobal$MetalsInteractiveAnalyzer does not define or inherit an implementation of the resolved method 'scala.tools.nsc.typechecker.Implicits$ImplicitInfo$ ImplicitInfo()' of interface scala.tools.nsc.typechecker.Analyzer.
	at scala.tools.nsc.typechecker.Implicits$$anon$4.<init>(Implicits.scala:337)
	at scala.tools.nsc.typechecker.Implicits.$init$(Implicits.scala:337)
	at scala.meta.internal.pc.MetalsGlobal$MetalsInteractiveAnalyzer.<init>(MetalsGlobal.scala:77)
	at scala.meta.internal.pc.MetalsGlobal.analyzer$lzycompute(MetalsGlobal.scala:112)
	at scala.meta.internal.pc.MetalsGlobal.analyzer(MetalsGlobal.scala:111)
	at scala.meta.internal.pc.MetalsGlobal.analyzer(MetalsGlobal.scala:35)
	at scala.tools.nsc.Global.<init>(Global.scala:1029)
	at scala.tools.nsc.interactive.Global.<init>(Global.scala:120)
	at scala.meta.internal.pc.MetalsGlobal.<init>(MetalsGlobal.scala:42)
	at scala.meta.internal.pc.ScalaPresentationCompiler.newCompiler(ScalaPresentationCompiler.scala:514)
	at scala.meta.internal.pc.ScalaPresentationCompiler.$anonfun$compilerAccess$1(ScalaPresentationCompiler.scala:116)
	at scala.meta.internal.pc.CompilerAccess.loadCompiler(CompilerAccess.scala:52)
	at scala.meta.internal.pc.CompilerAccess.withSharedCompiler(CompilerAccess.scala:156)
	at scala.meta.internal.pc.CompilerAccess.$anonfun$withInterruptableCompiler$1(CompilerAccess.scala:102)
	at scala.meta.internal.pc.CompilerAccess.$anonfun$onCompilerJobQueue$1(CompilerAccess.scala:245)
	at scala.meta.internal.pc.CompilerJobQueue$Job.run(CompilerJobQueue.scala:152)
	at java.base/java.util.concurrent.ThreadPoolExecutor.runWorker(ThreadPoolExecutor.java:1136)
	at java.base/java.util.concurrent.ThreadPoolExecutor$Worker.run(ThreadPoolExecutor.java:635)
	at java.base/java.lang.Thread.run(Thread.java:840)
Exception in thread "pool-12-thread-6" java.lang.AbstractMethodError: Receiver class scala.meta.internal.pc.MetalsGlobal$MetalsInteractiveAnalyzer does not define or inherit an implementation of the resolved method 'scala.tools.nsc.typechecker.Implicits$ImplicitInfo$ ImplicitInfo()' of interface scala.tools.nsc.typechecker.Analyzer.
	at scala.tools.nsc.typechecker.Implicits$$anon$4.<init>(Implicits.scala:337)
	at scala.tools.nsc.typechecker.Implicits.$init$(Implicits.scala:337)
	at scala.meta.internal.pc.MetalsGlobal$MetalsInteractiveAnalyzer.<init>(MetalsGlobal.scala:77)
	at scala.meta.internal.pc.MetalsGlobal.analyzer$lzycompute(MetalsGlobal.scala:112)
	at scala.meta.internal.pc.MetalsGlobal.analyzer(MetalsGlobal.scala:111)
	at scala.meta.internal.pc.MetalsGlobal.analyzer(MetalsGlobal.scala:35)
	at scala.tools.nsc.Global.<init>(Global.scala:1029)
	at scala.tools.nsc.interactive.Global.<init>(Global.scala:120)
	at scala.meta.internal.pc.MetalsGlobal.<init>(MetalsGlobal.scala:42)
	at scala.meta.internal.pc.ScalaPresentationCompiler.newCompiler(ScalaPresentationCompiler.scala:514)
	at scala.meta.internal.pc.ScalaPresentationCompiler.$anonfun$compilerAccess$1(ScalaPresentationCompiler.scala:116)
	at scala.meta.internal.pc.CompilerAccess.loadCompiler(CompilerAccess.scala:52)
	at scala.meta.internal.pc.CompilerAccess.withSharedCompiler(CompilerAccess.scala:156)
	at scala.meta.internal.pc.CompilerAccess.$anonfun$withInterruptableCompiler$1(CompilerAccess.scala:102)
	at scala.meta.internal.pc.CompilerAccess.$anonfun$onCompilerJobQueue$1(CompilerAccess.scala:245)
	at scala.meta.internal.pc.CompilerJobQueue$Job.run(CompilerJobQueue.scala:152)
	at java.base/java.util.concurrent.ThreadPoolExecutor.runWorker(ThreadPoolExecutor.java:1136)
	at java.base/java.util.concurrent.ThreadPoolExecutor$Worker.run(ThreadPoolExecutor.java:635)
	at java.base/java.lang.Thread.run(Thread.java:840)
Exception in thread "pool-12-thread-7" java.lang.AbstractMethodError: Receiver class scala.meta.internal.pc.MetalsGlobal$MetalsInteractiveAnalyzer does not define or inherit an implementation of the resolved method 'scala.tools.nsc.typechecker.Implicits$ImplicitInfo$ ImplicitInfo()' of interface scala.tools.nsc.typechecker.Analyzer.
	at scala.tools.nsc.typechecker.Implicits$$anon$4.<init>(Implicits.scala:337)
	at scala.tools.nsc.typechecker.Implicits.$init$(Implicits.scala:337)
	at scala.meta.internal.pc.MetalsGlobal$MetalsInteractiveAnalyzer.<init>(MetalsGlobal.scala:77)
	at scala.meta.internal.pc.MetalsGlobal.analyzer$lzycompute(MetalsGlobal.scala:112)
	at scala.meta.internal.pc.MetalsGlobal.analyzer(MetalsGlobal.scala:111)
	at scala.meta.internal.pc.MetalsGlobal.analyzer(MetalsGlobal.scala:35)
	at scala.tools.nsc.Global.<init>(Global.scala:1029)
	at scala.tools.nsc.interactive.Global.<init>(Global.scala:120)
	at scala.meta.internal.pc.MetalsGlobal.<init>(MetalsGlobal.scala:42)
	at scala.meta.internal.pc.ScalaPresentationCompiler.newCompiler(ScalaPresentationCompiler.scala:514)
	at scala.meta.internal.pc.ScalaPresentationCompiler.$anonfun$compilerAccess$1(ScalaPresentationCompiler.scala:116)
	at scala.meta.internal.pc.CompilerAccess.loadCompiler(CompilerAccess.scala:52)
	at scala.meta.internal.pc.CompilerAccess.withSharedCompiler(CompilerAccess.scala:156)
	at scala.meta.internal.pc.CompilerAccess.$anonfun$withInterruptableCompiler$1(CompilerAccess.scala:102)
	at scala.meta.internal.pc.CompilerAccess.$anonfun$onCompilerJobQueue$1(CompilerAccess.scala:245)
	at scala.meta.internal.pc.CompilerJobQueue$Job.run(CompilerJobQueue.scala:152)
	at java.base/java.util.concurrent.ThreadPoolExecutor.runWorker(ThreadPoolExecutor.java:1136)
	at java.base/java.util.concurrent.ThreadPoolExecutor$Worker.run(ThreadPoolExecutor.java:635)
	at java.base/java.lang.Thread.run(Thread.java:840)
Exception in thread "pool-12-thread-8" java.lang.AbstractMethodError: Receiver class scala.meta.internal.pc.MetalsGlobal$MetalsInteractiveAnalyzer does not define or inherit an implementation of the resolved method 'scala.tools.nsc.typechecker.Implicits$ImplicitInfo$ ImplicitInfo()' of interface scala.tools.nsc.typechecker.Analyzer.
	at scala.tools.nsc.typechecker.Implicits$$anon$4.<init>(Implicits.scala:337)
	at scala.tools.nsc.typechecker.Implicits.$init$(Implicits.scala:337)
	at scala.meta.internal.pc.MetalsGlobal$MetalsInteractiveAnalyzer.<init>(MetalsGlobal.scala:77)
	at scala.meta.internal.pc.MetalsGlobal.analyzer$lzycompute(MetalsGlobal.scala:112)
	at scala.meta.internal.pc.MetalsGlobal.analyzer(MetalsGlobal.scala:111)
	at scala.meta.internal.pc.MetalsGlobal.analyzer(MetalsGlobal.scala:35)
	at scala.tools.nsc.Global.<init>(Global.scala:1029)
	at scala.tools.nsc.interactive.Global.<init>(Global.scala:120)
	at scala.meta.internal.pc.MetalsGlobal.<init>(MetalsGlobal.scala:42)
	at scala.meta.internal.pc.ScalaPresentationCompiler.newCompiler(ScalaPresentationCompiler.scala:514)
	at scala.meta.internal.pc.ScalaPresentationCompiler.$anonfun$compilerAccess$1(ScalaPresentationCompiler.scala:116)
	at scala.meta.internal.pc.CompilerAccess.loadCompiler(CompilerAccess.scala:52)
	at scala.meta.internal.pc.CompilerAccess.withSharedCompiler(CompilerAccess.scala:156)
	at scala.meta.internal.pc.CompilerAccess.$anonfun$withInterruptableCompiler$1(CompilerAccess.scala:102)
	at scala.meta.internal.pc.CompilerAccess.$anonfun$onCompilerJobQueue$1(CompilerAccess.scala:245)
	at scala.meta.internal.pc.CompilerJobQueue$Job.run(CompilerJobQueue.scala:152)
	at java.base/java.util.concurrent.ThreadPoolExecutor.runWorker(ThreadPoolExecutor.java:1136)
	at java.base/java.util.concurrent.ThreadPoolExecutor$Worker.run(ThreadPoolExecutor.java:635)
	at java.base/java.lang.Thread.run(Thread.java:840)
Exception in thread "pool-12-thread-9" java.lang.AbstractMethodError: Receiver class scala.meta.internal.pc.MetalsGlobal$MetalsInteractiveAnalyzer does not define or inherit an implementation of the resolved method 'scala.tools.nsc.typechecker.Implicits$ImplicitInfo$ ImplicitInfo()' of interface scala.tools.nsc.typechecker.Analyzer.
	at scala.tools.nsc.typechecker.Implicits$$anon$4.<init>(Implicits.scala:337)
	at scala.tools.nsc.typechecker.Implicits.$init$(Implicits.scala:337)
	at scala.meta.internal.pc.MetalsGlobal$MetalsInteractiveAnalyzer.<init>(MetalsGlobal.scala:77)
	at scala.meta.internal.pc.MetalsGlobal.analyzer$lzycompute(MetalsGlobal.scala:112)
	at scala.meta.internal.pc.MetalsGlobal.analyzer(MetalsGlobal.scala:111)
	at scala.meta.internal.pc.MetalsGlobal.analyzer(MetalsGlobal.scala:35)
	at scala.tools.nsc.Global.<init>(Global.scala:1029)
	at scala.tools.nsc.interactive.Global.<init>(Global.scala:120)
	at scala.meta.internal.pc.MetalsGlobal.<init>(MetalsGlobal.scala:42)
	at scala.meta.internal.pc.ScalaPresentationCompiler.newCompiler(ScalaPresentationCompiler.scala:514)
	at scala.meta.internal.pc.ScalaPresentationCompiler.$anonfun$compilerAccess$1(ScalaPresentationCompiler.scala:116)
	at scala.meta.internal.pc.CompilerAccess.loadCompiler(CompilerAccess.scala:52)
	at scala.meta.internal.pc.CompilerAccess.withSharedCompiler(CompilerAccess.scala:156)
	at scala.meta.internal.pc.CompilerAccess.$anonfun$withInterruptableCompiler$1(CompilerAccess.scala:102)
	at scala.meta.internal.pc.CompilerAccess.$anonfun$onCompilerJobQueue$1(CompilerAccess.scala:245)
	at scala.meta.internal.pc.CompilerJobQueue$Job.run(CompilerJobQueue.scala:152)
	at java.base/java.util.concurrent.ThreadPoolExecutor.runWorker(ThreadPoolExecutor.java:1136)
	at java.base/java.util.concurrent.ThreadPoolExecutor$Worker.run(ThreadPoolExecutor.java:635)
	at java.base/java.lang.Thread.run(Thread.java:840)
Exception in thread "pool-12-thread-10" java.lang.AbstractMethodError: Receiver class scala.meta.internal.pc.MetalsGlobal$MetalsInteractiveAnalyzer does not define or inherit an implementation of the resolved method 'scala.tools.nsc.typechecker.Implicits$ImplicitInfo$ ImplicitInfo()' of interface scala.tools.nsc.typechecker.Analyzer.
	at scala.tools.nsc.typechecker.Implicits$$anon$4.<init>(Implicits.scala:337)
	at scala.tools.nsc.typechecker.Implicits.$init$(Implicits.scala:337)
	at scala.meta.internal.pc.MetalsGlobal$MetalsInteractiveAnalyzer.<init>(MetalsGlobal.scala:77)
	at scala.meta.internal.pc.MetalsGlobal.analyzer$lzycompute(MetalsGlobal.scala:112)
	at scala.meta.internal.pc.MetalsGlobal.analyzer(MetalsGlobal.scala:111)
	at scala.meta.internal.pc.MetalsGlobal.analyzer(MetalsGlobal.scala:35)
	at scala.tools.nsc.Global.<init>(Global.scala:1029)
	at scala.tools.nsc.interactive.Global.<init>(Global.scala:120)
	at scala.meta.internal.pc.MetalsGlobal.<init>(MetalsGlobal.scala:42)
	at scala.meta.internal.pc.ScalaPresentationCompiler.newCompiler(ScalaPresentationCompiler.scala:514)
	at scala.meta.internal.pc.ScalaPresentationCompiler.$anonfun$compilerAccess$1(ScalaPresentationCompiler.scala:116)
	at scala.meta.internal.pc.CompilerAccess.loadCompiler(CompilerAccess.scala:52)
	at scala.meta.internal.pc.CompilerAccess.withSharedCompiler(CompilerAccess.scala:156)
	at scala.meta.internal.pc.CompilerAccess.$anonfun$withInterruptableCompiler$1(CompilerAccess.scala:102)
	at scala.meta.internal.pc.CompilerAccess.$anonfun$onCompilerJobQueue$1(CompilerAccess.scala:245)
	at scala.meta.internal.pc.CompilerJobQueue$Job.run(CompilerJobQueue.scala:152)
	at java.base/java.util.concurrent.ThreadPoolExecutor.runWorker(ThreadPoolExecutor.java:1136)
	at java.base/java.util.concurrent.ThreadPoolExecutor$Worker.run(ThreadPoolExecutor.java:635)
	at java.base/java.lang.Thread.run(Thread.java:840)
Exception in thread "pool-12-thread-11" java.lang.AbstractMethodError: Receiver class scala.meta.internal.pc.MetalsGlobal$MetalsInteractiveAnalyzer does not define or inherit an implementation of the resolved method 'scala.tools.nsc.typechecker.Implicits$ImplicitInfo$ ImplicitInfo()' of interface scala.tools.nsc.typechecker.Analyzer.
	at scala.tools.nsc.typechecker.Implicits$$anon$4.<init>(Implicits.scala:337)
	at scala.tools.nsc.typechecker.Implicits.$init$(Implicits.scala:337)
	at scala.meta.internal.pc.MetalsGlobal$MetalsInteractiveAnalyzer.<init>(MetalsGlobal.scala:77)
	at scala.meta.internal.pc.MetalsGlobal.analyzer$lzycompute(MetalsGlobal.scala:112)
	at scala.meta.internal.pc.MetalsGlobal.analyzer(MetalsGlobal.scala:111)
	at scala.meta.internal.pc.MetalsGlobal.analyzer(MetalsGlobal.scala:35)
	at scala.tools.nsc.Global.<init>(Global.scala:1029)
	at scala.tools.nsc.interactive.Global.<init>(Global.scala:120)
	at scala.meta.internal.pc.MetalsGlobal.<init>(MetalsGlobal.scala:42)
	at scala.meta.internal.pc.ScalaPresentationCompiler.newCompiler(ScalaPresentationCompiler.scala:514)
	at scala.meta.internal.pc.ScalaPresentationCompiler.$anonfun$compilerAccess$1(ScalaPresentationCompiler.scala:116)
	at scala.meta.internal.pc.CompilerAccess.loadCompiler(CompilerAccess.scala:52)
	at scala.meta.internal.pc.CompilerAccess.withSharedCompiler(CompilerAccess.scala:156)
	at scala.meta.internal.pc.CompilerAccess.$anonfun$withInterruptableCompiler$1(CompilerAccess.scala:102)
	at scala.meta.internal.pc.CompilerAccess.$anonfun$onCompilerJobQueue$1(CompilerAccess.scala:245)
	at scala.meta.internal.pc.CompilerJobQueue$Job.run(CompilerJobQueue.scala:152)
	at java.base/java.util.concurrent.ThreadPoolExecutor.runWorker(ThreadPoolExecutor.java:1136)
	at java.base/java.util.concurrent.ThreadPoolExecutor$Worker.run(ThreadPoolExecutor.java:635)
	at java.base/java.lang.Thread.run(Thread.java:840)
Exception in thread "pool-12-thread-12" java.lang.AbstractMethodError: Receiver class scala.meta.internal.pc.MetalsGlobal$MetalsInteractiveAnalyzer does not define or inherit an implementation of the resolved method 'scala.tools.nsc.typechecker.Implicits$ImplicitInfo$ ImplicitInfo()' of interface scala.tools.nsc.typechecker.Analyzer.
	at scala.tools.nsc.typechecker.Implicits$$anon$4.<init>(Implicits.scala:337)
	at scala.tools.nsc.typechecker.Implicits.$init$(Implicits.scala:337)
	at scala.meta.internal.pc.MetalsGlobal$MetalsInteractiveAnalyzer.<init>(MetalsGlobal.scala:77)
	at scala.meta.internal.pc.MetalsGlobal.analyzer$lzycompute(MetalsGlobal.scala:112)
	at scala.meta.internal.pc.MetalsGlobal.analyzer(MetalsGlobal.scala:111)
	at scala.meta.internal.pc.MetalsGlobal.analyzer(MetalsGlobal.scala:35)
	at scala.tools.nsc.Global.<init>(Global.scala:1029)
	at scala.tools.nsc.interactive.Global.<init>(Global.scala:120)
	at scala.meta.internal.pc.MetalsGlobal.<init>(MetalsGlobal.scala:42)
	at scala.meta.internal.pc.ScalaPresentationCompiler.newCompiler(ScalaPresentationCompiler.scala:514)
	at scala.meta.internal.pc.ScalaPresentationCompiler.$anonfun$compilerAccess$1(ScalaPresentationCompiler.scala:116)
	at scala.meta.internal.pc.CompilerAccess.loadCompiler(CompilerAccess.scala:52)
	at scala.meta.internal.pc.CompilerAccess.withSharedCompiler(CompilerAccess.scala:156)
	at scala.meta.internal.pc.CompilerAccess.$anonfun$withInterruptableCompiler$1(CompilerAccess.scala:102)
	at scala.meta.internal.pc.CompilerAccess.$anonfun$onCompilerJobQueue$1(CompilerAccess.scala:245)
	at scala.meta.internal.pc.CompilerJobQueue$Job.run(CompilerJobQueue.scala:152)
	at java.base/java.util.concurrent.ThreadPoolExecutor.runWorker(ThreadPoolExecutor.java:1136)
	at java.base/java.util.concurrent.ThreadPoolExecutor$Worker.run(ThreadPoolExecutor.java:635)
	at java.base/java.lang.Thread.run(Thread.java:840)
Exception in thread "pool-12-thread-13" java.lang.AbstractMethodError: Receiver class scala.meta.internal.pc.MetalsGlobal$MetalsInteractiveAnalyzer does not define or inherit an implementation of the resolved method 'scala.tools.nsc.typechecker.Implicits$ImplicitInfo$ ImplicitInfo()' of interface scala.tools.nsc.typechecker.Analyzer.
	at scala.tools.nsc.typechecker.Implicits$$anon$4.<init>(Implicits.scala:337)
	at scala.tools.nsc.typechecker.Implicits.$init$(Implicits.scala:337)
	at scala.meta.internal.pc.MetalsGlobal$MetalsInteractiveAnalyzer.<init>(MetalsGlobal.scala:77)
	at scala.meta.internal.pc.MetalsGlobal.analyzer$lzycompute(MetalsGlobal.scala:112)
	at scala.meta.internal.pc.MetalsGlobal.analyzer(MetalsGlobal.scala:111)
	at scala.meta.internal.pc.MetalsGlobal.analyzer(MetalsGlobal.scala:35)
	at scala.tools.nsc.Global.<init>(Global.scala:1029)
	at scala.tools.nsc.interactive.Global.<init>(Global.scala:120)
	at scala.meta.internal.pc.MetalsGlobal.<init>(MetalsGlobal.scala:42)
	at scala.meta.internal.pc.ScalaPresentationCompiler.newCompiler(ScalaPresentationCompiler.scala:514)
	at scala.meta.internal.pc.ScalaPresentationCompiler.$anonfun$compilerAccess$1(ScalaPresentationCompiler.scala:116)
	at scala.meta.internal.pc.CompilerAccess.loadCompiler(CompilerAccess.scala:52)
	at scala.meta.internal.pc.CompilerAccess.withSharedCompiler(CompilerAccess.scala:156)
	at scala.meta.internal.pc.CompilerAccess.$anonfun$withInterruptableCompiler$1(CompilerAccess.scala:102)
	at scala.meta.internal.pc.CompilerAccess.$anonfun$onCompilerJobQueue$1(CompilerAccess.scala:245)
	at scala.meta.internal.pc.CompilerJobQueue$Job.run(CompilerJobQueue.scala:152)
	at java.base/java.util.concurrent.ThreadPoolExecutor.runWorker(ThreadPoolExecutor.java:1136)
	at java.base/java.util.concurrent.ThreadPoolExecutor$Worker.run(ThreadPoolExecutor.java:635)
	at java.base/java.lang.Thread.run(Thread.java:840)
Exception in thread "pool-12-thread-14" java.lang.AbstractMethodError: Receiver class scala.meta.internal.pc.MetalsGlobal$MetalsInteractiveAnalyzer does not define or inherit an implementation of the resolved method 'scala.tools.nsc.typechecker.Implicits$ImplicitInfo$ ImplicitInfo()' of interface scala.tools.nsc.typechecker.Analyzer.
	at scala.tools.nsc.typechecker.Implicits$$anon$4.<init>(Implicits.scala:337)
	at scala.tools.nsc.typechecker.Implicits.$init$(Implicits.scala:337)
	at scala.meta.internal.pc.MetalsGlobal$MetalsInteractiveAnalyzer.<init>(MetalsGlobal.scala:77)
	at scala.meta.internal.pc.MetalsGlobal.analyzer$lzycompute(MetalsGlobal.scala:112)
	at scala.meta.internal.pc.MetalsGlobal.analyzer(MetalsGlobal.scala:111)
	at scala.meta.internal.pc.MetalsGlobal.analyzer(MetalsGlobal.scala:35)
	at scala.tools.nsc.Global.<init>(Global.scala:1029)
	at scala.tools.nsc.interactive.Global.<init>(Global.scala:120)
	at scala.meta.internal.pc.MetalsGlobal.<init>(MetalsGlobal.scala:42)
	at scala.meta.internal.pc.ScalaPresentationCompiler.newCompiler(ScalaPresentationCompiler.scala:514)
	at scala.meta.internal.pc.ScalaPresentationCompiler.$anonfun$compilerAccess$1(ScalaPresentationCompiler.scala:116)
	at scala.meta.internal.pc.CompilerAccess.loadCompiler(CompilerAccess.scala:52)
	at scala.meta.internal.pc.CompilerAccess.withSharedCompiler(CompilerAccess.scala:156)
	at scala.meta.internal.pc.CompilerAccess.$anonfun$withInterruptableCompiler$1(CompilerAccess.scala:102)
	at scala.meta.internal.pc.CompilerAccess.$anonfun$onCompilerJobQueue$1(CompilerAccess.scala:245)
	at scala.meta.internal.pc.CompilerJobQueue$Job.run(CompilerJobQueue.scala:152)
	at java.base/java.util.concurrent.ThreadPoolExecutor.runWorker(ThreadPoolExecutor.java:1136)
	at java.base/java.util.concurrent.ThreadPoolExecutor$Worker.run(ThreadPoolExecutor.java:635)
	at java.base/java.lang.Thread.run(Thread.java:840)
Exception in thread "pool-12-thread-15" java.lang.AbstractMethodError: Receiver class scala.meta.internal.pc.MetalsGlobal$MetalsInteractiveAnalyzer does not define or inherit an implementation of the resolved method 'scala.tools.nsc.typechecker.Implicits$ImplicitInfo$ ImplicitInfo()' of interface scala.tools.nsc.typechecker.Analyzer.
	at scala.tools.nsc.typechecker.Implicits$$anon$4.<init>(Implicits.scala:337)
	at scala.tools.nsc.typechecker.Implicits.$init$(Implicits.scala:337)
	at scala.meta.internal.pc.MetalsGlobal$MetalsInteractiveAnalyzer.<init>(MetalsGlobal.scala:77)
	at scala.meta.internal.pc.MetalsGlobal.analyzer$lzycompute(MetalsGlobal.scala:112)
	at scala.meta.internal.pc.MetalsGlobal.analyzer(MetalsGlobal.scala:111)
	at scala.meta.internal.pc.MetalsGlobal.analyzer(MetalsGlobal.scala:35)
	at scala.tools.nsc.Global.<init>(Global.scala:1029)
	at scala.tools.nsc.interactive.Global.<init>(Global.scala:120)
	at scala.meta.internal.pc.MetalsGlobal.<init>(MetalsGlobal.scala:42)
	at scala.meta.internal.pc.ScalaPresentationCompiler.newCompiler(ScalaPresentationCompiler.scala:514)
	at scala.meta.internal.pc.ScalaPresentationCompiler.$anonfun$compilerAccess$1(ScalaPresentationCompiler.scala:116)
	at scala.meta.internal.pc.CompilerAccess.loadCompiler(CompilerAccess.scala:52)
	at scala.meta.internal.pc.CompilerAccess.withSharedCompiler(CompilerAccess.scala:156)
	at scala.meta.internal.pc.CompilerAccess.$anonfun$withInterruptableCompiler$1(CompilerAccess.scala:102)
	at scala.meta.internal.pc.CompilerAccess.$anonfun$onCompilerJobQueue$1(CompilerAccess.scala:245)
	at scala.meta.internal.pc.CompilerJobQueue$Job.run(CompilerJobQueue.scala:152)
	at java.base/java.util.concurrent.ThreadPoolExecutor.runWorker(ThreadPoolExecutor.java:1136)
	at java.base/java.util.concurrent.ThreadPoolExecutor$Worker.run(ThreadPoolExecutor.java:635)
	at java.base/java.lang.Thread.run(Thread.java:840)
Exception in thread "pool-12-thread-16" java.lang.AbstractMethodError: Receiver class scala.meta.internal.pc.MetalsGlobal$MetalsInteractiveAnalyzer does not define or inherit an implementation of the resolved method 'scala.tools.nsc.typechecker.Implicits$ImplicitInfo$ ImplicitInfo()' of interface scala.tools.nsc.typechecker.Analyzer.
	at scala.tools.nsc.typechecker.Implicits$$anon$4.<init>(Implicits.scala:337)
	at scala.tools.nsc.typechecker.Implicits.$init$(Implicits.scala:337)
	at scala.meta.internal.pc.MetalsGlobal$MetalsInteractiveAnalyzer.<init>(MetalsGlobal.scala:77)
	at scala.meta.internal.pc.MetalsGlobal.analyzer$lzycompute(MetalsGlobal.scala:112)
	at scala.meta.internal.pc.MetalsGlobal.analyzer(MetalsGlobal.scala:111)
	at scala.meta.internal.pc.MetalsGlobal.analyzer(MetalsGlobal.scala:35)
	at scala.tools.nsc.Global.<init>(Global.scala:1029)
	at scala.tools.nsc.interactive.Global.<init>(Global.scala:120)
	at scala.meta.internal.pc.MetalsGlobal.<init>(MetalsGlobal.scala:42)
	at scala.meta.internal.pc.ScalaPresentationCompiler.newCompiler(ScalaPresentationCompiler.scala:514)
	at scala.meta.internal.pc.ScalaPresentationCompiler.$anonfun$compilerAccess$1(ScalaPresentationCompiler.scala:116)
	at scala.meta.internal.pc.CompilerAccess.loadCompiler(CompilerAccess.scala:52)
	at scala.meta.internal.pc.CompilerAccess.withSharedCompiler(CompilerAccess.scala:156)
	at scala.meta.internal.pc.CompilerAccess.$anonfun$withInterruptableCompiler$1(CompilerAccess.scala:102)
	at scala.meta.internal.pc.CompilerAccess.$anonfun$onCompilerJobQueue$1(CompilerAccess.scala:245)
	at scala.meta.internal.pc.CompilerJobQueue$Job.run(CompilerJobQueue.scala:152)
	at java.base/java.util.concurrent.ThreadPoolExecutor.runWorker(ThreadPoolExecutor.java:1136)
	at java.base/java.util.concurrent.ThreadPoolExecutor$Worker.run(ThreadPoolExecutor.java:635)
	at java.base/java.lang.Thread.run(Thread.java:840)
Exception in thread "pool-12-thread-17" java.lang.AbstractMethodError: Receiver class scala.meta.internal.pc.MetalsGlobal$MetalsInteractiveAnalyzer does not define or inherit an implementation of the resolved method 'scala.tools.nsc.typechecker.Implicits$ImplicitInfo$ ImplicitInfo()' of interface scala.tools.nsc.typechecker.Analyzer.
	at scala.tools.nsc.typechecker.Implicits$$anon$4.<init>(Implicits.scala:337)
	at scala.tools.nsc.typechecker.Implicits.$init$(Implicits.scala:337)
	at scala.meta.internal.pc.MetalsGlobal$MetalsInteractiveAnalyzer.<init>(MetalsGlobal.scala:77)
	at scala.meta.internal.pc.MetalsGlobal.analyzer$lzycompute(MetalsGlobal.scala:112)
	at scala.meta.internal.pc.MetalsGlobal.analyzer(MetalsGlobal.scala:111)
	at scala.meta.internal.pc.MetalsGlobal.analyzer(MetalsGlobal.scala:35)
	at scala.tools.nsc.Global.<init>(Global.scala:1029)
	at scala.tools.nsc.interactive.Global.<init>(Global.scala:120)
	at scala.meta.internal.pc.MetalsGlobal.<init>(MetalsGlobal.scala:42)
	at scala.meta.internal.pc.ScalaPresentationCompiler.newCompiler(ScalaPresentationCompiler.scala:514)
	at scala.meta.internal.pc.ScalaPresentationCompiler.$anonfun$compilerAccess$1(ScalaPresentationCompiler.scala:116)
	at scala.meta.internal.pc.CompilerAccess.loadCompiler(CompilerAccess.scala:52)
	at scala.meta.internal.pc.CompilerAccess.withSharedCompiler(CompilerAccess.scala:156)
	at scala.meta.internal.pc.CompilerAccess.$anonfun$withInterruptableCompiler$1(CompilerAccess.scala:102)
	at scala.meta.internal.pc.CompilerAccess.$anonfun$onCompilerJobQueue$1(CompilerAccess.scala:245)
	at scala.meta.internal.pc.CompilerJobQueue$Job.run(CompilerJobQueue.scala:152)
	at java.base/java.util.concurrent.ThreadPoolExecutor.runWorker(ThreadPoolExecutor.java:1136)
	at java.base/java.util.concurrent.ThreadPoolExecutor$Worker.run(ThreadPoolExecutor.java:635)
	at java.base/java.lang.Thread.run(Thread.java:840)
Exception in thread "pool-11-thread-24" java.lang.AbstractMethodError: Receiver class scala.meta.internal.pc.MetalsGlobal$MetalsInteractiveAnalyzer does not define or inherit an implementation of the resolved method 'scala.tools.nsc.typechecker.Implicits$ImplicitInfo$ ImplicitInfo()' of interface scala.tools.nsc.typechecker.Analyzer.
	at scala.tools.nsc.typechecker.Implicits$$anon$4.<init>(Implicits.scala:337)
	at scala.tools.nsc.typechecker.Implicits.$init$(Implicits.scala:337)
	at scala.meta.internal.pc.MetalsGlobal$MetalsInteractiveAnalyzer.<init>(MetalsGlobal.scala:77)
	at scala.meta.internal.pc.MetalsGlobal.analyzer$lzycompute(MetalsGlobal.scala:112)
	at scala.meta.internal.pc.MetalsGlobal.analyzer(MetalsGlobal.scala:111)
	at scala.meta.internal.pc.MetalsGlobal.analyzer(MetalsGlobal.scala:35)
	at scala.tools.nsc.Global.<init>(Global.scala:1029)
	at scala.tools.nsc.interactive.Global.<init>(Global.scala:120)
	at scala.meta.internal.pc.MetalsGlobal.<init>(MetalsGlobal.scala:42)
	at scala.meta.internal.pc.ScalaPresentationCompiler.newCompiler(ScalaPresentationCompiler.scala:514)
	at scala.meta.internal.pc.ScalaPresentationCompiler.$anonfun$compilerAccess$1(ScalaPresentationCompiler.scala:116)
	at scala.meta.internal.pc.CompilerAccess.loadCompiler(CompilerAccess.scala:52)
	at scala.meta.internal.pc.CompilerAccess.withSharedCompiler(CompilerAccess.scala:156)
	at scala.meta.internal.pc.CompilerAccess.$anonfun$withNonInterruptableCompiler$1(CompilerAccess.scala:142)
	at scala.meta.internal.pc.CompilerAccess.$anonfun$onCompilerJobQueue$1(CompilerAccess.scala:245)
	at scala.meta.internal.pc.CompilerJobQueue$Job.run(CompilerJobQueue.scala:152)
	at java.base/java.util.concurrent.ThreadPoolExecutor.runWorker(ThreadPoolExecutor.java:1136)
	at java.base/java.util.concurrent.ThreadPoolExecutor$Worker.run(ThreadPoolExecutor.java:635)
	at java.base/java.lang.Thread.run(Thread.java:840)
Exception in thread "pool-11-thread-25" java.lang.AbstractMethodError: Receiver class scala.meta.internal.pc.MetalsGlobal$MetalsInteractiveAnalyzer does not define or inherit an implementation of the resolved method 'scala.tools.nsc.typechecker.Implicits$ImplicitInfo$ ImplicitInfo()' of interface scala.tools.nsc.typechecker.Analyzer.
	at scala.tools.nsc.typechecker.Implicits$$anon$4.<init>(Implicits.scala:337)
	at scala.tools.nsc.typechecker.Implicits.$init$(Implicits.scala:337)
	at scala.meta.internal.pc.MetalsGlobal$MetalsInteractiveAnalyzer.<init>(MetalsGlobal.scala:77)
	at scala.meta.internal.pc.MetalsGlobal.analyzer$lzycompute(MetalsGlobal.scala:112)
	at scala.meta.internal.pc.MetalsGlobal.analyzer(MetalsGlobal.scala:111)
	at scala.meta.internal.pc.MetalsGlobal.analyzer(MetalsGlobal.scala:35)
	at scala.tools.nsc.Global.<init>(Global.scala:1029)
	at scala.tools.nsc.interactive.Global.<init>(Global.scala:120)
	at scala.meta.internal.pc.MetalsGlobal.<init>(MetalsGlobal.scala:42)
	at scala.meta.internal.pc.ScalaPresentationCompiler.newCompiler(ScalaPresentationCompiler.scala:514)
	at scala.meta.internal.pc.ScalaPresentationCompiler.$anonfun$compilerAccess$1(ScalaPresentationCompiler.scala:116)
	at scala.meta.internal.pc.CompilerAccess.loadCompiler(CompilerAccess.scala:52)
	at scala.meta.internal.pc.CompilerAccess.withSharedCompiler(CompilerAccess.scala:156)
	at scala.meta.internal.pc.CompilerAccess.$anonfun$withNonInterruptableCompiler$1(CompilerAccess.scala:142)
	at scala.meta.internal.pc.CompilerAccess.$anonfun$onCompilerJobQueue$1(CompilerAccess.scala:245)
	at scala.meta.internal.pc.CompilerJobQueue$Job.run(CompilerJobQueue.scala:152)
	at java.base/java.util.concurrent.ThreadPoolExecutor.runWorker(ThreadPoolExecutor.java:1136)
	at java.base/java.util.concurrent.ThreadPoolExecutor$Worker.run(ThreadPoolExecutor.java:635)
	at java.base/java.lang.Thread.run(Thread.java:840)
Exception in thread "pool-11-thread-26" java.lang.AbstractMethodError: Receiver class scala.meta.internal.pc.MetalsGlobal$MetalsInteractiveAnalyzer does not define or inherit an implementation of the resolved method 'scala.tools.nsc.typechecker.Implicits$ImplicitInfo$ ImplicitInfo()' of interface scala.tools.nsc.typechecker.Analyzer.
	at scala.tools.nsc.typechecker.Implicits$$anon$4.<init>(Implicits.scala:337)
	at scala.tools.nsc.typechecker.Implicits.$init$(Implicits.scala:337)
	at scala.meta.internal.pc.MetalsGlobal$MetalsInteractiveAnalyzer.<init>(MetalsGlobal.scala:77)
	at scala.meta.internal.pc.MetalsGlobal.analyzer$lzycompute(MetalsGlobal.scala:112)
	at scala.meta.internal.pc.MetalsGlobal.analyzer(MetalsGlobal.scala:111)
	at scala.meta.internal.pc.MetalsGlobal.analyzer(MetalsGlobal.scala:35)
	at scala.tools.nsc.Global.<init>(Global.scala:1029)
	at scala.tools.nsc.interactive.Global.<init>(Global.scala:120)
	at scala.meta.internal.pc.MetalsGlobal.<init>(MetalsGlobal.scala:42)
	at scala.meta.internal.pc.ScalaPresentationCompiler.newCompiler(ScalaPresentationCompiler.scala:514)
	at scala.meta.internal.pc.ScalaPresentationCompiler.$anonfun$compilerAccess$1(ScalaPresentationCompiler.scala:116)
	at scala.meta.internal.pc.CompilerAccess.loadCompiler(CompilerAccess.scala:52)
	at scala.meta.internal.pc.CompilerAccess.withSharedCompiler(CompilerAccess.scala:156)
	at scala.meta.internal.pc.CompilerAccess.$anonfun$withInterruptableCompiler$1(CompilerAccess.scala:102)
	at scala.meta.internal.pc.CompilerAccess.$anonfun$onCompilerJobQueue$1(CompilerAccess.scala:245)
	at scala.meta.internal.pc.CompilerJobQueue$Job.run(CompilerJobQueue.scala:152)
	at java.base/java.util.concurrent.ThreadPoolExecutor.runWorker(ThreadPoolExecutor.java:1136)
	at java.base/java.util.concurrent.ThreadPoolExecutor$Worker.run(ThreadPoolExecutor.java:635)
	at java.base/java.lang.Thread.run(Thread.java:840)
Exception in thread "pool-11-thread-27" java.lang.AbstractMethodError: Receiver class scala.meta.internal.pc.MetalsGlobal$MetalsInteractiveAnalyzer does not define or inherit an implementation of the resolved method 'scala.tools.nsc.typechecker.Implicits$ImplicitInfo$ ImplicitInfo()' of interface scala.tools.nsc.typechecker.Analyzer.
	at scala.tools.nsc.typechecker.Implicits$$anon$4.<init>(Implicits.scala:337)
	at scala.tools.nsc.typechecker.Implicits.$init$(Implicits.scala:337)
	at scala.meta.internal.pc.MetalsGlobal$MetalsInteractiveAnalyzer.<init>(MetalsGlobal.scala:77)
	at scala.meta.internal.pc.MetalsGlobal.analyzer$lzycompute(MetalsGlobal.scala:112)
	at scala.meta.internal.pc.MetalsGlobal.analyzer(MetalsGlobal.scala:111)
	at scala.meta.internal.pc.MetalsGlobal.analyzer(MetalsGlobal.scala:35)
	at scala.tools.nsc.Global.<init>(Global.scala:1029)
	at scala.tools.nsc.interactive.Global.<init>(Global.scala:120)
	at scala.meta.internal.pc.MetalsGlobal.<init>(MetalsGlobal.scala:42)
	at scala.meta.internal.pc.ScalaPresentationCompiler.newCompiler(ScalaPresentationCompiler.scala:514)
	at scala.meta.internal.pc.ScalaPresentationCompiler.$anonfun$compilerAccess$1(ScalaPresentationCompiler.scala:116)
	at scala.meta.internal.pc.CompilerAccess.loadCompiler(CompilerAccess.scala:52)
	at scala.meta.internal.pc.CompilerAccess.withSharedCompiler(CompilerAccess.scala:156)
	at scala.meta.internal.pc.CompilerAccess.$anonfun$withNonInterruptableCompiler$1(CompilerAccess.scala:142)
	at scala.meta.internal.pc.CompilerAccess.$anonfun$onCompilerJobQueue$1(CompilerAccess.scala:245)
	at scala.meta.internal.pc.CompilerJobQueue$Job.run(CompilerJobQueue.scala:152)
	at java.base/java.util.concurrent.ThreadPoolExecutor.runWorker(ThreadPoolExecutor.java:1136)
	at java.base/java.util.concurrent.ThreadPoolExecutor$Worker.run(ThreadPoolExecutor.java:635)
	at java.base/java.lang.Thread.run(Thread.java:840)
2026.02.05 10:43:34 INFO  no build target found for /scratch/jfx/ucie-q2y26/scala/src/main/scala/d2dadapter/D2DAdapter.scala. Using presentation compiler with project's scala-library version: 2.13.18
Exception in thread "pool-11-thread-28" java.lang.AbstractMethodError: Receiver class scala.meta.internal.pc.MetalsGlobal$MetalsInteractiveAnalyzer does not define or inherit an implementation of the resolved method 'scala.tools.nsc.typechecker.Implicits$ImplicitInfo$ ImplicitInfo()' of interface scala.tools.nsc.typechecker.Analyzer.
	at scala.tools.nsc.typechecker.Implicits$$anon$4.<init>(Implicits.scala:337)
	at scala.tools.nsc.typechecker.Implicits.$init$(Implicits.scala:337)
	at scala.meta.internal.pc.MetalsGlobal$MetalsInteractiveAnalyzer.<init>(MetalsGlobal.scala:77)
	at scala.meta.internal.pc.MetalsGlobal.analyzer$lzycompute(MetalsGlobal.scala:112)
	at scala.meta.internal.pc.MetalsGlobal.analyzer(MetalsGlobal.scala:111)
	at scala.meta.internal.pc.MetalsGlobal.analyzer(MetalsGlobal.scala:35)
	at scala.tools.nsc.Global.<init>(Global.scala:1029)
	at scala.tools.nsc.interactive.Global.<init>(Global.scala:120)
	at scala.meta.internal.pc.MetalsGlobal.<init>(MetalsGlobal.scala:42)
	at scala.meta.internal.pc.ScalaPresentationCompiler.newCompiler(ScalaPresentationCompiler.scala:514)
	at scala.meta.internal.pc.ScalaPresentationCompiler.$anonfun$compilerAccess$1(ScalaPresentationCompiler.scala:116)
	at scala.meta.internal.pc.CompilerAccess.loadCompiler(CompilerAccess.scala:52)
	at scala.meta.internal.pc.CompilerAccess.withSharedCompiler(CompilerAccess.scala:156)
	at scala.meta.internal.pc.CompilerAccess.$anonfun$withNonInterruptableCompiler$1(CompilerAccess.scala:142)
	at scala.meta.internal.pc.CompilerAccess.$anonfun$onCompilerJobQueue$1(CompilerAccess.scala:245)
	at scala.meta.internal.pc.CompilerJobQueue$Job.run(CompilerJobQueue.scala:152)
	at java.base/java.util.concurrent.ThreadPoolExecutor.runWorker(ThreadPoolExecutor.java:1136)
	at java.base/java.util.concurrent.ThreadPoolExecutor$Worker.run(ThreadPoolExecutor.java:635)
	at java.base/java.lang.Thread.run(Thread.java:840)
2026.02.05 10:43:34 WARN  no build target for: /scratch/jfx/ucie-q2y26/scala/src/main/scala/d2dadapter/D2DAdapter.scala
2026.02.05 10:43:34 INFO  no build target found for /scratch/jfx/ucie-q2y26/scala/src/main/scala/d2dadapter/D2DAdapter.scala. Using presentation compiler with project's scala-library version: 2.13.18
2026.02.05 10:43:34 INFO  no build target found for /scratch/jfx/ucie-q2y26/scala/src/main/scala/d2dadapter/D2DAdapter.scala. Using presentation compiler with project's scala-library version: 2.13.18
2026.02.05 10:43:34 INFO  no build target found for /scratch/jfx/ucie-q2y26/scala/src/main/scala/d2dadapter/D2DAdapter.scala. Using presentation compiler with project's scala-library version: 2.13.18
2026.02.05 10:43:34 INFO  no build target found for /scratch/jfx/ucie-q2y26/scala/src/main/scala/d2dadapter/D2DAdapter.scala. Using presentation compiler with project's scala-library version: 2.13.18
2026.02.05 10:43:34 INFO  no build target found for /scratch/jfx/ucie-q2y26/scala/src/main/scala/d2dadapter/D2DAdapter.scala. Using presentation compiler with project's scala-library version: 2.13.18
2026.02.05 10:43:34 INFO  no build target found for /scratch/jfx/ucie-q2y26/scala/src/main/scala/d2dadapter/D2DAdapter.scala. Using presentation compiler with project's scala-library version: 2.13.18
2026.02.05 10:43:35 INFO  no build target found for /scratch/jfx/ucie-q2y26/scala/src/main/scala/d2dadapter/D2DAdapter.scala. Using presentation compiler with project's scala-library version: 2.13.18
2026.02.05 10:43:37 INFO  no build target found for /scratch/jfx/ucie-q2y26/scala/src/main/scala/d2dadapter/D2DAdapter.scala. Using presentation compiler with project's scala-library version: 2.13.18
2026.02.05 10:43:37 INFO  no build target found for /scratch/jfx/ucie-q2y26/scala/src/main/scala/d2dadapter/D2DAdapter.scala. Using presentation compiler with project's scala-library version: 2.13.18
2026.02.05 10:43:37 WARN  Could not find 'LinkManagementController' using presentation compiler nor semanticdb. Trying to guess the definition using available information from local class context. 
2026.02.05 10:43:37 INFO  empty definition using pc, found symbol in pc:  (full report at: "/scratch/jfx/ucie-q2y26/.metals/.reports/metals-full/2026-02-05/r_empty-definition_10-04-36-051.md")
Exception in thread "pool-11-thread-29" java.lang.AbstractMethodError: Receiver class scala.meta.internal.pc.MetalsGlobal$MetalsInteractiveAnalyzer does not define or inherit an implementation of the resolved method 'scala.tools.nsc.typechecker.Implicits$ImplicitInfo$ ImplicitInfo()' of interface scala.tools.nsc.typechecker.Analyzer.
	at scala.tools.nsc.typechecker.Implicits$$anon$4.<init>(Implicits.scala:337)
	at scala.tools.nsc.typechecker.Implicits.$init$(Implicits.scala:337)
	at scala.meta.internal.pc.MetalsGlobal$MetalsInteractiveAnalyzer.<init>(MetalsGlobal.scala:77)
	at scala.meta.internal.pc.MetalsGlobal.analyzer$lzycompute(MetalsGlobal.scala:112)
	at scala.meta.internal.pc.MetalsGlobal.analyzer(MetalsGlobal.scala:111)
	at scala.meta.internal.pc.MetalsGlobal.analyzer(MetalsGlobal.scala:35)
	at scala.tools.nsc.Global.<init>(Global.scala:1029)
	at scala.tools.nsc.interactive.Global.<init>(Global.scala:120)
	at scala.meta.internal.pc.MetalsGlobal.<init>(MetalsGlobal.scala:42)
	at scala.meta.internal.pc.ScalaPresentationCompiler.newCompiler(ScalaPresentationCompiler.scala:514)
	at scala.meta.internal.pc.ScalaPresentationCompiler.$anonfun$compilerAccess$1(ScalaPresentationCompiler.scala:116)
	at scala.meta.internal.pc.CompilerAccess.loadCompiler(CompilerAccess.scala:52)
	at scala.meta.internal.pc.CompilerAccess.withSharedCompiler(CompilerAccess.scala:156)
	at scala.meta.internal.pc.CompilerAccess.$anonfun$withNonInterruptableCompiler$1(CompilerAccess.scala:142)
	at scala.meta.internal.pc.CompilerAccess.$anonfun$onCompilerJobQueue$1(CompilerAccess.scala:245)
	at scala.meta.internal.pc.CompilerJobQueue$Job.run(CompilerJobQueue.scala:152)
	at java.base/java.util.concurrent.ThreadPoolExecutor.runWorker(ThreadPoolExecutor.java:1136)
	at java.base/java.util.concurrent.ThreadPoolExecutor$Worker.run(ThreadPoolExecutor.java:635)
	at java.base/java.lang.Thread.run(Thread.java:840)
Exception in thread "pool-11-thread-30" java.lang.AbstractMethodError: Receiver class scala.meta.internal.pc.MetalsGlobal$MetalsInteractiveAnalyzer does not define or inherit an implementation of the resolved method 'scala.tools.nsc.typechecker.Implicits$ImplicitInfo$ ImplicitInfo()' of interface scala.tools.nsc.typechecker.Analyzer.
	at scala.tools.nsc.typechecker.Implicits$$anon$4.<init>(Implicits.scala:337)
	at scala.tools.nsc.typechecker.Implicits.$init$(Implicits.scala:337)
	at scala.meta.internal.pc.MetalsGlobal$MetalsInteractiveAnalyzer.<init>(MetalsGlobal.scala:77)
	at scala.meta.internal.pc.MetalsGlobal.analyzer$lzycompute(MetalsGlobal.scala:112)
	at scala.meta.internal.pc.MetalsGlobal.analyzer(MetalsGlobal.scala:111)
	at scala.meta.internal.pc.MetalsGlobal.analyzer(MetalsGlobal.scala:35)
	at scala.tools.nsc.Global.<init>(Global.scala:1029)
	at scala.tools.nsc.interactive.Global.<init>(Global.scala:120)
	at scala.meta.internal.pc.MetalsGlobal.<init>(MetalsGlobal.scala:42)
	at scala.meta.internal.pc.ScalaPresentationCompiler.newCompiler(ScalaPresentationCompiler.scala:514)
	at scala.meta.internal.pc.ScalaPresentationCompiler.$anonfun$compilerAccess$1(ScalaPresentationCompiler.scala:116)
	at scala.meta.internal.pc.CompilerAccess.loadCompiler(CompilerAccess.scala:52)
	at scala.meta.internal.pc.CompilerAccess.withSharedCompiler(CompilerAccess.scala:156)
	at scala.meta.internal.pc.CompilerAccess.$anonfun$withNonInterruptableCompiler$1(CompilerAccess.scala:142)
	at scala.meta.internal.pc.CompilerAccess.$anonfun$onCompilerJobQueue$1(CompilerAccess.scala:245)
	at scala.meta.internal.pc.CompilerJobQueue$Job.run(CompilerJobQueue.scala:152)
	at java.base/java.util.concurrent.ThreadPoolExecutor.runWorker(ThreadPoolExecutor.java:1136)
	at java.base/java.util.concurrent.ThreadPoolExecutor$Worker.run(ThreadPoolExecutor.java:635)
	at java.base/java.lang.Thread.run(Thread.java:840)
2026.02.05 10:43:37 INFO  no build target found for /scratch/jfx/ucie-q2y26/scala/src/main/scala/d2dadapter/D2DAdapter.scala. Using presentation compiler with project's scala-library version: 2.13.18
2026.02.05 10:43:38 INFO  no build target found for /scratch/jfx/ucie-q2y26/scala/src/main/scala/d2dadapter/D2DAdapter.scala. Using presentation compiler with project's scala-library version: 2.13.18
2026.02.05 10:43:38 INFO  no build target found for /scratch/jfx/ucie-q2y26/scala/src/main/scala/d2dadapter/D2DAdapter.scala. Using presentation compiler with project's scala-library version: 2.13.18
2026.02.05 10:43:38 WARN  Could not find 'LinkManagementController' using presentation compiler nor semanticdb. Trying to guess the definition using available information from local class context. 
2026.02.05 10:43:38 INFO  empty definition using pc, found symbol in pc:  (full report at: "/scratch/jfx/ucie-q2y26/.metals/.reports/metals-full/2026-02-05/r_empty-definition_10-04-36-051.md")
Exception in thread "pool-11-thread-31" java.lang.AbstractMethodError: Receiver class scala.meta.internal.pc.MetalsGlobal$MetalsInteractiveAnalyzer does not define or inherit an implementation of the resolved method 'scala.tools.nsc.typechecker.Implicits$ImplicitInfo$ ImplicitInfo()' of interface scala.tools.nsc.typechecker.Analyzer.
	at scala.tools.nsc.typechecker.Implicits$$anon$4.<init>(Implicits.scala:337)
	at scala.tools.nsc.typechecker.Implicits.$init$(Implicits.scala:337)
	at scala.meta.internal.pc.MetalsGlobal$MetalsInteractiveAnalyzer.<init>(MetalsGlobal.scala:77)
	at scala.meta.internal.pc.MetalsGlobal.analyzer$lzycompute(MetalsGlobal.scala:112)
	at scala.meta.internal.pc.MetalsGlobal.analyzer(MetalsGlobal.scala:111)
	at scala.meta.internal.pc.MetalsGlobal.analyzer(MetalsGlobal.scala:35)
	at scala.tools.nsc.Global.<init>(Global.scala:1029)
	at scala.tools.nsc.interactive.Global.<init>(Global.scala:120)
	at scala.meta.internal.pc.MetalsGlobal.<init>(MetalsGlobal.scala:42)
	at scala.meta.internal.pc.ScalaPresentationCompiler.newCompiler(ScalaPresentationCompiler.scala:514)
	at scala.meta.internal.pc.ScalaPresentationCompiler.$anonfun$compilerAccess$1(ScalaPresentationCompiler.scala:116)
	at scala.meta.internal.pc.CompilerAccess.loadCompiler(CompilerAccess.scala:52)
	at scala.meta.internal.pc.CompilerAccess.withSharedCompiler(CompilerAccess.scala:156)
	at scala.meta.internal.pc.CompilerAccess.$anonfun$withNonInterruptableCompiler$1(CompilerAccess.scala:142)
	at scala.meta.internal.pc.CompilerAccess.$anonfun$onCompilerJobQueue$1(CompilerAccess.scala:245)
	at scala.meta.internal.pc.CompilerJobQueue$Job.run(CompilerJobQueue.scala:152)
	at java.base/java.util.concurrent.ThreadPoolExecutor.runWorker(ThreadPoolExecutor.java:1136)
	at java.base/java.util.concurrent.ThreadPoolExecutor$Worker.run(ThreadPoolExecutor.java:635)
	at java.base/java.lang.Thread.run(Thread.java:840)
Exception in thread "pool-11-thread-32" java.lang.AbstractMethodError: Receiver class scala.meta.internal.pc.MetalsGlobal$MetalsInteractiveAnalyzer does not define or inherit an implementation of the resolved method 'scala.tools.nsc.typechecker.Implicits$ImplicitInfo$ ImplicitInfo()' of interface scala.tools.nsc.typechecker.Analyzer.
	at scala.tools.nsc.typechecker.Implicits$$anon$4.<init>(Implicits.scala:337)
	at scala.tools.nsc.typechecker.Implicits.$init$(Implicits.scala:337)
	at scala.meta.internal.pc.MetalsGlobal$MetalsInteractiveAnalyzer.<init>(MetalsGlobal.scala:77)
	at scala.meta.internal.pc.MetalsGlobal.analyzer$lzycompute(MetalsGlobal.scala:112)
	at scala.meta.internal.pc.MetalsGlobal.analyzer(MetalsGlobal.scala:111)
	at scala.meta.internal.pc.MetalsGlobal.analyzer(MetalsGlobal.scala:35)
	at scala.tools.nsc.Global.<init>(Global.scala:1029)
	at scala.tools.nsc.interactive.Global.<init>(Global.scala:120)
	at scala.meta.internal.pc.MetalsGlobal.<init>(MetalsGlobal.scala:42)
	at scala.meta.internal.pc.ScalaPresentationCompiler.newCompiler(ScalaPresentationCompiler.scala:514)
	at scala.meta.internal.pc.ScalaPresentationCompiler.$anonfun$compilerAccess$1(ScalaPresentationCompiler.scala:116)
	at scala.meta.internal.pc.CompilerAccess.loadCompiler(CompilerAccess.scala:52)
	at scala.meta.internal.pc.CompilerAccess.withSharedCompiler(CompilerAccess.scala:156)
	at scala.meta.internal.pc.CompilerAccess.$anonfun$withInterruptableCompiler$1(CompilerAccess.scala:102)
	at scala.meta.internal.pc.CompilerAccess.$anonfun$onCompilerJobQueue$1(CompilerAccess.scala:245)
	at scala.meta.internal.pc.CompilerJobQueue$Job.run(CompilerJobQueue.scala:152)
	at java.base/java.util.concurrent.ThreadPoolExecutor.runWorker(ThreadPoolExecutor.java:1136)
	at java.base/java.util.concurrent.ThreadPoolExecutor$Worker.run(ThreadPoolExecutor.java:635)
	at java.base/java.lang.Thread.run(Thread.java:840)
Exception in thread "pool-11-thread-33" java.lang.AbstractMethodError: Receiver class scala.meta.internal.pc.MetalsGlobal$MetalsInteractiveAnalyzer does not define or inherit an implementation of the resolved method 'scala.tools.nsc.typechecker.Implicits$ImplicitInfo$ ImplicitInfo()' of interface scala.tools.nsc.typechecker.Analyzer.
	at scala.tools.nsc.typechecker.Implicits$$anon$4.<init>(Implicits.scala:337)
	at scala.tools.nsc.typechecker.Implicits.$init$(Implicits.scala:337)
	at scala.meta.internal.pc.MetalsGlobal$MetalsInteractiveAnalyzer.<init>(MetalsGlobal.scala:77)
	at scala.meta.internal.pc.MetalsGlobal.analyzer$lzycompute(MetalsGlobal.scala:112)
	at scala.meta.internal.pc.MetalsGlobal.analyzer(MetalsGlobal.scala:111)
	at scala.meta.internal.pc.MetalsGlobal.analyzer(MetalsGlobal.scala:35)
	at scala.tools.nsc.Global.<init>(Global.scala:1029)
	at scala.tools.nsc.interactive.Global.<init>(Global.scala:120)
	at scala.meta.internal.pc.MetalsGlobal.<init>(MetalsGlobal.scala:42)
	at scala.meta.internal.pc.ScalaPresentationCompiler.newCompiler(ScalaPresentationCompiler.scala:514)
	at scala.meta.internal.pc.ScalaPresentationCompiler.$anonfun$compilerAccess$1(ScalaPresentationCompiler.scala:116)
	at scala.meta.internal.pc.CompilerAccess.loadCompiler(CompilerAccess.scala:52)
	at scala.meta.internal.pc.CompilerAccess.withSharedCompiler(CompilerAccess.scala:156)
	at scala.meta.internal.pc.CompilerAccess.$anonfun$withNonInterruptableCompiler$1(CompilerAccess.scala:142)
	at scala.meta.internal.pc.CompilerAccess.$anonfun$onCompilerJobQueue$1(CompilerAccess.scala:245)
	at scala.meta.internal.pc.CompilerJobQueue$Job.run(CompilerJobQueue.scala:152)
	at java.base/java.util.concurrent.ThreadPoolExecutor.runWorker(ThreadPoolExecutor.java:1136)
	at java.base/java.util.concurrent.ThreadPoolExecutor$Worker.run(ThreadPoolExecutor.java:635)
	at java.base/java.lang.Thread.run(Thread.java:840)
Exception in thread "pool-11-thread-34" java.lang.AbstractMethodError: Receiver class scala.meta.internal.pc.MetalsGlobal$MetalsInteractiveAnalyzer does not define or inherit an implementation of the resolved method 'scala.tools.nsc.typechecker.Implicits$ImplicitInfo$ ImplicitInfo()' of interface scala.tools.nsc.typechecker.Analyzer.
	at scala.tools.nsc.typechecker.Implicits$$anon$4.<init>(Implicits.scala:337)
	at scala.tools.nsc.typechecker.Implicits.$init$(Implicits.scala:337)
	at scala.meta.internal.pc.MetalsGlobal$MetalsInteractiveAnalyzer.<init>(MetalsGlobal.scala:77)
	at scala.meta.internal.pc.MetalsGlobal.analyzer$lzycompute(MetalsGlobal.scala:112)
	at scala.meta.internal.pc.MetalsGlobal.analyzer(MetalsGlobal.scala:111)
	at scala.meta.internal.pc.MetalsGlobal.analyzer(MetalsGlobal.scala:35)
	at scala.tools.nsc.Global.<init>(Global.scala:1029)
	at scala.tools.nsc.interactive.Global.<init>(Global.scala:120)
	at scala.meta.internal.pc.MetalsGlobal.<init>(MetalsGlobal.scala:42)
	at scala.meta.internal.pc.ScalaPresentationCompiler.newCompiler(ScalaPresentationCompiler.scala:514)
	at scala.meta.internal.pc.ScalaPresentationCompiler.$anonfun$compilerAccess$1(ScalaPresentationCompiler.scala:116)
	at scala.meta.internal.pc.CompilerAccess.loadCompiler(CompilerAccess.scala:52)
	at scala.meta.internal.pc.CompilerAccess.withSharedCompiler(CompilerAccess.scala:156)
	at scala.meta.internal.pc.CompilerAccess.$anonfun$withNonInterruptableCompiler$1(CompilerAccess.scala:142)
	at scala.meta.internal.pc.CompilerAccess.$anonfun$onCompilerJobQueue$1(CompilerAccess.scala:245)
	at scala.meta.internal.pc.CompilerJobQueue$Job.run(CompilerJobQueue.scala:152)
	at java.base/java.util.concurrent.ThreadPoolExecutor.runWorker(ThreadPoolExecutor.java:1136)
	at java.base/java.util.concurrent.ThreadPoolExecutor$Worker.run(ThreadPoolExecutor.java:635)
	at java.base/java.lang.Thread.run(Thread.java:840)
Exception in thread "pool-11-thread-35" java.lang.AbstractMethodError: Receiver class scala.meta.internal.pc.MetalsGlobal$MetalsInteractiveAnalyzer does not define or inherit an implementation of the resolved method 'scala.tools.nsc.typechecker.Implicits$ImplicitInfo$ ImplicitInfo()' of interface scala.tools.nsc.typechecker.Analyzer.
	at scala.tools.nsc.typechecker.Implicits$$anon$4.<init>(Implicits.scala:337)
	at scala.tools.nsc.typechecker.Implicits.$init$(Implicits.scala:337)
	at scala.meta.internal.pc.MetalsGlobal$MetalsInteractiveAnalyzer.<init>(MetalsGlobal.scala:77)
	at scala.meta.internal.pc.MetalsGlobal.analyzer$lzycompute(MetalsGlobal.scala:112)
	at scala.meta.internal.pc.MetalsGlobal.analyzer(MetalsGlobal.scala:111)
	at scala.meta.internal.pc.MetalsGlobal.analyzer(MetalsGlobal.scala:35)
	at scala.tools.nsc.Global.<init>(Global.scala:1029)
	at scala.tools.nsc.interactive.Global.<init>(Global.scala:120)
	at scala.meta.internal.pc.MetalsGlobal.<init>(MetalsGlobal.scala:42)
	at scala.meta.internal.pc.ScalaPresentationCompiler.newCompiler(ScalaPresentationCompiler.scala:514)
	at scala.meta.internal.pc.ScalaPresentationCompiler.$anonfun$compilerAccess$1(ScalaPresentationCompiler.scala:116)
	at scala.meta.internal.pc.CompilerAccess.loadCompiler(CompilerAccess.scala:52)
	at scala.meta.internal.pc.CompilerAccess.withSharedCompiler(CompilerAccess.scala:156)
	at scala.meta.internal.pc.CompilerAccess.$anonfun$withNonInterruptableCompiler$1(CompilerAccess.scala:142)
	at scala.meta.internal.pc.CompilerAccess.$anonfun$onCompilerJobQueue$1(CompilerAccess.scala:245)
	at scala.meta.internal.pc.CompilerJobQueue$Job.run(CompilerJobQueue.scala:152)
	at java.base/java.util.concurrent.ThreadPoolExecutor.runWorker(ThreadPoolExecutor.java:1136)
	at java.base/java.util.concurrent.ThreadPoolExecutor$Worker.run(ThreadPoolExecutor.java:635)
	at java.base/java.lang.Thread.run(Thread.java:840)
Exception in thread "pool-11-thread-36" java.lang.AbstractMethodError: Receiver class scala.meta.internal.pc.MetalsGlobal$MetalsInteractiveAnalyzer does not define or inherit an implementation of the resolved method 'scala.tools.nsc.typechecker.Implicits$ImplicitInfo$ ImplicitInfo()' of interface scala.tools.nsc.typechecker.Analyzer.
	at scala.tools.nsc.typechecker.Implicits$$anon$4.<init>(Implicits.scala:337)
	at scala.tools.nsc.typechecker.Implicits.$init$(Implicits.scala:337)
	at scala.meta.internal.pc.MetalsGlobal$MetalsInteractiveAnalyzer.<init>(MetalsGlobal.scala:77)
	at scala.meta.internal.pc.MetalsGlobal.analyzer$lzycompute(MetalsGlobal.scala:112)
	at scala.meta.internal.pc.MetalsGlobal.analyzer(MetalsGlobal.scala:111)
	at scala.meta.internal.pc.MetalsGlobal.analyzer(MetalsGlobal.scala:35)
	at scala.tools.nsc.Global.<init>(Global.scala:1029)
	at scala.tools.nsc.interactive.Global.<init>(Global.scala:120)
	at scala.meta.internal.pc.MetalsGlobal.<init>(MetalsGlobal.scala:42)
	at scala.meta.internal.pc.ScalaPresentationCompiler.newCompiler(ScalaPresentationCompiler.scala:514)
	at scala.meta.internal.pc.ScalaPresentationCompiler.$anonfun$compilerAccess$1(ScalaPresentationCompiler.scala:116)
	at scala.meta.internal.pc.CompilerAccess.loadCompiler(CompilerAccess.scala:52)
	at scala.meta.internal.pc.CompilerAccess.withSharedCompiler(CompilerAccess.scala:156)
	at scala.meta.internal.pc.CompilerAccess.$anonfun$withNonInterruptableCompiler$1(CompilerAccess.scala:142)
	at scala.meta.internal.pc.CompilerAccess.$anonfun$onCompilerJobQueue$1(CompilerAccess.scala:245)
	at scala.meta.internal.pc.CompilerJobQueue$Job.run(CompilerJobQueue.scala:152)
	at java.base/java.util.concurrent.ThreadPoolExecutor.runWorker(ThreadPoolExecutor.java:1136)
	at java.base/java.util.concurrent.ThreadPoolExecutor$Worker.run(ThreadPoolExecutor.java:635)
	at java.base/java.lang.Thread.run(Thread.java:840)
2026.02.05 10:43:44 INFO  no build target found for /scratch/jfx/ucie-q2y26/scala/src/main/scala/logphy/LinkTrainingSM.scala. Using presentation compiler with project's scala-library version: 2.13.18
2026.02.05 10:43:44 INFO  no build target found for /scratch/jfx/ucie-q2y26/scala/src/main/scala/logphy/LinkTrainingSM.scala. Using presentation compiler with project's scala-library version: 2.13.18
2026.02.05 10:43:44 WARN  no build target for: /scratch/jfx/ucie-q2y26/scala/src/main/scala/logphy/LinkTrainingSM.scala
2026.02.05 10:43:45 INFO  no build target found for /scratch/jfx/ucie-q2y26/scala/src/main/scala/logphy/LinkTrainingSM.scala. Using presentation compiler with project's scala-library version: 2.13.18
2026.02.05 10:43:45 INFO  no build target found for /scratch/jfx/ucie-q2y26/scala/src/main/scala/logphy/LinkTrainingSM.scala. Using presentation compiler with project's scala-library version: 2.13.18
2026.02.05 10:43:45 INFO  no build target found for /scratch/jfx/ucie-q2y26/scala/src/main/scala/logphy/LinkTrainingSM.scala. Using presentation compiler with project's scala-library version: 2.13.18
2026.02.05 10:43:46 INFO  no build target found for /scratch/jfx/ucie-q2y26/scala/src/main/scala/logphy/LinkTrainingSM.scala. Using presentation compiler with project's scala-library version: 2.13.18
2026.02.05 10:43:46 INFO  no build target found for /scratch/jfx/ucie-q2y26/scala/src/main/scala/logphy/LinkTrainingSM.scala. Using presentation compiler with project's scala-library version: 2.13.18
2026.02.05 10:43:46 INFO  no build target found for /scratch/jfx/ucie-q2y26/scala/src/main/scala/logphy/LinkTrainingSM.scala. Using presentation compiler with project's scala-library version: 2.13.18
Exception in thread "pool-11-thread-37" java.lang.AbstractMethodError: Receiver class scala.meta.internal.pc.MetalsGlobal$MetalsInteractiveAnalyzer does not define or inherit an implementation of the resolved method 'scala.tools.nsc.typechecker.Implicits$ImplicitInfo$ ImplicitInfo()' of interface scala.tools.nsc.typechecker.Analyzer.
	at scala.tools.nsc.typechecker.Implicits$$anon$4.<init>(Implicits.scala:337)
	at scala.tools.nsc.typechecker.Implicits.$init$(Implicits.scala:337)
	at scala.meta.internal.pc.MetalsGlobal$MetalsInteractiveAnalyzer.<init>(MetalsGlobal.scala:77)
	at scala.meta.internal.pc.MetalsGlobal.analyzer$lzycompute(MetalsGlobal.scala:112)
	at scala.meta.internal.pc.MetalsGlobal.analyzer(MetalsGlobal.scala:111)
	at scala.meta.internal.pc.MetalsGlobal.analyzer(MetalsGlobal.scala:35)
	at scala.tools.nsc.Global.<init>(Global.scala:1029)
	at scala.tools.nsc.interactive.Global.<init>(Global.scala:120)
	at scala.meta.internal.pc.MetalsGlobal.<init>(MetalsGlobal.scala:42)
	at scala.meta.internal.pc.ScalaPresentationCompiler.newCompiler(ScalaPresentationCompiler.scala:514)
	at scala.meta.internal.pc.ScalaPresentationCompiler.$anonfun$compilerAccess$1(ScalaPresentationCompiler.scala:116)
	at scala.meta.internal.pc.CompilerAccess.loadCompiler(CompilerAccess.scala:52)
	at scala.meta.internal.pc.CompilerAccess.withSharedCompiler(CompilerAccess.scala:156)
	at scala.meta.internal.pc.CompilerAccess.$anonfun$withNonInterruptableCompiler$1(CompilerAccess.scala:142)
	at scala.meta.internal.pc.CompilerAccess.$anonfun$onCompilerJobQueue$1(CompilerAccess.scala:245)
	at scala.meta.internal.pc.CompilerJobQueue$Job.run(CompilerJobQueue.scala:152)
	at java.base/java.util.concurrent.ThreadPoolExecutor.runWorker(ThreadPoolExecutor.java:1136)
	at java.base/java.util.concurrent.ThreadPoolExecutor$Worker.run(ThreadPoolExecutor.java:635)
	at java.base/java.lang.Thread.run(Thread.java:840)
Exception in thread "pool-11-thread-38" java.lang.AbstractMethodError: Receiver class scala.meta.internal.pc.MetalsGlobal$MetalsInteractiveAnalyzer does not define or inherit an implementation of the resolved method 'scala.tools.nsc.typechecker.Implicits$ImplicitInfo$ ImplicitInfo()' of interface scala.tools.nsc.typechecker.Analyzer.
	at scala.tools.nsc.typechecker.Implicits$$anon$4.<init>(Implicits.scala:337)
	at scala.tools.nsc.typechecker.Implicits.$init$(Implicits.scala:337)
	at scala.meta.internal.pc.MetalsGlobal$MetalsInteractiveAnalyzer.<init>(MetalsGlobal.scala:77)
	at scala.meta.internal.pc.MetalsGlobal.analyzer$lzycompute(MetalsGlobal.scala:112)
	at scala.meta.internal.pc.MetalsGlobal.analyzer(MetalsGlobal.scala:111)
	at scala.meta.internal.pc.MetalsGlobal.analyzer(MetalsGlobal.scala:35)
	at scala.tools.nsc.Global.<init>(Global.scala:1029)
	at scala.tools.nsc.interactive.Global.<init>(Global.scala:120)
	at scala.meta.internal.pc.MetalsGlobal.<init>(MetalsGlobal.scala:42)
	at scala.meta.internal.pc.ScalaPresentationCompiler.newCompiler(ScalaPresentationCompiler.scala:514)
	at scala.meta.internal.pc.ScalaPresentationCompiler.$anonfun$compilerAccess$1(ScalaPresentationCompiler.scala:116)
	at scala.meta.internal.pc.CompilerAccess.loadCompiler(CompilerAccess.scala:52)
	at scala.meta.internal.pc.CompilerAccess.withSharedCompiler(CompilerAccess.scala:156)
	at scala.meta.internal.pc.CompilerAccess.$anonfun$withInterruptableCompiler$1(CompilerAccess.scala:102)
	at scala.meta.internal.pc.CompilerAccess.$anonfun$onCompilerJobQueue$1(CompilerAccess.scala:245)
	at scala.meta.internal.pc.CompilerJobQueue$Job.run(CompilerJobQueue.scala:152)
	at java.base/java.util.concurrent.ThreadPoolExecutor.runWorker(ThreadPoolExecutor.java:1136)
	at java.base/java.util.concurrent.ThreadPoolExecutor$Worker.run(ThreadPoolExecutor.java:635)
	at java.base/java.lang.Thread.run(Thread.java:840)
Exception in thread "pool-11-thread-39" java.lang.AbstractMethodError: Receiver class scala.meta.internal.pc.MetalsGlobal$MetalsInteractiveAnalyzer does not define or inherit an implementation of the resolved method 'scala.tools.nsc.typechecker.Implicits$ImplicitInfo$ ImplicitInfo()' of interface scala.tools.nsc.typechecker.Analyzer.
	at scala.tools.nsc.typechecker.Implicits$$anon$4.<init>(Implicits.scala:337)
	at scala.tools.nsc.typechecker.Implicits.$init$(Implicits.scala:337)
	at scala.meta.internal.pc.MetalsGlobal$MetalsInteractiveAnalyzer.<init>(MetalsGlobal.scala:77)
	at scala.meta.internal.pc.MetalsGlobal.analyzer$lzycompute(MetalsGlobal.scala:112)
	at scala.meta.internal.pc.MetalsGlobal.analyzer(MetalsGlobal.scala:111)
	at scala.meta.internal.pc.MetalsGlobal.analyzer(MetalsGlobal.scala:35)
	at scala.tools.nsc.Global.<init>(Global.scala:1029)
	at scala.tools.nsc.interactive.Global.<init>(Global.scala:120)
	at scala.meta.internal.pc.MetalsGlobal.<init>(MetalsGlobal.scala:42)
	at scala.meta.internal.pc.ScalaPresentationCompiler.newCompiler(ScalaPresentationCompiler.scala:514)
	at scala.meta.internal.pc.ScalaPresentationCompiler.$anonfun$compilerAccess$1(ScalaPresentationCompiler.scala:116)
	at scala.meta.internal.pc.CompilerAccess.loadCompiler(CompilerAccess.scala:52)
	at scala.meta.internal.pc.CompilerAccess.withSharedCompiler(CompilerAccess.scala:156)
	at scala.meta.internal.pc.CompilerAccess.$anonfun$withInterruptableCompiler$1(CompilerAccess.scala:102)
	at scala.meta.internal.pc.CompilerAccess.$anonfun$onCompilerJobQueue$1(CompilerAccess.scala:245)
	at scala.meta.internal.pc.CompilerJobQueue$Job.run(CompilerJobQueue.scala:152)
	at java.base/java.util.concurrent.ThreadPoolExecutor.runWorker(ThreadPoolExecutor.java:1136)
	at java.base/java.util.concurrent.ThreadPoolExecutor$Worker.run(ThreadPoolExecutor.java:635)
	at java.base/java.lang.Thread.run(Thread.java:840)
2026.02.05 10:43:50 INFO  no build target found for /scratch/jfx/ucie-q2y26/scala/src/main/scala/d2dadapter/D2DAdapter.scala. Using presentation compiler with project's scala-library version: 2.13.18
Exception in thread "pool-11-thread-40" java.lang.AbstractMethodError: Receiver class scala.meta.internal.pc.MetalsGlobal$MetalsInteractiveAnalyzer does not define or inherit an implementation of the resolved method 'scala.tools.nsc.typechecker.Implicits$ImplicitInfo$ ImplicitInfo()' of interface scala.tools.nsc.typechecker.Analyzer.
	at scala.tools.nsc.typechecker.Implicits$$anon$4.<init>(Implicits.scala:337)
	at scala.tools.nsc.typechecker.Implicits.$init$(Implicits.scala:337)
	at scala.meta.internal.pc.MetalsGlobal$MetalsInteractiveAnalyzer.<init>(MetalsGlobal.scala:77)
	at scala.meta.internal.pc.MetalsGlobal.analyzer$lzycompute(MetalsGlobal.scala:112)
	at scala.meta.internal.pc.MetalsGlobal.analyzer(MetalsGlobal.scala:111)
	at scala.meta.internal.pc.MetalsGlobal.analyzer(MetalsGlobal.scala:35)
	at scala.tools.nsc.Global.<init>(Global.scala:1029)
	at scala.tools.nsc.interactive.Global.<init>(Global.scala:120)
	at scala.meta.internal.pc.MetalsGlobal.<init>(MetalsGlobal.scala:42)
	at scala.meta.internal.pc.ScalaPresentationCompiler.newCompiler(ScalaPresentationCompiler.scala:514)
	at scala.meta.internal.pc.ScalaPresentationCompiler.$anonfun$compilerAccess$1(ScalaPresentationCompiler.scala:116)
	at scala.meta.internal.pc.CompilerAccess.loadCompiler(CompilerAccess.scala:52)
	at scala.meta.internal.pc.CompilerAccess.withSharedCompiler(CompilerAccess.scala:156)
	at scala.meta.internal.pc.CompilerAccess.$anonfun$withNonInterruptableCompiler$1(CompilerAccess.scala:142)
	at scala.meta.internal.pc.CompilerAccess.$anonfun$onCompilerJobQueue$1(CompilerAccess.scala:245)
	at scala.meta.internal.pc.CompilerJobQueue$Job.run(CompilerJobQueue.scala:152)
	at java.base/java.util.concurrent.ThreadPoolExecutor.runWorker(ThreadPoolExecutor.java:1136)
	at java.base/java.util.concurrent.ThreadPoolExecutor$Worker.run(ThreadPoolExecutor.java:635)
	at java.base/java.lang.Thread.run(Thread.java:840)
2026.02.05 10:43:50 WARN  no build target for: /scratch/jfx/ucie-q2y26/scala/src/main/scala/d2dadapter/D2DAdapter.scala
2026.02.05 10:43:50 INFO  no build target found for /scratch/jfx/ucie-q2y26/scala/src/main/scala/d2dadapter/D2DAdapter.scala. Using presentation compiler with project's scala-library version: 2.13.18
2026.02.05 10:43:50 INFO  no build target found for /scratch/jfx/ucie-q2y26/scala/src/main/scala/d2dadapter/D2DAdapter.scala. Using presentation compiler with project's scala-library version: 2.13.18
2026.02.05 10:43:53 INFO  no build target found for /scratch/jfx/ucie-q2y26/scala/src/main/scala/d2dadapter/D2DAdapter.scala. Using presentation compiler with project's scala-library version: 2.13.18
2026.02.05 10:43:53 INFO  no build target found for /scratch/jfx/ucie-q2y26/scala/src/main/scala/d2dadapter/D2DAdapter.scala. Using presentation compiler with project's scala-library version: 2.13.18
2026.02.05 10:43:54 INFO  no build target found for /scratch/jfx/ucie-q2y26/scala/src/main/scala/d2dadapter/D2DAdapter.scala. Using presentation compiler with project's scala-library version: 2.13.18
2026.02.05 10:43:54 INFO  Created report: Optional[file:///scratch/jfx/ucie-q2y26/scala/src/main/scala/d2dadapter/D2DAdapter.scala]
2026.02.05 10:43:54 INFO  empty definition using pc, found symbol in pc:  (full report at: "/scratch/jfx/ucie-q2y26/.metals/.reports/metals-full/2026-02-05/r_empty-definition_10-43-54-199.md")
2026.02.05 10:43:53 INFO  no build target found for /scratch/jfx/ucie-q2y26/scala/src/main/scala/d2dadapter/D2DAdapter.scala. Using presentation compiler with project's scala-library version: 2.13.18
2026.02.05 10:43:56 INFO  no build target found for /scratch/jfx/ucie-q2y26/scala/src/main/scala/d2dadapter/D2DAdapter.scala. Using presentation compiler with project's scala-library version: 2.13.18
2026.02.05 10:43:56 INFO  no build target found for /scratch/jfx/ucie-q2y26/scala/src/main/scala/d2dadapter/D2DAdapter.scala. Using presentation compiler with project's scala-library version: 2.13.18
2026.02.05 10:44:08 INFO  no build target found for /scratch/jfx/ucie-q2y26/scala/src/main/scala/d2dadapter/D2DAdapter.scala. Using presentation compiler with project's scala-library version: 2.13.18
Exception in thread "pool-11-thread-41" java.lang.AbstractMethodError: Receiver class scala.meta.internal.pc.MetalsGlobal$MetalsInteractiveAnalyzer does not define or inherit an implementation of the resolved method 'scala.tools.nsc.typechecker.Implicits$ImplicitInfo$ ImplicitInfo()' of interface scala.tools.nsc.typechecker.Analyzer.
	at scala.tools.nsc.typechecker.Implicits$$anon$4.<init>(Implicits.scala:337)
	at scala.tools.nsc.typechecker.Implicits.$init$(Implicits.scala:337)
	at scala.meta.internal.pc.MetalsGlobal$MetalsInteractiveAnalyzer.<init>(MetalsGlobal.scala:77)
	at scala.meta.internal.pc.MetalsGlobal.analyzer$lzycompute(MetalsGlobal.scala:112)
	at scala.meta.internal.pc.MetalsGlobal.analyzer(MetalsGlobal.scala:111)
	at scala.meta.internal.pc.MetalsGlobal.analyzer(MetalsGlobal.scala:35)
	at scala.tools.nsc.Global.<init>(Global.scala:1029)
	at scala.tools.nsc.interactive.Global.<init>(Global.scala:120)
	at scala.meta.internal.pc.MetalsGlobal.<init>(MetalsGlobal.scala:42)
	at scala.meta.internal.pc.ScalaPresentationCompiler.newCompiler(ScalaPresentationCompiler.scala:514)
	at scala.meta.internal.pc.ScalaPresentationCompiler.$anonfun$compilerAccess$1(ScalaPresentationCompiler.scala:116)
	at scala.meta.internal.pc.CompilerAccess.loadCompiler(CompilerAccess.scala:52)
	at scala.meta.internal.pc.CompilerAccess.withSharedCompiler(CompilerAccess.scala:156)
	at scala.meta.internal.pc.CompilerAccess.$anonfun$withNonInterruptableCompiler$1(CompilerAccess.scala:142)
	at scala.meta.internal.pc.CompilerAccess.$anonfun$onCompilerJobQueue$1(CompilerAccess.scala:245)
	at scala.meta.internal.pc.CompilerJobQueue$Job.run(CompilerJobQueue.scala:152)
	at java.base/java.util.concurrent.ThreadPoolExecutor.runWorker(ThreadPoolExecutor.java:1136)
	at java.base/java.util.concurrent.ThreadPoolExecutor$Worker.run(ThreadPoolExecutor.java:635)
	at java.base/java.lang.Thread.run(Thread.java:840)
Exception in thread "pool-11-thread-42" java.lang.AbstractMethodError: Receiver class scala.meta.internal.pc.MetalsGlobal$MetalsInteractiveAnalyzer does not define or inherit an implementation of the resolved method 'scala.tools.nsc.typechecker.Implicits$ImplicitInfo$ ImplicitInfo()' of interface scala.tools.nsc.typechecker.Analyzer.
	at scala.tools.nsc.typechecker.Implicits$$anon$4.<init>(Implicits.scala:337)
	at scala.tools.nsc.typechecker.Implicits.$init$(Implicits.scala:337)
	at scala.meta.internal.pc.MetalsGlobal$MetalsInteractiveAnalyzer.<init>(MetalsGlobal.scala:77)
	at scala.meta.internal.pc.MetalsGlobal.analyzer$lzycompute(MetalsGlobal.scala:112)
	at scala.meta.internal.pc.MetalsGlobal.analyzer(MetalsGlobal.scala:111)
	at scala.meta.internal.pc.MetalsGlobal.analyzer(MetalsGlobal.scala:35)
	at scala.tools.nsc.Global.<init>(Global.scala:1029)
	at scala.tools.nsc.interactive.Global.<init>(Global.scala:120)
	at scala.meta.internal.pc.MetalsGlobal.<init>(MetalsGlobal.scala:42)
	at scala.meta.internal.pc.ScalaPresentationCompiler.newCompiler(ScalaPresentationCompiler.scala:514)
	at scala.meta.internal.pc.ScalaPresentationCompiler.$anonfun$compilerAccess$1(ScalaPresentationCompiler.scala:116)
	at scala.meta.internal.pc.CompilerAccess.loadCompiler(CompilerAccess.scala:52)
	at scala.meta.internal.pc.CompilerAccess.withSharedCompiler(CompilerAccess.scala:156)
	at scala.meta.internal.pc.CompilerAccess.$anonfun$withInterruptableCompiler$1(CompilerAccess.scala:102)
	at scala.meta.internal.pc.CompilerAccess.$anonfun$onCompilerJobQueue$1(CompilerAccess.scala:245)
	at scala.meta.internal.pc.CompilerJobQueue$Job.run(CompilerJobQueue.scala:152)
	at java.base/java.util.concurrent.ThreadPoolExecutor.runWorker(ThreadPoolExecutor.java:1136)
	at java.base/java.util.concurrent.ThreadPoolExecutor$Worker.run(ThreadPoolExecutor.java:635)
	at java.base/java.lang.Thread.run(Thread.java:840)
Exception in thread "pool-11-thread-43" java.lang.AbstractMethodError: Receiver class scala.meta.internal.pc.MetalsGlobal$MetalsInteractiveAnalyzer does not define or inherit an implementation of the resolved method 'scala.tools.nsc.typechecker.Implicits$ImplicitInfo$ ImplicitInfo()' of interface scala.tools.nsc.typechecker.Analyzer.
	at scala.tools.nsc.typechecker.Implicits$$anon$4.<init>(Implicits.scala:337)
	at scala.tools.nsc.typechecker.Implicits.$init$(Implicits.scala:337)
	at scala.meta.internal.pc.MetalsGlobal$MetalsInteractiveAnalyzer.<init>(MetalsGlobal.scala:77)
	at scala.meta.internal.pc.MetalsGlobal.analyzer$lzycompute(MetalsGlobal.scala:112)
	at scala.meta.internal.pc.MetalsGlobal.analyzer(MetalsGlobal.scala:111)
	at scala.meta.internal.pc.MetalsGlobal.analyzer(MetalsGlobal.scala:35)
	at scala.tools.nsc.Global.<init>(Global.scala:1029)
	at scala.tools.nsc.interactive.Global.<init>(Global.scala:120)
	at scala.meta.internal.pc.MetalsGlobal.<init>(MetalsGlobal.scala:42)
	at scala.meta.internal.pc.ScalaPresentationCompiler.newCompiler(ScalaPresentationCompiler.scala:514)
	at scala.meta.internal.pc.ScalaPresentationCompiler.$anonfun$compilerAccess$1(ScalaPresentationCompiler.scala:116)
	at scala.meta.internal.pc.CompilerAccess.loadCompiler(CompilerAccess.scala:52)
	at scala.meta.internal.pc.CompilerAccess.withSharedCompiler(CompilerAccess.scala:156)
	at scala.meta.internal.pc.CompilerAccess.$anonfun$withInterruptableCompiler$1(CompilerAccess.scala:102)
	at scala.meta.internal.pc.CompilerAccess.$anonfun$onCompilerJobQueue$1(CompilerAccess.scala:245)
	at scala.meta.internal.pc.CompilerJobQueue$Job.run(CompilerJobQueue.scala:152)
	at java.base/java.util.concurrent.ThreadPoolExecutor.runWorker(ThreadPoolExecutor.java:1136)
	at java.base/java.util.concurrent.ThreadPoolExecutor$Worker.run(ThreadPoolExecutor.java:635)
	at java.base/java.lang.Thread.run(Thread.java:840)
Exception in thread "pool-11-thread-44" java.lang.AbstractMethodError: Receiver class scala.meta.internal.pc.MetalsGlobal$MetalsInteractiveAnalyzer does not define or inherit an implementation of the resolved method 'scala.tools.nsc.typechecker.Implicits$ImplicitInfo$ ImplicitInfo()' of interface scala.tools.nsc.typechecker.Analyzer.
	at scala.tools.nsc.typechecker.Implicits$$anon$4.<init>(Implicits.scala:337)
	at scala.tools.nsc.typechecker.Implicits.$init$(Implicits.scala:337)
	at scala.meta.internal.pc.MetalsGlobal$MetalsInteractiveAnalyzer.<init>(MetalsGlobal.scala:77)
	at scala.meta.internal.pc.MetalsGlobal.analyzer$lzycompute(MetalsGlobal.scala:112)
	at scala.meta.internal.pc.MetalsGlobal.analyzer(MetalsGlobal.scala:111)
	at scala.meta.internal.pc.MetalsGlobal.analyzer(MetalsGlobal.scala:35)
	at scala.tools.nsc.Global.<init>(Global.scala:1029)
	at scala.tools.nsc.interactive.Global.<init>(Global.scala:120)
	at scala.meta.internal.pc.MetalsGlobal.<init>(MetalsGlobal.scala:42)
	at scala.meta.internal.pc.ScalaPresentationCompiler.newCompiler(ScalaPresentationCompiler.scala:514)
	at scala.meta.internal.pc.ScalaPresentationCompiler.$anonfun$compilerAccess$1(ScalaPresentationCompiler.scala:116)
	at scala.meta.internal.pc.CompilerAccess.loadCompiler(CompilerAccess.scala:52)
	at scala.meta.internal.pc.CompilerAccess.withSharedCompiler(CompilerAccess.scala:156)
	at scala.meta.internal.pc.CompilerAccess.$anonfun$withNonInterruptableCompiler$1(CompilerAccess.scala:142)
	at scala.meta.internal.pc.CompilerAccess.$anonfun$onCompilerJobQueue$1(CompilerAccess.scala:245)
	at scala.meta.internal.pc.CompilerJobQueue$Job.run(CompilerJobQueue.scala:152)
	at java.base/java.util.concurrent.ThreadPoolExecutor.runWorker(ThreadPoolExecutor.java:1136)
	at java.base/java.util.concurrent.ThreadPoolExecutor$Worker.run(ThreadPoolExecutor.java:635)
	at java.base/java.lang.Thread.run(Thread.java:840)
Exception in thread "pool-11-thread-45" java.lang.AbstractMethodError: Receiver class scala.meta.internal.pc.MetalsGlobal$MetalsInteractiveAnalyzer does not define or inherit an implementation of the resolved method 'scala.tools.nsc.typechecker.Implicits$ImplicitInfo$ ImplicitInfo()' of interface scala.tools.nsc.typechecker.Analyzer.
	at scala.tools.nsc.typechecker.Implicits$$anon$4.<init>(Implicits.scala:337)
	at scala.tools.nsc.typechecker.Implicits.$init$(Implicits.scala:337)
	at scala.meta.internal.pc.MetalsGlobal$MetalsInteractiveAnalyzer.<init>(MetalsGlobal.scala:77)
	at scala.meta.internal.pc.MetalsGlobal.analyzer$lzycompute(MetalsGlobal.scala:112)
	at scala.meta.internal.pc.MetalsGlobal.analyzer(MetalsGlobal.scala:111)
	at scala.meta.internal.pc.MetalsGlobal.analyzer(MetalsGlobal.scala:35)
	at scala.tools.nsc.Global.<init>(Global.scala:1029)
	at scala.tools.nsc.interactive.Global.<init>(Global.scala:120)
	at scala.meta.internal.pc.MetalsGlobal.<init>(MetalsGlobal.scala:42)
	at scala.meta.internal.pc.ScalaPresentationCompiler.newCompiler(ScalaPresentationCompiler.scala:514)
	at scala.meta.internal.pc.ScalaPresentationCompiler.$anonfun$compilerAccess$1(ScalaPresentationCompiler.scala:116)
	at scala.meta.internal.pc.CompilerAccess.loadCompiler(CompilerAccess.scala:52)
	at scala.meta.internal.pc.CompilerAccess.withSharedCompiler(CompilerAccess.scala:156)
	at scala.meta.internal.pc.CompilerAccess.$anonfun$withNonInterruptableCompiler$1(CompilerAccess.scala:142)
	at scala.meta.internal.pc.CompilerAccess.$anonfun$onCompilerJobQueue$1(CompilerAccess.scala:245)
	at scala.meta.internal.pc.CompilerJobQueue$Job.run(CompilerJobQueue.scala:152)
	at java.base/java.util.concurrent.ThreadPoolExecutor.runWorker(ThreadPoolExecutor.java:1136)
	at java.base/java.util.concurrent.ThreadPoolExecutor$Worker.run(ThreadPoolExecutor.java:635)
	at java.base/java.lang.Thread.run(Thread.java:840)
2026.02.05 10:44:15 WARN  no build target for: /scratch/jfx/ucie-q2y26/scala/src/main/scala/interfaces/Fdi.scala
2026.02.05 10:44:16 INFO  no build target found for /scratch/jfx/ucie-q2y26/scala/src/main/scala/d2dadapter/D2DAdapter.scala. Using presentation compiler with project's scala-library version: 2.13.18
2026.02.05 10:44:24 INFO  no build target found for /scratch/jfx/ucie-q2y26/scala/src/main/scala/phy/AnalogBundles.scala. Using presentation compiler with project's scala-library version: 2.13.18
2026.02.05 10:44:24 INFO  no build target found for /scratch/jfx/ucie-q2y26/scala/src/main/scala/phy/AnalogBundles.scala. Using presentation compiler with project's scala-library version: 2.13.18
2026.02.05 10:44:24 WARN  no build target for: /scratch/jfx/ucie-q2y26/scala/src/main/scala/phy/AnalogBundles.scala
2026.02.05 10:44:24 INFO  no build target found for /scratch/jfx/ucie-q2y26/scala/src/main/scala/phy/AnalogBundles.scala. Using presentation compiler with project's scala-library version: 2.13.18
2026.02.05 10:44:24 INFO  no build target found for /scratch/jfx/ucie-q2y26/scala/src/main/scala/phy/AnalogBundles.scala. Using presentation compiler with project's scala-library version: 2.13.18
2026.02.05 10:44:24 INFO  no build target found for /scratch/jfx/ucie-q2y26/scala/src/main/scala/phy/AnalogBundles.scala. Using presentation compiler with project's scala-library version: 2.13.18
2026.02.05 10:44:24 INFO  no build target found for /scratch/jfx/ucie-q2y26/scala/src/main/scala/phy/AnalogBundles.scala. Using presentation compiler with project's scala-library version: 2.13.18
2026.02.05 10:44:25 INFO  no build target found for /scratch/jfx/ucie-q2y26/scala/src/main/scala/d2dadapter/D2DAdapter.scala. Using presentation compiler with project's scala-library version: 2.13.18
2026.02.05 10:44:28 INFO  no build target found for /scratch/jfx/ucie-q2y26/scala/src/main/scala/phy/AnalogBundles.scala. Using presentation compiler with project's scala-library version: 2.13.18
2026.02.05 10:44:28 INFO  no build target found for /scratch/jfx/ucie-q2y26/scala/src/main/scala/phy/AnalogBundles.scala. Using presentation compiler with project's scala-library version: 2.13.18
2026.02.05 10:44:30 INFO  no build target found for /scratch/jfx/ucie-q2y26/scala/src/main/scala/logphy/ParallelGaloisLFSR.scala. Using presentation compiler with project's scala-library version: 2.13.18
2026.02.05 10:44:30 INFO  no build target found for /scratch/jfx/ucie-q2y26/scala/src/main/scala/logphy/ParallelGaloisLFSR.scala. Using presentation compiler with project's scala-library version: 2.13.18
2026.02.05 10:44:30 WARN  no build target for: /scratch/jfx/ucie-q2y26/scala/src/main/scala/logphy/ParallelGaloisLFSR.scala
2026.02.05 10:44:30 INFO  no build target found for /scratch/jfx/ucie-q2y26/scala/src/main/scala/logphy/ParallelGaloisLFSR.scala. Using presentation compiler with project's scala-library version: 2.13.18
2026.02.05 10:44:30 INFO  no build target found for /scratch/jfx/ucie-q2y26/scala/src/main/scala/logphy/ParallelGaloisLFSR.scala. Using presentation compiler with project's scala-library version: 2.13.18
2026.02.05 10:44:33 INFO  no build target found for /scratch/jfx/ucie-q2y26/scala/src/main/scala/logphy/ParallelGaloisLFSR.scala. Using presentation compiler with project's scala-library version: 2.13.18
2026.02.05 10:44:39 INFO  no build target found for /scratch/jfx/ucie-q2y26/scala/src/main/scala/logphy/ParallelGaloisLFSR.scala. Using presentation compiler with project's scala-library version: 2.13.18
2026.02.05 10:44:39 INFO  no build target found for /scratch/jfx/ucie-q2y26/scala/src/main/scala/logphy/ParallelGaloisLFSR.scala. Using presentation compiler with project's scala-library version: 2.13.18
2026.02.05 10:44:39 INFO  no build target found for /scratch/jfx/ucie-q2y26/scala/src/main/scala/logphy/ParallelGaloisLFSR.scala. Using presentation compiler with project's scala-library version: 2.13.18
2026.02.05 10:44:39 INFO  no build target found for /scratch/jfx/ucie-q2y26/scala/src/main/scala/logphy/ParallelGaloisLFSR.scala. Using presentation compiler with project's scala-library version: 2.13.18
2026.02.05 10:44:41 INFO  no build target found for /scratch/jfx/ucie-q2y26/scala/src/main/scala/logphy/ParallelGaloisLFSR.scala. Using presentation compiler with project's scala-library version: 2.13.18
2026.02.05 10:45:02 INFO  no build target found for /scratch/jfx/ucie-q2y26/scala/src/main/scala/logphy/ParallelGaloisLFSR.scala. Using presentation compiler with project's scala-library version: 2.13.18
2026.02.05 10:45:02 INFO  no build target found for /scratch/jfx/ucie-q2y26/scala/src/main/scala/d2dadapter/D2DAdapter.scala. Using presentation compiler with project's scala-library version: 2.13.18
2026.02.05 10:45:04 INFO  no build target found for /scratch/jfx/ucie-q2y26/scala/src/main/scala/logphy/ParallelGaloisLFSR.scala. Using presentation compiler with project's scala-library version: 2.13.18
2026.02.05 10:45:20 INFO  no build target found for /scratch/jfx/ucie-q2y26/scala/src/main/scala/logphy/ParallelGaloisLFSR.scala. Using presentation compiler with project's scala-library version: 2.13.18
2026.02.05 10:56:30 INFO  no build target found for /scratch/jfx/ucie-q2y26/scala/src/main/scala/logphy/ParallelGaloisLFSR.scala. Using presentation compiler with project's scala-library version: 2.13.18
2026.02.05 10:56:32 INFO  no build target found for /scratch/jfx/ucie-q2y26/scala/src/main/scala/logphy/ParallelGaloisLFSR.scala. Using presentation compiler with project's scala-library version: 2.13.18
2026.02.05 10:56:33 INFO  no build target found for /scratch/jfx/ucie-q2y26/scala/src/main/scala/logphy/ParallelGaloisLFSR.scala. Using presentation compiler with project's scala-library version: 2.13.18
2026.02.05 10:56:33 INFO  no build target found for /scratch/jfx/ucie-q2y26/scala/src/main/scala/logphy/ParallelGaloisLFSR.scala. Using presentation compiler with project's scala-library version: 2.13.18
2026.02.05 10:56:33 INFO  no build target found for /scratch/jfx/ucie-q2y26/scala/src/main/scala/logphy/ParallelGaloisLFSR.scala. Using presentation compiler with project's scala-library version: 2.13.18
2026.02.05 10:56:34 INFO  no build target found for /scratch/jfx/ucie-q2y26/scala/src/main/scala/logphy/ParallelGaloisLFSR.scala. Using presentation compiler with project's scala-library version: 2.13.18
2026.02.05 10:56:36 WARN  no build target for: /scratch/jfx/ucie-q2y26/scala/src/main/scala/d2dadapter/D2DAdapter.scala
2026.02.05 10:56:36 INFO  no build target found for /scratch/jfx/ucie-q2y26/scala/src/main/scala/d2dadapter/D2DAdapter.scala. Using presentation compiler with project's scala-library version: 2.13.18
2026.02.05 10:56:36 INFO  no build target found for /scratch/jfx/ucie-q2y26/scala/src/main/scala/d2dadapter/D2DAdapter.scala. Using presentation compiler with project's scala-library version: 2.13.18
2026.02.05 10:56:36 INFO  no build target found for /scratch/jfx/ucie-q2y26/scala/src/main/scala/d2dadapter/D2DAdapter.scala. Using presentation compiler with project's scala-library version: 2.13.18
2026.02.05 10:56:38 INFO  no build target found for /scratch/jfx/ucie-q2y26/scala/src/main/scala/d2dadapter/D2DAdapter.scala. Using presentation compiler with project's scala-library version: 2.13.18
2026.02.05 10:56:38 INFO  no build target found for /scratch/jfx/ucie-q2y26/scala/src/main/scala/d2dadapter/D2DAdapter.scala. Using presentation compiler with project's scala-library version: 2.13.18
2026.02.05 10:56:38 INFO  no build target found for /scratch/jfx/ucie-q2y26/scala/src/main/scala/d2dadapter/D2DAdapter.scala. Using presentation compiler with project's scala-library version: 2.13.18
2026.02.05 10:56:38 INFO  no build target found for /scratch/jfx/ucie-q2y26/scala/src/main/scala/d2dadapter/D2DAdapter.scala. Using presentation compiler with project's scala-library version: 2.13.18
2026.02.05 10:56:40 INFO  no build target found for /scratch/jfx/ucie-q2y26/scala/src/main/scala/d2dadapter/D2DAdapter.scala. Using presentation compiler with project's scala-library version: 2.13.18
2026.02.05 10:56:41 WARN  no build target for: /scratch/jfx/ucie-q2y26/scala/src/main/scala/logphy/ParallelGaloisLFSR.scala
2026.02.05 10:56:43 INFO  no build target found for /scratch/jfx/ucie-q2y26/scala/src/main/scala/d2dadapter/D2DAdapter.scala. Using presentation compiler with project's scala-library version: 2.13.18
2026.02.05 10:56:43 WARN  no build target for: /scratch/jfx/ucie-q2y26/scala/src/main/scala/d2dadapter/D2DAdapter.scala
2026.02.05 10:56:43 INFO  no build target found for /scratch/jfx/ucie-q2y26/scala/src/main/scala/d2dadapter/D2DAdapter.scala. Using presentation compiler with project's scala-library version: 2.13.18
2026.02.05 10:56:46 INFO  no build target found for /scratch/jfx/ucie-q2y26/scala/src/main/scala/d2dadapter/D2DAdapter.scala. Using presentation compiler with project's scala-library version: 2.13.18
2026.02.05 10:56:46 INFO  empty definition using pc, found symbol in pc:  (full report at: "/scratch/jfx/ucie-q2y26/.metals/.reports/metals-full/2026-02-05/r_empty-definition_10-43-54-199.md")
2026.02.05 10:56:46 INFO  no build target found for /scratch/jfx/ucie-q2y26/scala/src/main/scala/d2dadapter/D2DAdapter.scala. Using presentation compiler with project's scala-library version: 2.13.18
2026.02.05 10:56:46 INFO  no build target found for /scratch/jfx/ucie-q2y26/scala/src/main/scala/d2dadapter/D2DAdapter.scala. Using presentation compiler with project's scala-library version: 2.13.18
2026.02.05 10:56:46 INFO  empty definition using pc, found symbol in pc:  (full report at: "/scratch/jfx/ucie-q2y26/.metals/.reports/metals-full/2026-02-05/r_empty-definition_10-43-54-199.md")
2026.02.05 10:56:47 INFO  no build target found for /scratch/jfx/ucie-q2y26/scala/src/main/scala/d2dadapter/D2DAdapter.scala. Using presentation compiler with project's scala-library version: 2.13.18
2026.02.05 10:56:48 INFO  no build target found for /scratch/jfx/ucie-q2y26/scala/src/main/scala/d2dadapter/D2DAdapter.scala. Using presentation compiler with project's scala-library version: 2.13.18
2026.02.05 10:56:48 INFO  no build target found for /scratch/jfx/ucie-q2y26/scala/src/main/scala/d2dadapter/D2DAdapter.scala. Using presentation compiler with project's scala-library version: 2.13.18
2026.02.05 10:56:48 INFO  no build target found for /scratch/jfx/ucie-q2y26/scala/src/main/scala/d2dadapter/D2DAdapter.scala. Using presentation compiler with project's scala-library version: 2.13.18
2026.02.05 10:56:48 WARN  no build target for: /scratch/jfx/ucie-q2y26/scala/src/main/scala/d2dadapter/D2DAdapter.scala
2026.02.05 10:56:48 INFO  no build target found for /scratch/jfx/ucie-q2y26/scala/src/main/scala/d2dadapter/D2DAdapter.scala. Using presentation compiler with project's scala-library version: 2.13.18
2026.02.05 10:56:48 INFO  no build target found for /scratch/jfx/ucie-q2y26/scala/src/main/scala/d2dadapter/D2DAdapter.scala. Using presentation compiler with project's scala-library version: 2.13.18
2026.02.05 10:56:49 INFO  no build target found for /scratch/jfx/ucie-q2y26/scala/src/main/scala/d2dadapter/D2DAdapter.scala. Using presentation compiler with project's scala-library version: 2.13.18
2026.02.05 10:56:49 WARN  no build target for: /scratch/jfx/ucie-q2y26/scala/src/main/scala/d2dadapter/D2DAdapter.scala
2026.02.05 10:56:58 INFO  no build target found for /scratch/jfx/ucie-q2y26/scala/src/main/scala/d2dadapter/D2DAdapter.scala. Using presentation compiler with project's scala-library version: 2.13.18
2026.02.05 10:56:58 INFO  no build target found for /scratch/jfx/ucie-q2y26/scala/src/main/scala/d2dadapter/D2DAdapter.scala. Using presentation compiler with project's scala-library version: 2.13.18
2026.02.05 10:57:02 INFO  no build target found for /scratch/jfx/ucie-q2y26/scala/src/main/scala/d2dadapter/D2DAdapter.scala. Using presentation compiler with project's scala-library version: 2.13.18
2026.02.05 10:57:02 WARN  no build target for: /scratch/jfx/ucie-q2y26/scala/src/main/scala/d2dadapter/D2DAdapter.scala
2026.02.05 10:57:02 INFO  no build target found for /scratch/jfx/ucie-q2y26/scala/src/main/scala/d2dadapter/D2DAdapter.scala. Using presentation compiler with project's scala-library version: 2.13.18
2026.02.05 10:57:02 INFO  no build target found for /scratch/jfx/ucie-q2y26/scala/src/main/scala/d2dadapter/D2DAdapter.scala. Using presentation compiler with project's scala-library version: 2.13.18
2026.02.05 10:57:02 INFO  no build target found for /scratch/jfx/ucie-q2y26/scala/src/main/scala/d2dadapter/D2DAdapter.scala. Using presentation compiler with project's scala-library version: 2.13.18
2026.02.05 10:57:02 INFO  no build target found for /scratch/jfx/ucie-q2y26/scala/src/main/scala/d2dadapter/D2DAdapter.scala. Using presentation compiler with project's scala-library version: 2.13.18
2026.02.05 10:57:02 INFO  no build target found for /scratch/jfx/ucie-q2y26/scala/src/main/scala/d2dadapter/D2DAdapter.scala. Using presentation compiler with project's scala-library version: 2.13.18
2026.02.05 10:57:02 INFO  no build target found for /scratch/jfx/ucie-q2y26/scala/src/main/scala/d2dadapter/D2DAdapter.scala. Using presentation compiler with project's scala-library version: 2.13.18
2026.02.05 10:57:02 INFO  no build target found for /scratch/jfx/ucie-q2y26/scala/src/main/scala/d2dadapter/D2DAdapter.scala. Using presentation compiler with project's scala-library version: 2.13.18
2026.02.05 10:57:04 INFO  no build target found for /scratch/jfx/ucie-q2y26/scala/build.sbt. Using presentation compiler with project's scala-library version: 2.13.18
2026.02.05 10:57:04 INFO  no build target found for /scratch/jfx/ucie-q2y26/scala/build.sbt. Using presentation compiler with project's scala-library version: 2.13.18
2026.02.05 10:57:04 WARN  no build target for: /scratch/jfx/ucie-q2y26/scala/build.sbt
2026.02.05 10:57:28 WARN  no build target for: /scratch/jfx/ucie-q2y26/scala/src/main/scala/logphy/ParallelGaloisLFSR.scala
2026.02.05 10:57:28 INFO  no build target found for /scratch/jfx/ucie-q2y26/scala/src/main/scala/logphy/ParallelGaloisLFSR.scala. Using presentation compiler with project's scala-library version: 2.13.18
2026.02.05 10:57:28 INFO  no build target found for /scratch/jfx/ucie-q2y26/scala/src/main/scala/logphy/ParallelGaloisLFSR.scala. Using presentation compiler with project's scala-library version: 2.13.18
2026.02.05 10:57:28 INFO  no build target found for /scratch/jfx/ucie-q2y26/scala/src/main/scala/logphy/ParallelGaloisLFSR.scala. Using presentation compiler with project's scala-library version: 2.13.18
2026.02.05 10:58:36 INFO  no build target found for /scratch/jfx/ucie-q2y26/scala/src/main/scala/logphy/ParallelGaloisLFSR.scala. Using presentation compiler with project's scala-library version: 2.13.18
2026.02.05 11:01:01 INFO  no build target found for /scratch/jfx/ucie-q2y26/scala/src/main/scala/logphy/ParallelGaloisLFSR.scala. Using presentation compiler with project's scala-library version: 2.13.18
2026.02.05 11:01:09 INFO  no build target found for /scratch/jfx/ucie-q2y26/scala/src/main/scala/logphy/ParallelGaloisLFSR.scala. Using presentation compiler with project's scala-library version: 2.13.18
2026.02.05 11:01:09 INFO  no build target found for /scratch/jfx/ucie-q2y26/scala/src/main/scala/logphy/ParallelGaloisLFSR.scala. Using presentation compiler with project's scala-library version: 2.13.18
2026.02.05 11:01:09 INFO  no build target found for /scratch/jfx/ucie-q2y26/scala/src/main/scala/logphy/ParallelGaloisLFSR.scala. Using presentation compiler with project's scala-library version: 2.13.18
2026.02.05 11:01:10 INFO  no build target found for /scratch/jfx/ucie-q2y26/scala/src/main/scala/logphy/ParallelGaloisLFSR.scala. Using presentation compiler with project's scala-library version: 2.13.18
2026.02.05 11:01:12 WARN  no build target for: /scratch/jfx/ucie-q2y26/scala/build.sbt
2026.02.05 11:01:12 INFO  no build target found for /scratch/jfx/ucie-q2y26/scala/src/main/scala/logphy/ParallelGaloisLFSR.scala. Using presentation compiler with project's scala-library version: 2.13.18
2026.02.05 11:01:12 INFO  no build target found for /scratch/jfx/ucie-q2y26/scala/build.sbt. Using presentation compiler with project's scala-library version: 2.13.18
2026.02.05 11:01:13 INFO  no build target found for /scratch/jfx/ucie-q2y26/scala/build.sbt. Using presentation compiler with project's scala-library version: 2.13.18
2026.02.05 11:01:15 INFO  no build target found for /scratch/jfx/ucie-q2y26/scala/build.sbt. Using presentation compiler with project's scala-library version: 2.13.18
2026.02.05 11:01:17 INFO  no build target found for /scratch/jfx/ucie-q2y26/scala/src/main/scala/d2dadapter/D2DAdapter.scala. Using presentation compiler with project's scala-library version: 2.13.18
2026.02.05 11:01:17 WARN  no build target for: /scratch/jfx/ucie-q2y26/scala/src/main/scala/d2dadapter/D2DAdapter.scala
2026.02.05 11:01:17 INFO  no build target found for /scratch/jfx/ucie-q2y26/scala/src/main/scala/d2dadapter/D2DAdapter.scala. Using presentation compiler with project's scala-library version: 2.13.18
2026.02.05 11:01:17 INFO  no build target found for /scratch/jfx/ucie-q2y26/scala/src/main/scala/d2dadapter/D2DAdapter.scala. Using presentation compiler with project's scala-library version: 2.13.18
2026.02.05 11:01:19 INFO  no build target found for /scratch/jfx/ucie-q2y26/scala/src/main/scala/d2dadapter/D2DAdapter.scala. Using presentation compiler with project's scala-library version: 2.13.18
2026.02.05 11:01:19 INFO  no build target found for /scratch/jfx/ucie-q2y26/scala/src/main/scala/d2dadapter/D2DAdapter.scala. Using presentation compiler with project's scala-library version: 2.13.18
2026.02.05 11:01:19 INFO  no build target found for /scratch/jfx/ucie-q2y26/scala/src/main/scala/d2dadapter/D2DAdapter.scala. Using presentation compiler with project's scala-library version: 2.13.18
2026.02.05 11:01:19 INFO  no build target found for /scratch/jfx/ucie-q2y26/scala/src/main/scala/d2dadapter/D2DAdapter.scala. Using presentation compiler with project's scala-library version: 2.13.18
2026.02.05 11:01:19 WARN  no build target for: /scratch/jfx/ucie-q2y26/scala/src/main/scala/d2dadapter/D2DAdapter.scala
2026.02.05 11:01:20 INFO  no build target found for /scratch/jfx/ucie-q2y26/scala/src/main/scala/d2dadapter/D2DAdapter.scala. Using presentation compiler with project's scala-library version: 2.13.18
2026.02.05 11:01:20 INFO  no build target found for /scratch/jfx/ucie-q2y26/scala/src/main/scala/d2dadapter/D2DAdapter.scala. Using presentation compiler with project's scala-library version: 2.13.18
2026.02.05 11:01:20 WARN  no build target for: /scratch/jfx/ucie-q2y26/scala/src/main/scala/d2dadapter/D2DAdapter.scala
2026.02.05 11:01:20 INFO  no build target found for /scratch/jfx/ucie-q2y26/scala/src/main/scala/d2dadapter/D2DAdapter.scala. Using presentation compiler with project's scala-library version: 2.13.18
2026.02.05 11:01:24 WARN  no build target for: /scratch/jfx/ucie-q2y26/scala/src/main/scala/logphy/ParallelGaloisLFSR.scala
2026.02.05 11:01:24 INFO  no build target found for /scratch/jfx/ucie-q2y26/scala/src/main/scala/logphy/ParallelGaloisLFSR.scala. Using presentation compiler with project's scala-library version: 2.13.18
2026.02.05 11:01:24 INFO  no build target found for /scratch/jfx/ucie-q2y26/scala/src/main/scala/logphy/ParallelGaloisLFSR.scala. Using presentation compiler with project's scala-library version: 2.13.18
2026.02.05 11:01:24 INFO  no build target found for /scratch/jfx/ucie-q2y26/scala/src/main/scala/logphy/ParallelGaloisLFSR.scala. Using presentation compiler with project's scala-library version: 2.13.18
2026.02.05 11:01:25 INFO  no build target found for /scratch/jfx/ucie-q2y26/scala/src/main/scala/logphy/ParallelGaloisLFSR.scala. Using presentation compiler with project's scala-library version: 2.13.18
2026.02.05 11:01:25 INFO  no build target found for /scratch/jfx/ucie-q2y26/scala/src/main/scala/d2dadapter/D2DAdapter.scala. Using presentation compiler with project's scala-library version: 2.13.18
2026.02.05 11:01:26 WARN  no build target for: /scratch/jfx/ucie-q2y26/scala/src/main/scala/d2dadapter/D2DAdapter.scala
2026.02.05 11:01:27 INFO  no build target found for /scratch/jfx/ucie-q2y26/scala/src/main/scala/d2dadapter/D2DAdapter.scala. Using presentation compiler with project's scala-library version: 2.13.18
2026.02.05 11:01:27 INFO  no build target found for /scratch/jfx/ucie-q2y26/scala/src/main/scala/d2dadapter/D2DAdapter.scala. Using presentation compiler with project's scala-library version: 2.13.18
2026.02.05 11:01:27 INFO  no build target found for /scratch/jfx/ucie-q2y26/scala/src/main/scala/logphy/ParallelGaloisLFSR.scala. Using presentation compiler with project's scala-library version: 2.13.18
2026.02.05 11:01:28 WARN  no build target for: /scratch/jfx/ucie-q2y26/scala/src/main/scala/logphy/ParallelGaloisLFSR.scala
2026.02.05 11:01:28 INFO  no build target found for /scratch/jfx/ucie-q2y26/scala/src/main/scala/logphy/ParallelGaloisLFSR.scala. Using presentation compiler with project's scala-library version: 2.13.18
2026.02.05 11:01:28 INFO  no build target found for /scratch/jfx/ucie-q2y26/scala/src/main/scala/logphy/ParallelGaloisLFSR.scala. Using presentation compiler with project's scala-library version: 2.13.18
2026.02.05 11:01:28 INFO  no build target found for /scratch/jfx/ucie-q2y26/scala/src/main/scala/logphy/ParallelGaloisLFSR.scala. Using presentation compiler with project's scala-library version: 2.13.18
2026.02.05 11:01:28 INFO  no build target found for /scratch/jfx/ucie-q2y26/scala/src/main/scala/logphy/ParallelGaloisLFSR.scala. Using presentation compiler with project's scala-library version: 2.13.18
2026.02.05 11:01:28 INFO  no build target found for /scratch/jfx/ucie-q2y26/scala/src/main/scala/logphy/ParallelGaloisLFSR.scala. Using presentation compiler with project's scala-library version: 2.13.18
2026.02.05 11:01:28 INFO  no build target found for /scratch/jfx/ucie-q2y26/scala/src/main/scala/logphy/ParallelGaloisLFSR.scala. Using presentation compiler with project's scala-library version: 2.13.18
2026.02.05 11:01:29 INFO  no build target found for /scratch/jfx/ucie-q2y26/scala/src/main/scala/d2dadapter/D2DAdapterConstants.scala. Using presentation compiler with project's scala-library version: 2.13.18
2026.02.05 11:01:29 WARN  no build target for: /scratch/jfx/ucie-q2y26/scala/src/main/scala/d2dadapter/D2DAdapterConstants.scala
2026.02.05 11:01:30 INFO  no build target found for /scratch/jfx/ucie-q2y26/scala/src/main/scala/d2dadapter/D2DAdapterConstants.scala. Using presentation compiler with project's scala-library version: 2.13.18
2026.02.05 11:01:30 INFO  no build target found for /scratch/jfx/ucie-q2y26/scala/src/main/scala/d2dadapter/D2DAdapterConstants.scala. Using presentation compiler with project's scala-library version: 2.13.18
2026.02.05 11:01:30 INFO  no build target found for /scratch/jfx/ucie-q2y26/scala/src/main/scala/d2dadapter/D2DAdapterConstants.scala. Using presentation compiler with project's scala-library version: 2.13.18
2026.02.05 11:01:31 INFO  no build target found for /scratch/jfx/ucie-q2y26/scala/src/main/scala/d2dadapter/D2DAdapterConstants.scala. Using presentation compiler with project's scala-library version: 2.13.18
2026.02.05 11:01:31 INFO  no build target found for /scratch/jfx/ucie-q2y26/scala/src/main/scala/d2dadapter/D2DAdapterConstants.scala. Using presentation compiler with project's scala-library version: 2.13.18
2026.02.05 11:01:31 INFO  no build target found for /scratch/jfx/ucie-q2y26/scala/src/main/scala/d2dadapter/D2DAdapterConstants.scala. Using presentation compiler with project's scala-library version: 2.13.18
2026.02.05 11:01:31 INFO  no build target found for /scratch/jfx/ucie-q2y26/scala/src/main/scala/d2dadapter/D2DAdapterConstants.scala. Using presentation compiler with project's scala-library version: 2.13.18
2026.02.05 11:01:31 INFO  no build target found for /scratch/jfx/ucie-q2y26/scala/src/main/scala/d2dadapter/D2DAdapterConstants.scala. Using presentation compiler with project's scala-library version: 2.13.18
2026.02.05 11:01:31 INFO  no build target found for /scratch/jfx/ucie-q2y26/scala/src/main/scala/logphy/ParallelGaloisLFSR.scala. Using presentation compiler with project's scala-library version: 2.13.18
2026.02.05 11:01:31 WARN  no build target for: /scratch/jfx/ucie-q2y26/scala/src/main/scala/logphy/ParallelGaloisLFSR.scala
2026.02.05 11:01:31 INFO  no build target found for /scratch/jfx/ucie-q2y26/scala/src/main/scala/logphy/ParallelGaloisLFSR.scala. Using presentation compiler with project's scala-library version: 2.13.18
2026.02.05 11:01:31 INFO  no build target found for /scratch/jfx/ucie-q2y26/scala/src/main/scala/logphy/ParallelGaloisLFSR.scala. Using presentation compiler with project's scala-library version: 2.13.18
2026.02.05 11:01:32 INFO  no build target found for /scratch/jfx/ucie-q2y26/scala/src/main/scala/logphy/ParallelGaloisLFSR.scala. Using presentation compiler with project's scala-library version: 2.13.18
2026.02.05 11:01:32 INFO  no build target found for /scratch/jfx/ucie-q2y26/scala/src/main/scala/logphy/ParallelGaloisLFSR.scala. Using presentation compiler with project's scala-library version: 2.13.18
2026.02.05 11:01:33 INFO  no build target found for /scratch/jfx/ucie-q2y26/scala/src/main/scala/logphy/ParallelGaloisLFSR.scala. Using presentation compiler with project's scala-library version: 2.13.18
2026.02.05 11:01:33 INFO  no build target found for /scratch/jfx/ucie-q2y26/scala/src/main/scala/logphy/ParallelGaloisLFSR.scala. Using presentation compiler with project's scala-library version: 2.13.18
2026.02.05 11:01:32 INFO  no build target found for /scratch/jfx/ucie-q2y26/scala/src/main/scala/logphy/ParallelGaloisLFSR.scala. Using presentation compiler with project's scala-library version: 2.13.18
2026.02.05 11:01:40 WARN  no build target for: /scratch/jfx/ucie-q2y26/scala/build.sbt
2026.02.05 11:01:40 INFO  no build target found for /scratch/jfx/ucie-q2y26/scala/build.sbt. Using presentation compiler with project's scala-library version: 2.13.18
2026.02.05 11:01:40 INFO  no build target found for /scratch/jfx/ucie-q2y26/scala/build.sbt. Using presentation compiler with project's scala-library version: 2.13.18
2026.02.05 11:01:40 INFO  no build target found for /scratch/jfx/ucie-q2y26/scala/build.sbt. Using presentation compiler with project's scala-library version: 2.13.18
2026.02.05 11:01:43 INFO  no build target found for /scratch/jfx/ucie-q2y26/scala/build.sbt. Using presentation compiler with project's scala-library version: 2.13.18
2026.02.05 11:01:44 INFO  no build target found for /scratch/jfx/ucie-q2y26/scala/build.sbt. Using presentation compiler with project's scala-library version: 2.13.18
2026.02.05 11:01:47 INFO  no build target found for /scratch/jfx/ucie-q2y26/scala/build.sbt. Using presentation compiler with project's scala-library version: 2.13.18
2026.02.05 11:01:47 INFO  no build target found for /scratch/jfx/ucie-q2y26/scala/build.sbt. Using presentation compiler with project's scala-library version: 2.13.18
2026.02.05 11:01:48 INFO  no build target found for /scratch/jfx/ucie-q2y26/scala/build.sbt. Using presentation compiler with project's scala-library version: 2.13.18
2026.02.05 11:01:50 INFO  no build target found for /scratch/jfx/ucie-q2y26/scala/build.sbt. Using presentation compiler with project's scala-library version: 2.13.18
2026.02.05 11:02:10 INFO  no build target found for /scratch/jfx/ucie-q2y26/scala/src/main/scala/sideband/SidebandClasses.scala. Using presentation compiler with project's scala-library version: 2.13.18
2026.02.05 11:02:10 INFO  no build target found for /scratch/jfx/ucie-q2y26/scala/src/main/scala/sideband/SidebandClasses.scala. Using presentation compiler with project's scala-library version: 2.13.18
2026.02.05 11:02:10 WARN  no build target for: /scratch/jfx/ucie-q2y26/scala/src/main/scala/sideband/SidebandClasses.scala
2026.02.05 11:02:10 INFO  no build target found for /scratch/jfx/ucie-q2y26/scala/src/main/scala/sideband/SidebandClasses.scala. Using presentation compiler with project's scala-library version: 2.13.18
2026.02.05 11:02:17 INFO  no build target found for /scratch/jfx/ucie-q2y26/scala/src/main/scala/sideband/SidebandClasses.scala. Using presentation compiler with project's scala-library version: 2.13.18
2026.02.05 11:02:17 INFO  no build target found for /scratch/jfx/ucie-q2y26/scala/src/main/scala/sideband/SidebandClasses.scala. Using presentation compiler with project's scala-library version: 2.13.18
2026.02.05 11:02:17 INFO  no build target found for /scratch/jfx/ucie-q2y26/scala/src/main/scala/sideband/SidebandClasses.scala. Using presentation compiler with project's scala-library version: 2.13.18
2026.02.05 11:02:17 INFO  no build target found for /scratch/jfx/ucie-q2y26/scala/src/main/scala/sideband/SidebandClasses.scala. Using presentation compiler with project's scala-library version: 2.13.18
2026.02.05 11:02:17 INFO  no build target found for /scratch/jfx/ucie-q2y26/scala/src/main/scala/sideband/SidebandClasses.scala. Using presentation compiler with project's scala-library version: 2.13.18
2026.02.05 11:02:17 INFO  no build target found for /scratch/jfx/ucie-q2y26/scala/src/main/scala/sideband/SidebandClasses.scala. Using presentation compiler with project's scala-library version: 2.13.18
2026.02.05 11:02:18 INFO  no build target found for /scratch/jfx/ucie-q2y26/scala/src/main/scala/sideband/SidebandClasses.scala. Using presentation compiler with project's scala-library version: 2.13.18
2026.02.05 11:02:18 INFO  no build target found for /scratch/jfx/ucie-q2y26/scala/build.sbt. Using presentation compiler with project's scala-library version: 2.13.18
2026.02.05 11:02:18 WARN  no build target for: /scratch/jfx/ucie-q2y26/scala/build.sbt
2026.02.05 11:02:18 INFO  no build target found for /scratch/jfx/ucie-q2y26/scala/build.sbt. Using presentation compiler with project's scala-library version: 2.13.18
2026.02.05 11:02:18 INFO  no build target found for /scratch/jfx/ucie-q2y26/scala/build.sbt. Using presentation compiler with project's scala-library version: 2.13.18
2026.02.05 11:02:21 WARN  no build target for: /scratch/jfx/ucie-q2y26/scala/src/main/scala/d2dadapter/D2DAdapter.scala
2026.02.05 11:02:21 INFO  no build target found for /scratch/jfx/ucie-q2y26/scala/src/main/scala/d2dadapter/D2DAdapter.scala. Using presentation compiler with project's scala-library version: 2.13.18
2026.02.05 11:02:21 INFO  no build target found for /scratch/jfx/ucie-q2y26/scala/src/main/scala/d2dadapter/D2DAdapter.scala. Using presentation compiler with project's scala-library version: 2.13.18
2026.02.05 11:02:21 INFO  no build target found for /scratch/jfx/ucie-q2y26/scala/src/main/scala/d2dadapter/D2DAdapter.scala. Using presentation compiler with project's scala-library version: 2.13.18
2026.02.05 11:02:21 INFO  no build target found for /scratch/jfx/ucie-q2y26/scala/src/main/scala/d2dadapter/D2DAdapter.scala. Using presentation compiler with project's scala-library version: 2.13.18
2026.02.05 11:02:21 INFO  Created report: Optional[file:///scratch/jfx/ucie-q2y26/file:/scratch/jfx/ucie-q2y26/scala/src/main/scala/d2dadapter/D2DAdapter.scala]
2026.02.05 11:02:21 INFO  expected identifier; obtained import (full report at: "/scratch/jfx/ucie-q2y26/.metals/.reports/metals/2026-02-05/r_scala-toplevel-mtags_11-02-21-681.md")
2026.02.05 11:02:21 WARN  no build target for: /scratch/jfx/ucie-q2y26/scala/src/main/scala/d2dadapter/D2DAdapter.scala
2026.02.05 11:02:21 INFO  no build target found for /scratch/jfx/ucie-q2y26/scala/src/main/scala/d2dadapter/D2DAdapter.scala. Using presentation compiler with project's scala-library version: 2.13.18
2026.02.05 11:02:21 INFO  no build target found for /scratch/jfx/ucie-q2y26/scala/src/main/scala/d2dadapter/D2DAdapter.scala. Using presentation compiler with project's scala-library version: 2.13.18
2026.02.05 11:02:23 INFO  no build target found for /scratch/jfx/ucie-q2y26/scala/src/main/scala/d2dadapter/D2DAdapter.scala. Using presentation compiler with project's scala-library version: 2.13.18
2026.02.05 11:02:23 INFO  no build target found for /scratch/jfx/ucie-q2y26/scala/src/main/scala/d2dadapter/D2DAdapter.scala. Using presentation compiler with project's scala-library version: 2.13.18
2026.02.05 11:02:23 WARN  no build target for: /scratch/jfx/ucie-q2y26/scala/src/main/scala/d2dadapter/D2DAdapter.scala
2026.02.05 11:02:23 INFO  no build target found for /scratch/jfx/ucie-q2y26/scala/src/main/scala/d2dadapter/D2DAdapter.scala. Using presentation compiler with project's scala-library version: 2.13.18
2026.02.05 11:02:24 INFO  no build target found for /scratch/jfx/ucie-q2y26/scala/src/main/scala/d2dadapter/D2DAdapter.scala. Using presentation compiler with project's scala-library version: 2.13.18
2026.02.05 11:02:24 INFO  no build target found for /scratch/jfx/ucie-q2y26/scala/src/main/scala/d2dadapter/D2DAdapter.scala. Using presentation compiler with project's scala-library version: 2.13.18
2026.02.05 11:02:24 INFO  no build target found for /scratch/jfx/ucie-q2y26/scala/src/main/scala/d2dadapter/D2DAdapter.scala. Using presentation compiler with project's scala-library version: 2.13.18
2026.02.05 11:02:25 INFO  no build target found for /scratch/jfx/ucie-q2y26/scala/src/main/scala/d2dadapter/D2DAdapter.scala. Using presentation compiler with project's scala-library version: 2.13.18
2026.02.05 11:02:25 INFO  no build target found for /scratch/jfx/ucie-q2y26/scala/src/main/scala/d2dadapter/D2DAdapter.scala. Using presentation compiler with project's scala-library version: 2.13.18
2026.02.05 11:02:25 INFO  no build target found for /scratch/jfx/ucie-q2y26/scala/src/main/scala/d2dadapter/D2DAdapter.scala. Using presentation compiler with project's scala-library version: 2.13.18
2026.02.05 11:02:25 INFO  no build target found for /scratch/jfx/ucie-q2y26/scala/src/main/scala/logphy/ParallelGaloisLFSR.scala. Using presentation compiler with project's scala-library version: 2.13.18
2026.02.05 11:02:26 WARN  no build target for: /scratch/jfx/ucie-q2y26/scala/src/main/scala/logphy/ParallelGaloisLFSR.scala
2026.02.05 11:02:25 INFO  no build target found for /scratch/jfx/ucie-q2y26/scala/src/main/scala/logphy/ParallelGaloisLFSR.scala. Using presentation compiler with project's scala-library version: 2.13.18
2026.02.05 11:02:25 INFO  no build target found for /scratch/jfx/ucie-q2y26/scala/src/main/scala/logphy/ParallelGaloisLFSR.scala. Using presentation compiler with project's scala-library version: 2.13.18
2026.02.05 11:02:26 INFO  no build target found for /scratch/jfx/ucie-q2y26/scala/src/main/scala/logphy/ParallelGaloisLFSR.scala. Using presentation compiler with project's scala-library version: 2.13.18
2026.02.05 11:02:26 INFO  no build target found for /scratch/jfx/ucie-q2y26/scala/src/main/scala/logphy/ParallelGaloisLFSR.scala. Using presentation compiler with project's scala-library version: 2.13.18
2026.02.05 11:02:26 INFO  no build target found for /scratch/jfx/ucie-q2y26/scala/src/main/scala/logphy/ParallelGaloisLFSR.scala. Using presentation compiler with project's scala-library version: 2.13.18
2026.02.05 11:02:26 INFO  no build target found for /scratch/jfx/ucie-q2y26/scala/src/main/scala/logphy/ParallelGaloisLFSR.scala. Using presentation compiler with project's scala-library version: 2.13.18
2026.02.05 11:02:30 WARN  no build target for: /scratch/jfx/ucie-q2y26/scala/src/main/scala/d2dadapter/D2DAdapter.scala
2026.02.05 11:02:30 INFO  no build target found for /scratch/jfx/ucie-q2y26/scala/src/main/scala/d2dadapter/D2DAdapter.scala. Using presentation compiler with project's scala-library version: 2.13.18
2026.02.05 11:02:30 INFO  no build target found for /scratch/jfx/ucie-q2y26/scala/src/main/scala/d2dadapter/D2DAdapter.scala. Using presentation compiler with project's scala-library version: 2.13.18
2026.02.05 11:02:32 INFO  no build target found for /scratch/jfx/ucie-q2y26/scala/src/main/scala/d2dadapter/D2DAdapter.scala. Using presentation compiler with project's scala-library version: 2.13.18
2026.02.05 11:02:32 INFO  no build target found for /scratch/jfx/ucie-q2y26/scala/build.sbt. Using presentation compiler with project's scala-library version: 2.13.18
2026.02.05 11:02:32 WARN  no build target for: /scratch/jfx/ucie-q2y26/scala/build.sbt
2026.02.05 11:02:33 INFO  no build target found for /scratch/jfx/ucie-q2y26/scala/build.sbt. Using presentation compiler with project's scala-library version: 2.13.18
2026.02.05 11:02:33 INFO  no build target found for /scratch/jfx/ucie-q2y26/scala/src/main/scala/d2dadapter/D2DAdapter.scala. Using presentation compiler with project's scala-library version: 2.13.18
2026.02.05 11:02:33 WARN  no build target for: /scratch/jfx/ucie-q2y26/scala/src/main/scala/d2dadapter/D2DAdapter.scala
2026.02.05 11:02:33 INFO  no build target found for /scratch/jfx/ucie-q2y26/scala/src/main/scala/d2dadapter/D2DAdapter.scala. Using presentation compiler with project's scala-library version: 2.13.18
2026.02.05 11:02:33 INFO  no build target found for /scratch/jfx/ucie-q2y26/scala/src/main/scala/d2dadapter/D2DAdapter.scala. Using presentation compiler with project's scala-library version: 2.13.18
2026.02.05 14:19:49 INFO  Shutting down server
2026.02.05 14:19:49 INFO  shutting down Metals
2026.02.05 14:19:49 INFO  Shut down connection with build server.
2026.02.05 14:19:49 INFO  Exiting server
2026.02.05 15:31:49 INFO  Started: Metals version 1.6.4 in folders '/scratch/jfx/ucie-q2y26' for client Visual Studio Code - Insiders 1.108.0-insider.
2026.02.05 15:31:49 WARN  Using H2 2.4.240 which is newer than the version Flyway has been verified with. The latest verified version of H2 is 2.3.232.
2026.02.05 15:31:49 INFO  no build target found for /scratch/jfx/ucie-q2y26/scala/src/main/scala/d2dadapter/D2DAdapter.scala. Using presentation compiler with project's scala-library version: 3.3.6
2026.02.05 15:31:50 INFO  Attempting to connect to the build server...
2026.02.05 15:31:50 INFO  Found a Bloop server running
2026.02.05 15:31:50 INFO  tracing is disabled for protocol BSP, to enable tracing of incoming and outgoing JSON messages create an empty file at /scratch/jfx/ucie-q2y26/.metals/bsp.trace.json or /users/yf328/.cache/metals/bsp.trace.json
2026.02.05 15:31:50 INFO  time: Connected to build server in 0.21s
2026.02.05 15:31:50 INFO  Connected to Build server: Bloop v2.0.17
2026.02.05 15:31:51 INFO  time: Imported build in 0.41s
2026.02.05 15:31:52 WARN  2.13.10 is no longer supported in the current Metals versions, using the last known supported version 1.3.3
2026.02.05 15:31:52 INFO  no build target found for /scratch/jfx/ucie-q2y26/scala/src/main/scala/logphy/ParallelGaloisLFSR.scala. Using presentation compiler with project's scala-library version: 2.13.18
2026.02.05 15:31:52 INFO  no build target found for /scratch/jfx/ucie-q2y26/scala/build.sbt. Using presentation compiler with project's scala-library version: 2.13.18
Feb 05, 2026 3:31:52 PM org.eclipse.lsp4j.jsonrpc.RemoteEndpoint handleCancellation
WARNING: Unmatched cancel notification for request id 8
2026.02.05 15:31:53 WARN  Could not find java sources in /usr/lib/jvm/src.zip, /usr/lib/jvm/lib/src.zip, /usr/lib/jvm/java-17-openjdk-17.0.17.0.10-1.el9.x86_64/src.zip, /usr/lib/jvm/java-17-openjdk-17.0.17.0.10-1.el9.x86_64/lib/src.zip. Java symbols will not be available.
2026.02.05 15:31:53 INFO  time: indexed workspace in 2.15s
2026.02.05 15:31:53 WARN  no build target for: /scratch/jfx/ucie-q2y26/scala/src/main/scala/logphy/ParallelGaloisLFSR.scala
2026.02.05 15:31:54 WARN  no build target for: /scratch/jfx/ucie-q2y26/scala/src/main/scala/d2dadapter/D2DAdapter.scala
2026.02.05 15:31:54 WARN  no build target for: /scratch/jfx/ucie-q2y26/scala/build.sbt
2026.02.05 15:31:54 INFO  no build target found for /scratch/jfx/ucie-q2y26/scala/src/main/scala/d2dadapter/D2DAdapter.scala. Using presentation compiler with project's scala-library version: 2.13.18
2026.02.05 15:31:54 WARN  no build target for: /scratch/jfx/ucie-q2y26/scala/src/main/scala/d2dadapter/D2DAdapter.scala
2026.02.05 15:31:54 WARN  no build target for: /scratch/jfx/ucie-q2y26/scala/src/main/scala/logphy/ParallelGaloisLFSR.scala
2026.02.05 15:31:54 WARN  no build target for: /scratch/jfx/ucie-q2y26/scala/build.sbt
2026.02.05 15:31:55 INFO  no build target found for /scratch/jfx/ucie-q2y26/scala/src/main/scala/logphy/ParallelGaloisLFSR.scala. Using presentation compiler with project's scala-library version: 2.13.18
2026.02.05 15:31:55 INFO  no build target found for /scratch/jfx/ucie-q2y26/scala/build.sbt. Using presentation compiler with project's scala-library version: 2.13.18
2026.02.05 15:31:55 INFO  time: code lens generation in 1.24s
2026.02.05 15:31:55 INFO  time: code lens generation in 1.24s
2026.02.05 15:31:55 INFO  time: code lens generation in 1.24s
2026.02.05 15:32:03 INFO  no build target found for /scratch/jfx/ucie-q2y26/scala/src/main/scala/d2dadapter/D2DAdapter.scala. Using presentation compiler with project's scala-library version: 2.13.18
2026.02.05 15:32:24 INFO  no build target found for /scratch/jfx/ucie-q2y26/scala/src/main/scala/d2dadapter/D2DAdapter.scala. Using presentation compiler with project's scala-library version: 2.13.18
2026.02.05 15:32:24 INFO  no build target found for /scratch/jfx/ucie-q2y26/scala/src/main/scala/d2dadapter/D2DAdapter.scala. Using presentation compiler with project's scala-library version: 2.13.18
2026.02.05 15:32:34 INFO  no build target found for /scratch/jfx/ucie-q2y26/scala/src/main/scala/d2dadapter/D2DAdapter.scala. Using presentation compiler with project's scala-library version: 2.13.18
2026.02.05 15:32:38 WARN  no build target for: /scratch/jfx/ucie-q2y26/scala/build.sbt
2026.02.05 15:32:40 INFO  no build target found for /scratch/jfx/ucie-q2y26/scala/build.sbt. Using presentation compiler with project's scala-library version: 2.13.18
2026.02.05 15:32:41 INFO  no build target found for /scratch/jfx/ucie-q2y26/scala/build.sbt. Using presentation compiler with project's scala-library version: 2.13.18
2026.02.05 15:32:42 INFO  Created report: Optional[file:///scratch/jfx/ucie-q2y26/scala/build.sbt]
2026.02.05 15:32:42 INFO  empty definition using pc, found symbol in pc:  (full report at: "/scratch/jfx/ucie-q2y26/.metals/.reports/metals-full/2026-02-05/r_empty-definition_15-32-42-123.md")
2026.02.05 15:32:43 INFO  no build target found for /scratch/jfx/ucie-q2y26/scala/build.sbt. Using presentation compiler with project's scala-library version: 2.13.18
2026.02.05 15:32:43 INFO  empty definition using pc, found symbol in pc:  (full report at: "/scratch/jfx/ucie-q2y26/.metals/.reports/metals-full/2026-02-05/r_empty-definition_15-32-42-123.md")
2026.02.05 15:32:43 INFO  no build target found for /scratch/jfx/ucie-q2y26/scala/build.sbt. Using presentation compiler with project's scala-library version: 2.13.18
2026.02.05 15:32:44 INFO  empty definition using pc, found symbol in pc:  (full report at: "/scratch/jfx/ucie-q2y26/.metals/.reports/metals-full/2026-02-05/r_empty-definition_15-32-42-123.md")
2026.02.05 15:32:45 INFO  no build target found for /scratch/jfx/ucie-q2y26/scala/build.sbt. Using presentation compiler with project's scala-library version: 2.13.18
2026.02.05 15:32:44 INFO  empty definition using pc, found symbol in pc:  (full report at: "/scratch/jfx/ucie-q2y26/.metals/.reports/metals-full/2026-02-05/r_empty-definition_15-32-42-123.md")
2026.02.05 15:32:45 INFO  no build target found for /scratch/jfx/ucie-q2y26/scala/build.sbt. Using presentation compiler with project's scala-library version: 2.13.18
2026.02.05 15:32:56 WARN  no build target for: /scratch/jfx/ucie-q2y26/scala/src/main/scala/d2dadapter/D2DAdapter.scala
2026.02.05 15:32:56 INFO  no build target found for /scratch/jfx/ucie-q2y26/scala/src/main/scala/d2dadapter/D2DAdapter.scala. Using presentation compiler with project's scala-library version: 2.13.18
2026.02.05 15:32:56 INFO  no build target found for /scratch/jfx/ucie-q2y26/scala/src/main/scala/d2dadapter/D2DAdapter.scala. Using presentation compiler with project's scala-library version: 2.13.18
2026.02.05 15:32:56 INFO  no build target found for /scratch/jfx/ucie-q2y26/scala/src/main/scala/d2dadapter/D2DAdapter.scala. Using presentation compiler with project's scala-library version: 2.13.18
2026.02.05 15:32:59 INFO  no build target found for /scratch/jfx/ucie-q2y26/scala/src/main/scala/d2dadapter/D2DAdapter.scala. Using presentation compiler with project's scala-library version: 2.13.18
2026.02.05 15:32:59 INFO  no build target found for /scratch/jfx/ucie-q2y26/scala/src/main/scala/d2dadapter/D2DAdapter.scala. Using presentation compiler with project's scala-library version: 2.13.18
2026.02.05 15:32:59 INFO  no build target found for /scratch/jfx/ucie-q2y26/scala/src/main/scala/d2dadapter/D2DAdapter.scala. Using presentation compiler with project's scala-library version: 2.13.18
2026.02.05 15:33:00 INFO  no build target found for /scratch/jfx/ucie-q2y26/scala/src/main/scala/d2dadapter/D2DAdapter.scala. Using presentation compiler with project's scala-library version: 2.13.18
2026.02.05 15:33:00 INFO  no build target found for /scratch/jfx/ucie-q2y26/scala/src/main/scala/d2dadapter/D2DAdapter.scala. Using presentation compiler with project's scala-library version: 2.13.18
2026.02.05 15:33:00 INFO  no build target found for /scratch/jfx/ucie-q2y26/scala/src/main/scala/d2dadapter/D2DAdapter.scala. Using presentation compiler with project's scala-library version: 2.13.18
2026.02.05 15:33:01 INFO  no build target found for /scratch/jfx/ucie-q2y26/scala/src/main/scala/d2dadapter/D2DAdapter.scala. Using presentation compiler with project's scala-library version: 2.13.18
2026.02.05 15:33:01 INFO  no build target found for /scratch/jfx/ucie-q2y26/scala/src/main/scala/d2dadapter/D2DAdapter.scala. Using presentation compiler with project's scala-library version: 2.13.18
2026.02.05 15:33:01 INFO  no build target found for /scratch/jfx/ucie-q2y26/scala/src/main/scala/d2dadapter/D2DAdapter.scala. Using presentation compiler with project's scala-library version: 2.13.18
2026.02.05 15:33:03 INFO  no build target found for /scratch/jfx/ucie-q2y26/scala/src/main/scala/d2dadapter/D2DAdapter.scala. Using presentation compiler with project's scala-library version: 2.13.18
2026.02.05 15:33:03 INFO  no build target found for /scratch/jfx/ucie-q2y26/scala/src/main/scala/d2dadapter/D2DAdapter.scala. Using presentation compiler with project's scala-library version: 2.13.18
2026.02.05 15:33:03 INFO  no build target found for /scratch/jfx/ucie-q2y26/scala/src/main/scala/d2dadapter/D2DAdapter.scala. Using presentation compiler with project's scala-library version: 2.13.18
2026.02.05 15:33:04 INFO  no build target found for /scratch/jfx/ucie-q2y26/scala/src/main/scala/d2dadapter/D2DAdapter.scala. Using presentation compiler with project's scala-library version: 2.13.18
2026.02.05 15:33:06 INFO  no build target found for /scratch/jfx/ucie-q2y26/scala/src/main/scala/d2dadapter/D2DAdapter.scala. Using presentation compiler with project's scala-library version: 2.13.18
2026.02.05 15:33:06 INFO  no build target found for /scratch/jfx/ucie-q2y26/scala/src/main/scala/d2dadapter/D2DAdapter.scala. Using presentation compiler with project's scala-library version: 2.13.18
2026.02.05 15:33:06 INFO  no build target found for /scratch/jfx/ucie-q2y26/scala/src/main/scala/d2dadapter/D2DAdapter.scala. Using presentation compiler with project's scala-library version: 2.13.18
2026.02.05 15:33:08 INFO  no build target found for /scratch/jfx/ucie-q2y26/scala/src/main/scala/d2dadapter/D2DAdapter.scala. Using presentation compiler with project's scala-library version: 2.13.18
2026.02.05 15:33:08 INFO  no build target found for /scratch/jfx/ucie-q2y26/scala/src/main/scala/d2dadapter/D2DAdapter.scala. Using presentation compiler with project's scala-library version: 2.13.18
2026.02.05 15:33:08 INFO  no build target found for /scratch/jfx/ucie-q2y26/scala/src/main/scala/d2dadapter/D2DAdapter.scala. Using presentation compiler with project's scala-library version: 2.13.18
2026.02.05 15:33:09 INFO  no build target found for /scratch/jfx/ucie-q2y26/scala/src/main/scala/d2dadapter/D2DAdapter.scala. Using presentation compiler with project's scala-library version: 2.13.18
2026.02.05 15:33:09 INFO  no build target found for /scratch/jfx/ucie-q2y26/scala/src/main/scala/d2dadapter/D2DAdapter.scala. Using presentation compiler with project's scala-library version: 2.13.18
2026.02.05 15:33:09 INFO  no build target found for /scratch/jfx/ucie-q2y26/scala/src/main/scala/d2dadapter/D2DAdapter.scala. Using presentation compiler with project's scala-library version: 2.13.18
2026.02.05 15:33:10 INFO  no build target found for /scratch/jfx/ucie-q2y26/scala/src/main/scala/d2dadapter/D2DAdapter.scala. Using presentation compiler with project's scala-library version: 2.13.18
2026.02.05 15:33:10 INFO  no build target found for /scratch/jfx/ucie-q2y26/scala/src/main/scala/d2dadapter/D2DAdapter.scala. Using presentation compiler with project's scala-library version: 2.13.18
2026.02.05 15:33:10 INFO  no build target found for /scratch/jfx/ucie-q2y26/scala/src/main/scala/d2dadapter/D2DAdapter.scala. Using presentation compiler with project's scala-library version: 2.13.18
2026.02.05 15:33:10 INFO  no build target found for /scratch/jfx/ucie-q2y26/scala/src/main/scala/d2dadapter/D2DAdapter.scala. Using presentation compiler with project's scala-library version: 2.13.18
2026.02.05 15:33:22 INFO  no build target found for /scratch/jfx/ucie-q2y26/scala/src/main/scala/d2dadapter/D2DAdapter.scala. Using presentation compiler with project's scala-library version: 2.13.18
2026.02.05 15:33:38 INFO  no build target found for /scratch/jfx/ucie-q2y26/scala/src/main/scala/d2dadapter/D2DAdapter.scala. Using presentation compiler with project's scala-library version: 2.13.18
2026.02.05 15:33:38 INFO  no build target found for /scratch/jfx/ucie-q2y26/scala/src/main/scala/d2dadapter/D2DAdapter.scala. Using presentation compiler with project's scala-library version: 2.13.18
2026.02.05 15:33:38 INFO  no build target found for /scratch/jfx/ucie-q2y26/scala/src/main/scala/d2dadapter/D2DAdapter.scala. Using presentation compiler with project's scala-library version: 2.13.18
2026.02.05 15:33:39 INFO  no build target found for /scratch/jfx/ucie-q2y26/scala/src/main/scala/d2dadapter/D2DAdapter.scala. Using presentation compiler with project's scala-library version: 2.13.18
2026.02.05 15:33:39 INFO  no build target found for /scratch/jfx/ucie-q2y26/scala/src/main/scala/d2dadapter/D2DAdapter.scala. Using presentation compiler with project's scala-library version: 2.13.18
2026.02.05 15:33:40 INFO  no build target found for /scratch/jfx/ucie-q2y26/scala/src/main/scala/d2dadapter/D2DAdapter.scala. Using presentation compiler with project's scala-library version: 2.13.18
2026.02.05 15:33:41 INFO  no build target found for /scratch/jfx/ucie-q2y26/scala/src/main/scala/d2dadapter/D2DAdapter.scala. Using presentation compiler with project's scala-library version: 2.13.18
2026.02.05 15:33:42 INFO  no build target found for /scratch/jfx/ucie-q2y26/scala/src/main/scala/d2dadapter/D2DAdapter.scala. Using presentation compiler with project's scala-library version: 2.13.18
2026.02.05 15:33:42 INFO  no build target found for /scratch/jfx/ucie-q2y26/scala/src/main/scala/d2dadapter/D2DAdapter.scala. Using presentation compiler with project's scala-library version: 2.13.18
2026.02.05 15:33:42 WARN  Could not find 'LinkManagementController' using presentation compiler nor semanticdb. Trying to guess the definition using available information from local class context. 
2026.02.05 15:33:42 INFO  empty definition using pc, found symbol in pc:  (full report at: "/scratch/jfx/ucie-q2y26/.metals/.reports/metals-full/2026-02-05/r_empty-definition_10-04-36-051.md")
2026.02.05 15:33:42 INFO  no build target found for /scratch/jfx/ucie-q2y26/scala/src/main/scala/d2dadapter/D2DAdapter.scala. Using presentation compiler with project's scala-library version: 2.13.18
Exception in thread "pool-6-thread-1" java.lang.AbstractMethodError: Receiver class scala.meta.internal.pc.MetalsGlobal$MetalsInteractiveAnalyzer does not define or inherit an implementation of the resolved method 'scala.tools.nsc.typechecker.Implicits$ImplicitInfo$ ImplicitInfo()' of interface scala.tools.nsc.typechecker.Analyzer.
	at scala.tools.nsc.typechecker.Implicits$$anon$4.<init>(Implicits.scala:337)
	at scala.tools.nsc.typechecker.Implicits.$init$(Implicits.scala:337)
	at scala.meta.internal.pc.MetalsGlobal$MetalsInteractiveAnalyzer.<init>(MetalsGlobal.scala:77)
	at scala.meta.internal.pc.MetalsGlobal.analyzer$lzycompute(MetalsGlobal.scala:112)
	at scala.meta.internal.pc.MetalsGlobal.analyzer(MetalsGlobal.scala:111)
	at scala.meta.internal.pc.MetalsGlobal.analyzer(MetalsGlobal.scala:35)
	at scala.tools.nsc.Global.<init>(Global.scala:1029)
	at scala.tools.nsc.interactive.Global.<init>(Global.scala:120)
	at scala.meta.internal.pc.MetalsGlobal.<init>(MetalsGlobal.scala:42)
	at scala.meta.internal.pc.ScalaPresentationCompiler.newCompiler(ScalaPresentationCompiler.scala:514)
	at scala.meta.internal.pc.ScalaPresentationCompiler.$anonfun$compilerAccess$1(ScalaPresentationCompiler.scala:116)
	at scala.meta.internal.pc.CompilerAccess.loadCompiler(CompilerAccess.scala:52)
	at scala.meta.internal.pc.CompilerAccess.withSharedCompiler(CompilerAccess.scala:156)
	at scala.meta.internal.pc.CompilerAccess.$anonfun$withNonInterruptableCompiler$1(CompilerAccess.scala:142)
	at scala.meta.internal.pc.CompilerAccess.$anonfun$onCompilerJobQueue$1(CompilerAccess.scala:245)
	at scala.meta.internal.pc.CompilerJobQueue$Job.run(CompilerJobQueue.scala:152)
	at java.base/java.util.concurrent.ThreadPoolExecutor.runWorker(ThreadPoolExecutor.java:1136)
	at java.base/java.util.concurrent.ThreadPoolExecutor$Worker.run(ThreadPoolExecutor.java:635)
	at java.base/java.lang.Thread.run(Thread.java:840)
Exception in thread "pool-6-thread-2" java.lang.AbstractMethodError: Receiver class scala.meta.internal.pc.MetalsGlobal$MetalsInteractiveAnalyzer does not define or inherit an implementation of the resolved method 'scala.tools.nsc.typechecker.Implicits$ImplicitInfo$ ImplicitInfo()' of interface scala.tools.nsc.typechecker.Analyzer.
	at scala.tools.nsc.typechecker.Implicits$$anon$4.<init>(Implicits.scala:337)
	at scala.tools.nsc.typechecker.Implicits.$init$(Implicits.scala:337)
	at scala.meta.internal.pc.MetalsGlobal$MetalsInteractiveAnalyzer.<init>(MetalsGlobal.scala:77)
	at scala.meta.internal.pc.MetalsGlobal.analyzer$lzycompute(MetalsGlobal.scala:112)
	at scala.meta.internal.pc.MetalsGlobal.analyzer(MetalsGlobal.scala:111)
	at scala.meta.internal.pc.MetalsGlobal.analyzer(MetalsGlobal.scala:35)
	at scala.tools.nsc.Global.<init>(Global.scala:1029)
	at scala.tools.nsc.interactive.Global.<init>(Global.scala:120)
	at scala.meta.internal.pc.MetalsGlobal.<init>(MetalsGlobal.scala:42)
	at scala.meta.internal.pc.ScalaPresentationCompiler.newCompiler(ScalaPresentationCompiler.scala:514)
	at scala.meta.internal.pc.ScalaPresentationCompiler.$anonfun$compilerAccess$1(ScalaPresentationCompiler.scala:116)
	at scala.meta.internal.pc.CompilerAccess.loadCompiler(CompilerAccess.scala:52)
	at scala.meta.internal.pc.CompilerAccess.withSharedCompiler(CompilerAccess.scala:156)
	at scala.meta.internal.pc.CompilerAccess.$anonfun$withNonInterruptableCompiler$1(CompilerAccess.scala:142)
	at scala.meta.internal.pc.CompilerAccess.$anonfun$onCompilerJobQueue$1(CompilerAccess.scala:245)
	at scala.meta.internal.pc.CompilerJobQueue$Job.run(CompilerJobQueue.scala:152)
	at java.base/java.util.concurrent.ThreadPoolExecutor.runWorker(ThreadPoolExecutor.java:1136)
	at java.base/java.util.concurrent.ThreadPoolExecutor$Worker.run(ThreadPoolExecutor.java:635)
	at java.base/java.lang.Thread.run(Thread.java:840)
2026.02.05 15:33:44 INFO  no build target found for /scratch/jfx/ucie-q2y26/scala/src/main/scala/d2dadapter/D2DAdapter.scala. Using presentation compiler with project's scala-library version: 2.13.18
2026.02.05 15:33:44 INFO  no build target found for /scratch/jfx/ucie-q2y26/scala/src/main/scala/d2dadapter/D2DAdapter.scala. Using presentation compiler with project's scala-library version: 2.13.18
2026.02.05 15:33:45 INFO  no build target found for /scratch/jfx/ucie-q2y26/scala/src/main/scala/d2dadapter/D2DAdapter.scala. Using presentation compiler with project's scala-library version: 2.13.18
2026.02.05 15:33:45 INFO  no build target found for /scratch/jfx/ucie-q2y26/scala/src/main/scala/d2dadapter/D2DAdapter.scala. Using presentation compiler with project's scala-library version: 2.13.18
2026.02.05 15:33:45 INFO  empty definition using pc, found symbol in pc:  (full report at: "/scratch/jfx/ucie-q2y26/.metals/.reports/metals-full/2026-02-05/r_empty-definition_10-43-54-199.md")
2026.02.05 15:33:45 INFO  no build target found for /scratch/jfx/ucie-q2y26/scala/src/main/scala/d2dadapter/D2DAdapter.scala. Using presentation compiler with project's scala-library version: 2.13.18
2026.02.05 15:33:45 INFO  no build target found for /scratch/jfx/ucie-q2y26/scala/src/main/scala/d2dadapter/D2DAdapterConstants.scala. Using presentation compiler with project's scala-library version: 2.13.18
2026.02.05 15:33:46 INFO  no build target found for /scratch/jfx/ucie-q2y26/scala/src/main/scala/d2dadapter/D2DAdapterConstants.scala. Using presentation compiler with project's scala-library version: 2.13.18
2026.02.05 15:33:46 WARN  no build target for: /scratch/jfx/ucie-q2y26/scala/src/main/scala/d2dadapter/D2DAdapterConstants.scala
2026.02.05 15:33:45 INFO  no build target found for /scratch/jfx/ucie-q2y26/scala/src/main/scala/d2dadapter/D2DAdapterConstants.scala. Using presentation compiler with project's scala-library version: 2.13.18
2026.02.05 15:33:47 INFO  no build target found for /scratch/jfx/ucie-q2y26/scala/src/main/scala/d2dadapter/D2DAdapterConstants.scala. Using presentation compiler with project's scala-library version: 2.13.18
2026.02.05 15:33:47 INFO  no build target found for /scratch/jfx/ucie-q2y26/scala/src/main/scala/d2dadapter/D2DAdapterConstants.scala. Using presentation compiler with project's scala-library version: 2.13.18
2026.02.05 15:33:47 INFO  no build target found for /scratch/jfx/ucie-q2y26/scala/src/main/scala/d2dadapter/D2DAdapterConstants.scala. Using presentation compiler with project's scala-library version: 2.13.18
2026.02.05 15:33:48 INFO  no build target found for /scratch/jfx/ucie-q2y26/scala/src/main/scala/d2dadapter/D2DAdapterConstants.scala. Using presentation compiler with project's scala-library version: 2.13.18
2026.02.05 15:33:48 WARN  no build target for: /scratch/jfx/ucie-q2y26/scala/src/main/scala/d2dadapter/D2DAdapterConstants.scala
2026.02.05 15:33:47 INFO  no build target found for /scratch/jfx/ucie-q2y26/scala/src/main/scala/d2dadapter/D2DAdapterConstants.scala. Using presentation compiler with project's scala-library version: 2.13.18
2026.02.05 15:33:47 INFO  no build target found for /scratch/jfx/ucie-q2y26/scala/src/main/scala/d2dadapter/D2DAdapterConstants.scala. Using presentation compiler with project's scala-library version: 2.13.18
2026.02.05 15:33:47 INFO  no build target found for /scratch/jfx/ucie-q2y26/scala/src/main/scala/d2dadapter/D2DAdapterConstants.scala. Using presentation compiler with project's scala-library version: 2.13.18
2026.02.05 15:33:49 INFO  no build target found for /scratch/jfx/ucie-q2y26/scala/src/main/scala/d2dadapter/D2DAdapterConstants.scala. Using presentation compiler with project's scala-library version: 2.13.18
2026.02.05 15:33:49 INFO  no build target found for /scratch/jfx/ucie-q2y26/scala/src/main/scala/d2dadapter/D2DAdapterConstants.scala. Using presentation compiler with project's scala-library version: 2.13.18
2026.02.05 15:33:49 WARN  no build target for: /scratch/jfx/ucie-q2y26/scala/src/main/scala/d2dadapter/D2DAdapterConstants.scala
2026.02.05 15:33:49 INFO  no build target found for /scratch/jfx/ucie-q2y26/scala/src/main/scala/d2dadapter/D2DAdapterConstants.scala. Using presentation compiler with project's scala-library version: 2.13.18
2026.02.05 15:33:49 INFO  no build target found for /scratch/jfx/ucie-q2y26/scala/src/main/scala/d2dadapter/D2DAdapterConstants.scala. Using presentation compiler with project's scala-library version: 2.13.18
2026.02.05 15:33:49 WARN  no build target for: /scratch/jfx/ucie-q2y26/scala/src/main/scala/d2dadapter/D2DAdapterConstants.scala
2026.02.05 15:33:49 INFO  no build target found for /scratch/jfx/ucie-q2y26/scala/src/main/scala/d2dadapter/D2DAdapterConstants.scala. Using presentation compiler with project's scala-library version: 2.13.18
2026.02.05 15:33:50 INFO  no build target found for /scratch/jfx/ucie-q2y26/scala/src/main/scala/d2dadapter/D2DMainbandModule.scala. Using presentation compiler with project's scala-library version: 2.13.18
2026.02.05 15:33:50 INFO  no build target found for /scratch/jfx/ucie-q2y26/scala/src/main/scala/d2dadapter/D2DMainbandModule.scala. Using presentation compiler with project's scala-library version: 2.13.18
2026.02.05 15:33:50 WARN  no build target for: /scratch/jfx/ucie-q2y26/scala/src/main/scala/d2dadapter/D2DMainbandModule.scala
2026.02.05 15:33:50 INFO  no build target found for /scratch/jfx/ucie-q2y26/scala/src/main/scala/d2dadapter/D2DMainbandModule.scala. Using presentation compiler with project's scala-library version: 2.13.18
2026.02.05 15:33:51 INFO  no build target found for /scratch/jfx/ucie-q2y26/scala/src/main/scala/d2dadapter/D2DMainbandModule.scala. Using presentation compiler with project's scala-library version: 2.13.18
2026.02.05 15:33:51 INFO  no build target found for /scratch/jfx/ucie-q2y26/scala/src/main/scala/d2dadapter/D2DMainbandModule.scala. Using presentation compiler with project's scala-library version: 2.13.18
2026.02.05 15:33:51 INFO  no build target found for /scratch/jfx/ucie-q2y26/scala/src/main/scala/d2dadapter/D2DMainbandModule.scala. Using presentation compiler with project's scala-library version: 2.13.18
2026.02.05 15:33:52 INFO  no build target found for /scratch/jfx/ucie-q2y26/scala/src/main/scala/d2dadapter/D2DMainbandModule.scala. Using presentation compiler with project's scala-library version: 2.13.18
2026.02.05 15:33:52 WARN  no build target for: /scratch/jfx/ucie-q2y26/scala/src/main/scala/d2dadapter/D2DMainbandModule.scala
2026.02.05 15:33:51 INFO  no build target found for /scratch/jfx/ucie-q2y26/scala/src/main/scala/d2dadapter/D2DMainbandModule.scala. Using presentation compiler with project's scala-library version: 2.13.18
2026.02.05 15:33:51 INFO  no build target found for /scratch/jfx/ucie-q2y26/scala/src/main/scala/d2dadapter/D2DMainbandModule.scala. Using presentation compiler with project's scala-library version: 2.13.18
2026.02.05 15:33:52 INFO  no build target found for /scratch/jfx/ucie-q2y26/scala/src/main/scala/d2dadapter/D2DMainbandModule.scala. Using presentation compiler with project's scala-library version: 2.13.18
2026.02.05 15:33:52 WARN  no build target for: /scratch/jfx/ucie-q2y26/scala/src/main/scala/d2dadapter/D2DMainbandModule.scala
2026.02.05 15:33:51 INFO  no build target found for /scratch/jfx/ucie-q2y26/scala/src/main/scala/d2dadapter/D2DMainbandModule.scala. Using presentation compiler with project's scala-library version: 2.13.18
2026.02.05 15:33:53 INFO  no build target found for /scratch/jfx/ucie-q2y26/scala/src/main/scala/d2dadapter/D2DMainbandModule.scala. Using presentation compiler with project's scala-library version: 2.13.18
2026.02.05 15:33:53 INFO  no build target found for /scratch/jfx/ucie-q2y26/scala/src/main/scala/d2dadapter/D2DMainbandModule.scala. Using presentation compiler with project's scala-library version: 2.13.18
2026.02.05 15:33:52 INFO  no build target found for /scratch/jfx/ucie-q2y26/scala/src/main/scala/d2dadapter/D2DMainbandModule.scala. Using presentation compiler with project's scala-library version: 2.13.18
2026.02.05 15:33:53 WARN  no build target for: /scratch/jfx/ucie-q2y26/scala/src/main/scala/d2dadapter/D2DMainbandModule.scala
2026.02.05 15:33:53 INFO  no build target found for /scratch/jfx/ucie-q2y26/scala/src/main/scala/d2dadapter/D2DMainbandModule.scala. Using presentation compiler with project's scala-library version: 2.13.18
2026.02.05 15:33:52 INFO  no build target found for /scratch/jfx/ucie-q2y26/scala/src/main/scala/d2dadapter/D2DMainbandModule.scala. Using presentation compiler with project's scala-library version: 2.13.18
2026.02.05 15:33:52 WARN  no build target for: /scratch/jfx/ucie-q2y26/scala/src/main/scala/d2dadapter/D2DMainbandModule.scala
2026.02.05 15:33:53 INFO  no build target found for /scratch/jfx/ucie-q2y26/scala/src/main/scala/d2dadapter/D2DMainbandModule.scala. Using presentation compiler with project's scala-library version: 2.13.18
2026.02.05 15:33:54 INFO  no build target found for /scratch/jfx/ucie-q2y26/scala/src/main/scala/d2dadapter/D2DSidebandModule.scala. Using presentation compiler with project's scala-library version: 2.13.18
2026.02.05 15:33:54 INFO  no build target found for /scratch/jfx/ucie-q2y26/scala/src/main/scala/d2dadapter/D2DSidebandModule.scala. Using presentation compiler with project's scala-library version: 2.13.18
2026.02.05 15:33:54 WARN  no build target for: /scratch/jfx/ucie-q2y26/scala/src/main/scala/d2dadapter/D2DSidebandModule.scala
2026.02.05 15:33:54 INFO  no build target found for /scratch/jfx/ucie-q2y26/scala/src/main/scala/d2dadapter/D2DSidebandModule.scala. Using presentation compiler with project's scala-library version: 2.13.18
2026.02.05 15:33:54 INFO  no build target found for /scratch/jfx/ucie-q2y26/scala/src/main/scala/d2dadapter/D2DSidebandModule.scala. Using presentation compiler with project's scala-library version: 2.13.18
2026.02.05 15:33:55 INFO  no build target found for /scratch/jfx/ucie-q2y26/scala/src/main/scala/d2dadapter/D2DSidebandModule.scala. Using presentation compiler with project's scala-library version: 2.13.18
2026.02.05 15:33:55 INFO  no build target found for /scratch/jfx/ucie-q2y26/scala/src/main/scala/d2dadapter/D2DSidebandModule.scala. Using presentation compiler with project's scala-library version: 2.13.18
2026.02.05 15:33:56 INFO  no build target found for /scratch/jfx/ucie-q2y26/scala/src/main/scala/d2dadapter/D2DSidebandModule.scala. Using presentation compiler with project's scala-library version: 2.13.18
2026.02.05 15:33:56 WARN  no build target for: /scratch/jfx/ucie-q2y26/scala/src/main/scala/d2dadapter/D2DSidebandModule.scala
2026.02.05 15:33:55 INFO  no build target found for /scratch/jfx/ucie-q2y26/scala/src/main/scala/d2dadapter/D2DSidebandModule.scala. Using presentation compiler with project's scala-library version: 2.13.18
2026.02.05 15:33:56 INFO  no build target found for /scratch/jfx/ucie-q2y26/scala/src/main/scala/d2dadapter/D2DSidebandModule.scala. Using presentation compiler with project's scala-library version: 2.13.18
2026.02.05 15:33:56 WARN  no build target for: /scratch/jfx/ucie-q2y26/scala/src/main/scala/d2dadapter/D2DSidebandModule.scala
2026.02.05 15:33:55 INFO  no build target found for /scratch/jfx/ucie-q2y26/scala/src/main/scala/d2dadapter/D2DSidebandModule.scala. Using presentation compiler with project's scala-library version: 2.13.18
2026.02.05 15:33:56 INFO  no build target found for /scratch/jfx/ucie-q2y26/scala/src/main/scala/d2dadapter/D2DSidebandModule.scala. Using presentation compiler with project's scala-library version: 2.13.18
2026.02.05 15:33:56 WARN  no build target for: /scratch/jfx/ucie-q2y26/scala/src/main/scala/d2dadapter/D2DSidebandModule.scala
2026.02.05 15:33:56 INFO  no build target found for /scratch/jfx/ucie-q2y26/scala/src/main/scala/d2dadapter/D2DSidebandModule.scala. Using presentation compiler with project's scala-library version: 2.13.18
2026.02.05 15:33:56 INFO  no build target found for /scratch/jfx/ucie-q2y26/scala/src/main/scala/d2dadapter/D2DSidebandModule.scala. Using presentation compiler with project's scala-library version: 2.13.18
2026.02.05 15:33:57 INFO  no build target found for /scratch/jfx/ucie-q2y26/scala/src/main/scala/d2dadapter/D2DSidebandModule.scala. Using presentation compiler with project's scala-library version: 2.13.18
2026.02.05 15:33:57 WARN  no build target for: /scratch/jfx/ucie-q2y26/scala/src/main/scala/d2dadapter/D2DSidebandModule.scala
2026.02.05 15:33:56 INFO  no build target found for /scratch/jfx/ucie-q2y26/scala/src/main/scala/d2dadapter/D2DSidebandModule.scala. Using presentation compiler with project's scala-library version: 2.13.18
2026.02.05 15:33:58 INFO  no build target found for /scratch/jfx/ucie-q2y26/scala/src/main/scala/d2dadapter/LinkDisabledSubmodule.scala. Using presentation compiler with project's scala-library version: 2.13.18
2026.02.05 15:33:58 INFO  no build target found for /scratch/jfx/ucie-q2y26/scala/src/main/scala/d2dadapter/LinkDisabledSubmodule.scala. Using presentation compiler with project's scala-library version: 2.13.18
2026.02.05 15:33:58 WARN  no build target for: /scratch/jfx/ucie-q2y26/scala/src/main/scala/d2dadapter/LinkDisabledSubmodule.scala
2026.02.05 15:33:59 INFO  no build target found for /scratch/jfx/ucie-q2y26/scala/src/main/scala/d2dadapter/LinkDisabledSubmodule.scala. Using presentation compiler with project's scala-library version: 2.13.18
2026.02.05 15:33:59 INFO  no build target found for /scratch/jfx/ucie-q2y26/scala/src/main/scala/d2dadapter/LinkDisabledSubmodule.scala. Using presentation compiler with project's scala-library version: 2.13.18
2026.02.05 15:33:59 INFO  no build target found for /scratch/jfx/ucie-q2y26/scala/src/main/scala/d2dadapter/LinkDisabledSubmodule.scala. Using presentation compiler with project's scala-library version: 2.13.18
2026.02.05 15:33:59 INFO  no build target found for /scratch/jfx/ucie-q2y26/scala/src/main/scala/d2dadapter/LinkDisabledSubmodule.scala. Using presentation compiler with project's scala-library version: 2.13.18
2026.02.05 15:34:00 INFO  no build target found for /scratch/jfx/ucie-q2y26/scala/src/main/scala/d2dadapter/LinkDisabledSubmodule.scala. Using presentation compiler with project's scala-library version: 2.13.18
2026.02.05 15:34:00 WARN  no build target for: /scratch/jfx/ucie-q2y26/scala/src/main/scala/d2dadapter/LinkDisabledSubmodule.scala
2026.02.05 15:33:59 INFO  no build target found for /scratch/jfx/ucie-q2y26/scala/src/main/scala/d2dadapter/LinkDisabledSubmodule.scala. Using presentation compiler with project's scala-library version: 2.13.18
2026.02.05 15:34:00 INFO  no build target found for /scratch/jfx/ucie-q2y26/scala/src/main/scala/d2dadapter/LinkDisabledSubmodule.scala. Using presentation compiler with project's scala-library version: 2.13.18
2026.02.05 15:34:00 WARN  no build target for: /scratch/jfx/ucie-q2y26/scala/src/main/scala/d2dadapter/LinkDisabledSubmodule.scala
2026.02.05 15:34:00 INFO  no build target found for /scratch/jfx/ucie-q2y26/scala/src/main/scala/d2dadapter/LinkDisabledSubmodule.scala. Using presentation compiler with project's scala-library version: 2.13.18
2026.02.05 15:34:00 INFO  no build target found for /scratch/jfx/ucie-q2y26/scala/src/main/scala/d2dadapter/LinkDisabledSubmodule.scala. Using presentation compiler with project's scala-library version: 2.13.18
2026.02.05 15:34:00 WARN  no build target for: /scratch/jfx/ucie-q2y26/scala/src/main/scala/d2dadapter/LinkDisabledSubmodule.scala
2026.02.05 15:34:00 INFO  no build target found for /scratch/jfx/ucie-q2y26/scala/src/main/scala/d2dadapter/LinkDisabledSubmodule.scala. Using presentation compiler with project's scala-library version: 2.13.18
2026.02.05 15:34:00 INFO  no build target found for /scratch/jfx/ucie-q2y26/scala/src/main/scala/d2dadapter/LinkDisabledSubmodule.scala. Using presentation compiler with project's scala-library version: 2.13.18
2026.02.05 15:34:00 WARN  no build target for: /scratch/jfx/ucie-q2y26/scala/src/main/scala/d2dadapter/LinkDisabledSubmodule.scala
2026.02.05 15:34:00 INFO  no build target found for /scratch/jfx/ucie-q2y26/scala/src/main/scala/d2dadapter/LinkDisabledSubmodule.scala. Using presentation compiler with project's scala-library version: 2.13.18
2026.02.05 15:34:00 INFO  no build target found for /scratch/jfx/ucie-q2y26/scala/src/main/scala/d2dadapter/LinkDisabledSubmodule.scala. Using presentation compiler with project's scala-library version: 2.13.18
2026.02.05 15:34:01 INFO  no build target found for /scratch/jfx/ucie-q2y26/scala/src/main/scala/d2dadapter/LinkDisabledSubmodule.scala. Using presentation compiler with project's scala-library version: 2.13.18
2026.02.05 15:34:01 WARN  no build target for: /scratch/jfx/ucie-q2y26/scala/src/main/scala/d2dadapter/LinkDisabledSubmodule.scala
2026.02.05 15:34:00 INFO  no build target found for /scratch/jfx/ucie-q2y26/scala/src/main/scala/d2dadapter/LinkDisabledSubmodule.scala. Using presentation compiler with project's scala-library version: 2.13.18
2026.02.05 15:34:02 INFO  no build target found for /scratch/jfx/ucie-q2y26/scala/src/main/scala/d2dadapter/LinkInitSubmodule.scala. Using presentation compiler with project's scala-library version: 2.13.18
2026.02.05 15:34:02 INFO  no build target found for /scratch/jfx/ucie-q2y26/scala/src/main/scala/d2dadapter/LinkInitSubmodule.scala. Using presentation compiler with project's scala-library version: 2.13.18
2026.02.05 15:34:02 WARN  no build target for: /scratch/jfx/ucie-q2y26/scala/src/main/scala/d2dadapter/LinkInitSubmodule.scala
2026.02.05 15:34:02 INFO  no build target found for /scratch/jfx/ucie-q2y26/scala/src/main/scala/d2dadapter/LinkInitSubmodule.scala. Using presentation compiler with project's scala-library version: 2.13.18
2026.02.05 15:34:03 INFO  no build target found for /scratch/jfx/ucie-q2y26/scala/src/main/scala/d2dadapter/LinkInitSubmodule.scala. Using presentation compiler with project's scala-library version: 2.13.18
2026.02.05 15:34:03 INFO  no build target found for /scratch/jfx/ucie-q2y26/scala/src/main/scala/d2dadapter/LinkInitSubmodule.scala. Using presentation compiler with project's scala-library version: 2.13.18
2026.02.05 15:34:03 INFO  no build target found for /scratch/jfx/ucie-q2y26/scala/src/main/scala/d2dadapter/LinkInitSubmodule.scala. Using presentation compiler with project's scala-library version: 2.13.18
2026.02.05 15:34:03 INFO  no build target found for /scratch/jfx/ucie-q2y26/scala/src/main/scala/d2dadapter/LinkInitSubmodule.scala. Using presentation compiler with project's scala-library version: 2.13.18
2026.02.05 15:34:03 WARN  no build target for: /scratch/jfx/ucie-q2y26/scala/src/main/scala/d2dadapter/LinkInitSubmodule.scala
2026.02.05 15:34:03 INFO  no build target found for /scratch/jfx/ucie-q2y26/scala/src/main/scala/d2dadapter/LinkInitSubmodule.scala. Using presentation compiler with project's scala-library version: 2.13.18
2026.02.05 15:34:04 INFO  no build target found for /scratch/jfx/ucie-q2y26/scala/src/main/scala/d2dadapter/LinkInitSubmodule.scala. Using presentation compiler with project's scala-library version: 2.13.18
2026.02.05 15:34:04 WARN  no build target for: /scratch/jfx/ucie-q2y26/scala/src/main/scala/d2dadapter/LinkInitSubmodule.scala
2026.02.05 15:34:03 INFO  no build target found for /scratch/jfx/ucie-q2y26/scala/src/main/scala/d2dadapter/LinkInitSubmodule.scala. Using presentation compiler with project's scala-library version: 2.13.18
2026.02.05 15:34:03 INFO  no build target found for /scratch/jfx/ucie-q2y26/scala/src/main/scala/d2dadapter/LinkInitSubmodule.scala. Using presentation compiler with project's scala-library version: 2.13.18
2026.02.05 15:34:03 INFO  no build target found for /scratch/jfx/ucie-q2y26/scala/src/main/scala/d2dadapter/LinkInitSubmodule.scala. Using presentation compiler with project's scala-library version: 2.13.18
2026.02.05 15:34:04 WARN  no build target for: /scratch/jfx/ucie-q2y26/scala/src/main/scala/d2dadapter/LinkInitSubmodule.scala
2026.02.05 15:34:04 INFO  no build target found for /scratch/jfx/ucie-q2y26/scala/src/main/scala/d2dadapter/LinkInitSubmodule.scala. Using presentation compiler with project's scala-library version: 2.13.18
2026.02.05 15:34:04 INFO  no build target found for /scratch/jfx/ucie-q2y26/scala/src/main/scala/d2dadapter/LinkInitSubmodule.scala. Using presentation compiler with project's scala-library version: 2.13.18
2026.02.05 15:34:04 INFO  no build target found for /scratch/jfx/ucie-q2y26/scala/src/main/scala/d2dadapter/LinkInitSubmodule.scala. Using presentation compiler with project's scala-library version: 2.13.18
2026.02.05 15:34:04 WARN  no build target for: /scratch/jfx/ucie-q2y26/scala/src/main/scala/d2dadapter/LinkInitSubmodule.scala
2026.02.05 15:34:04 INFO  no build target found for /scratch/jfx/ucie-q2y26/scala/src/main/scala/d2dadapter/LinkInitSubmodule.scala. Using presentation compiler with project's scala-library version: 2.13.18
2026.02.05 15:34:06 INFO  no build target found for /scratch/jfx/ucie-q2y26/scala/src/main/scala/d2dadapter/LinkManagementController.scala. Using presentation compiler with project's scala-library version: 2.13.18
2026.02.05 15:34:06 INFO  no build target found for /scratch/jfx/ucie-q2y26/scala/src/main/scala/d2dadapter/LinkManagementController.scala. Using presentation compiler with project's scala-library version: 2.13.18
2026.02.05 15:34:06 WARN  no build target for: /scratch/jfx/ucie-q2y26/scala/src/main/scala/d2dadapter/LinkManagementController.scala
2026.02.05 15:34:06 INFO  no build target found for /scratch/jfx/ucie-q2y26/scala/src/main/scala/d2dadapter/LinkManagementController.scala. Using presentation compiler with project's scala-library version: 2.13.18
2026.02.05 15:34:08 INFO  no build target found for /scratch/jfx/ucie-q2y26/scala/src/main/scala/d2dadapter/LinkManagementController.scala. Using presentation compiler with project's scala-library version: 2.13.18
2026.02.05 15:34:08 INFO  no build target found for /scratch/jfx/ucie-q2y26/scala/src/main/scala/d2dadapter/LinkManagementController.scala. Using presentation compiler with project's scala-library version: 2.13.18
2026.02.05 15:34:08 INFO  no build target found for /scratch/jfx/ucie-q2y26/scala/src/main/scala/d2dadapter/LinkManagementController.scala. Using presentation compiler with project's scala-library version: 2.13.18
2026.02.05 15:34:08 INFO  no build target found for /scratch/jfx/ucie-q2y26/scala/src/main/scala/d2dadapter/LinkManagementController.scala. Using presentation compiler with project's scala-library version: 2.13.18
2026.02.05 15:34:08 WARN  no build target for: /scratch/jfx/ucie-q2y26/scala/src/main/scala/d2dadapter/LinkManagementController.scala
2026.02.05 15:34:08 INFO  no build target found for /scratch/jfx/ucie-q2y26/scala/src/main/scala/d2dadapter/LinkManagementController.scala. Using presentation compiler with project's scala-library version: 2.13.18
2026.02.05 15:34:08 INFO  no build target found for /scratch/jfx/ucie-q2y26/scala/src/main/scala/d2dadapter/LinkManagementController.scala. Using presentation compiler with project's scala-library version: 2.13.18
2026.02.05 15:34:08 WARN  no build target for: /scratch/jfx/ucie-q2y26/scala/src/main/scala/d2dadapter/LinkManagementController.scala
2026.02.05 15:34:08 INFO  no build target found for /scratch/jfx/ucie-q2y26/scala/src/main/scala/d2dadapter/LinkManagementController.scala. Using presentation compiler with project's scala-library version: 2.13.18
2026.02.05 15:34:08 INFO  no build target found for /scratch/jfx/ucie-q2y26/scala/src/main/scala/d2dadapter/LinkManagementController.scala. Using presentation compiler with project's scala-library version: 2.13.18
2026.02.05 15:34:08 INFO  no build target found for /scratch/jfx/ucie-q2y26/scala/src/main/scala/d2dadapter/LinkManagementController.scala. Using presentation compiler with project's scala-library version: 2.13.18
2026.02.05 15:34:09 WARN  no build target for: /scratch/jfx/ucie-q2y26/scala/src/main/scala/d2dadapter/LinkManagementController.scala
2026.02.05 15:34:09 INFO  no build target found for /scratch/jfx/ucie-q2y26/scala/src/main/scala/d2dadapter/LinkManagementController.scala. Using presentation compiler with project's scala-library version: 2.13.18
2026.02.05 15:34:09 INFO  no build target found for /scratch/jfx/ucie-q2y26/scala/src/main/scala/d2dadapter/LinkManagementController.scala. Using presentation compiler with project's scala-library version: 2.13.18
2026.02.05 15:34:09 INFO  no build target found for /scratch/jfx/ucie-q2y26/scala/src/main/scala/d2dadapter/LinkManagementController.scala. Using presentation compiler with project's scala-library version: 2.13.18
2026.02.05 15:34:08 WARN  no build target for: /scratch/jfx/ucie-q2y26/scala/src/main/scala/d2dadapter/LinkManagementController.scala
2026.02.05 15:34:09 INFO  no build target found for /scratch/jfx/ucie-q2y26/scala/src/main/scala/d2dadapter/LinkManagementController.scala. Using presentation compiler with project's scala-library version: 2.13.18
2026.02.05 15:34:10 INFO  no build target found for /scratch/jfx/ucie-q2y26/scala/src/main/scala/d2dadapter/LinkResetSubmodule.scala. Using presentation compiler with project's scala-library version: 2.13.18
2026.02.05 15:34:10 INFO  no build target found for /scratch/jfx/ucie-q2y26/scala/src/main/scala/d2dadapter/LinkResetSubmodule.scala. Using presentation compiler with project's scala-library version: 2.13.18
2026.02.05 15:34:10 WARN  no build target for: /scratch/jfx/ucie-q2y26/scala/src/main/scala/d2dadapter/LinkResetSubmodule.scala
2026.02.05 15:34:11 INFO  no build target found for /scratch/jfx/ucie-q2y26/scala/src/main/scala/d2dadapter/LinkResetSubmodule.scala. Using presentation compiler with project's scala-library version: 2.13.18
2026.02.05 15:34:11 INFO  no build target found for /scratch/jfx/ucie-q2y26/scala/src/main/scala/d2dadapter/LinkResetSubmodule.scala. Using presentation compiler with project's scala-library version: 2.13.18
2026.02.05 15:34:11 INFO  no build target found for /scratch/jfx/ucie-q2y26/scala/src/main/scala/d2dadapter/LinkResetSubmodule.scala. Using presentation compiler with project's scala-library version: 2.13.18
2026.02.05 15:34:12 INFO  no build target found for /scratch/jfx/ucie-q2y26/scala/src/main/scala/d2dadapter/LinkResetSubmodule.scala. Using presentation compiler with project's scala-library version: 2.13.18
2026.02.05 15:34:12 WARN  no build target for: /scratch/jfx/ucie-q2y26/scala/src/main/scala/d2dadapter/LinkResetSubmodule.scala
2026.02.05 15:34:11 INFO  no build target found for /scratch/jfx/ucie-q2y26/scala/src/main/scala/d2dadapter/LinkResetSubmodule.scala. Using presentation compiler with project's scala-library version: 2.13.18
2026.02.05 15:34:12 INFO  no build target found for /scratch/jfx/ucie-q2y26/scala/src/main/scala/d2dadapter/LinkResetSubmodule.scala. Using presentation compiler with project's scala-library version: 2.13.18
2026.02.05 15:34:12 WARN  no build target for: /scratch/jfx/ucie-q2y26/scala/src/main/scala/d2dadapter/LinkResetSubmodule.scala
2026.02.05 15:34:11 INFO  no build target found for /scratch/jfx/ucie-q2y26/scala/src/main/scala/d2dadapter/LinkResetSubmodule.scala. Using presentation compiler with project's scala-library version: 2.13.18
2026.02.05 15:34:12 INFO  no build target found for /scratch/jfx/ucie-q2y26/scala/src/main/scala/d2dadapter/LinkResetSubmodule.scala. Using presentation compiler with project's scala-library version: 2.13.18
2026.02.05 15:34:12 WARN  no build target for: /scratch/jfx/ucie-q2y26/scala/src/main/scala/d2dadapter/LinkResetSubmodule.scala
2026.02.05 15:34:11 INFO  no build target found for /scratch/jfx/ucie-q2y26/scala/src/main/scala/d2dadapter/LinkResetSubmodule.scala. Using presentation compiler with project's scala-library version: 2.13.18
2026.02.05 15:34:11 INFO  no build target found for /scratch/jfx/ucie-q2y26/scala/src/main/scala/d2dadapter/LinkResetSubmodule.scala. Using presentation compiler with project's scala-library version: 2.13.18
2026.02.05 15:34:12 INFO  no build target found for /scratch/jfx/ucie-q2y26/scala/src/main/scala/d2dadapter/LinkResetSubmodule.scala. Using presentation compiler with project's scala-library version: 2.13.18
2026.02.05 15:34:12 WARN  no build target for: /scratch/jfx/ucie-q2y26/scala/src/main/scala/d2dadapter/LinkResetSubmodule.scala
2026.02.05 15:34:13 INFO  no build target found for /scratch/jfx/ucie-q2y26/scala/src/main/scala/d2dadapter/LinkResetSubmodule.scala. Using presentation compiler with project's scala-library version: 2.13.18
2026.02.05 15:34:13 INFO  no build target found for /scratch/jfx/ucie-q2y26/scala/src/main/scala/d2dadapter/ParityGenerator.scala. Using presentation compiler with project's scala-library version: 2.13.18
2026.02.05 15:34:14 INFO  no build target found for /scratch/jfx/ucie-q2y26/scala/src/main/scala/d2dadapter/ParityGenerator.scala. Using presentation compiler with project's scala-library version: 2.13.18
2026.02.05 15:34:14 WARN  no build target for: /scratch/jfx/ucie-q2y26/scala/src/main/scala/d2dadapter/ParityGenerator.scala
2026.02.05 15:34:14 INFO  no build target found for /scratch/jfx/ucie-q2y26/scala/src/main/scala/d2dadapter/ParityGenerator.scala. Using presentation compiler with project's scala-library version: 2.13.18
2026.02.05 15:34:14 INFO  no build target found for /scratch/jfx/ucie-q2y26/scala/src/main/scala/d2dadapter/ParityGenerator.scala. Using presentation compiler with project's scala-library version: 2.13.18
2026.02.05 15:34:14 INFO  no build target found for /scratch/jfx/ucie-q2y26/scala/src/main/scala/d2dadapter/ParityGenerator.scala. Using presentation compiler with project's scala-library version: 2.13.18
2026.02.05 15:34:15 INFO  no build target found for /scratch/jfx/ucie-q2y26/scala/src/main/scala/d2dadapter/ParityGenerator.scala. Using presentation compiler with project's scala-library version: 2.13.18
2026.02.05 15:34:15 WARN  no build target for: /scratch/jfx/ucie-q2y26/scala/src/main/scala/d2dadapter/ParityGenerator.scala
2026.02.05 15:34:14 INFO  no build target found for /scratch/jfx/ucie-q2y26/scala/src/main/scala/d2dadapter/ParityGenerator.scala. Using presentation compiler with project's scala-library version: 2.13.18
2026.02.05 15:34:15 INFO  no build target found for /scratch/jfx/ucie-q2y26/scala/src/main/scala/d2dadapter/ParityGenerator.scala. Using presentation compiler with project's scala-library version: 2.13.18
2026.02.05 15:34:16 INFO  no build target found for /scratch/jfx/ucie-q2y26/scala/src/main/scala/d2dadapter/ParityGenerator.scala. Using presentation compiler with project's scala-library version: 2.13.18
2026.02.05 15:34:16 INFO  no build target found for /scratch/jfx/ucie-q2y26/scala/src/main/scala/d2dadapter/ParityGenerator.scala. Using presentation compiler with project's scala-library version: 2.13.18
2026.02.05 15:34:16 WARN  no build target for: /scratch/jfx/ucie-q2y26/scala/src/main/scala/d2dadapter/ParityGenerator.scala
2026.02.05 15:34:16 INFO  no build target found for /scratch/jfx/ucie-q2y26/scala/src/main/scala/d2dadapter/ParityGenerator.scala. Using presentation compiler with project's scala-library version: 2.13.18
2026.02.05 15:34:16 INFO  no build target found for /scratch/jfx/ucie-q2y26/scala/src/main/scala/d2dadapter/ParityGenerator.scala. Using presentation compiler with project's scala-library version: 2.13.18
2026.02.05 15:34:16 INFO  no build target found for /scratch/jfx/ucie-q2y26/scala/src/main/scala/d2dadapter/ParityGenerator.scala. Using presentation compiler with project's scala-library version: 2.13.18
2026.02.05 15:34:16 INFO  no build target found for /scratch/jfx/ucie-q2y26/scala/src/main/scala/d2dadapter/ParityGenerator.scala. Using presentation compiler with project's scala-library version: 2.13.18
2026.02.05 15:34:16 INFO  no build target found for /scratch/jfx/ucie-q2y26/scala/src/main/scala/d2dadapter/ParityGenerator.scala. Using presentation compiler with project's scala-library version: 2.13.18
2026.02.05 15:34:16 WARN  no build target for: /scratch/jfx/ucie-q2y26/scala/src/main/scala/d2dadapter/ParityGenerator.scala
2026.02.05 15:34:16 INFO  no build target found for /scratch/jfx/ucie-q2y26/scala/src/main/scala/d2dadapter/ParityGenerator.scala. Using presentation compiler with project's scala-library version: 2.13.18
2026.02.05 15:34:16 INFO  no build target found for /scratch/jfx/ucie-q2y26/scala/src/main/scala/d2dadapter/ParityGenerator.scala. Using presentation compiler with project's scala-library version: 2.13.18
2026.02.05 15:34:17 INFO  no build target found for /scratch/jfx/ucie-q2y26/scala/src/main/scala/d2dadapter/ParityGenerator.scala. Using presentation compiler with project's scala-library version: 2.13.18
2026.02.05 15:34:17 WARN  no build target for: /scratch/jfx/ucie-q2y26/scala/src/main/scala/d2dadapter/ParityGenerator.scala
2026.02.05 15:34:17 INFO  no build target found for /scratch/jfx/ucie-q2y26/scala/src/main/scala/d2dadapter/ParityGenerator.scala. Using presentation compiler with project's scala-library version: 2.13.18
2026.02.05 15:34:18 INFO  no build target found for /scratch/jfx/ucie-q2y26/scala/src/main/scala/d2dadapter/ParityNegotiationSubmodule.scala. Using presentation compiler with project's scala-library version: 2.13.18
2026.02.05 15:34:18 INFO  no build target found for /scratch/jfx/ucie-q2y26/scala/src/main/scala/d2dadapter/ParityNegotiationSubmodule.scala. Using presentation compiler with project's scala-library version: 2.13.18
2026.02.05 15:34:18 WARN  no build target for: /scratch/jfx/ucie-q2y26/scala/src/main/scala/d2dadapter/ParityNegotiationSubmodule.scala
2026.02.05 15:34:18 INFO  no build target found for /scratch/jfx/ucie-q2y26/scala/src/main/scala/d2dadapter/ParityNegotiationSubmodule.scala. Using presentation compiler with project's scala-library version: 2.13.18
2026.02.05 15:34:18 INFO  no build target found for /scratch/jfx/ucie-q2y26/scala/src/main/scala/d2dadapter/ParityNegotiationSubmodule.scala. Using presentation compiler with project's scala-library version: 2.13.18
2026.02.05 15:34:20 INFO  no build target found for /scratch/jfx/ucie-q2y26/scala/src/main/scala/d2dadapter/ParityNegotiationSubmodule.scala. Using presentation compiler with project's scala-library version: 2.13.18
2026.02.05 15:34:20 INFO  no build target found for /scratch/jfx/ucie-q2y26/scala/src/main/scala/d2dadapter/ParityNegotiationSubmodule.scala. Using presentation compiler with project's scala-library version: 2.13.18
2026.02.05 15:34:20 INFO  no build target found for /scratch/jfx/ucie-q2y26/scala/src/main/scala/d2dadapter/ParityNegotiationSubmodule.scala. Using presentation compiler with project's scala-library version: 2.13.18
2026.02.05 15:34:20 WARN  no build target for: /scratch/jfx/ucie-q2y26/scala/src/main/scala/d2dadapter/ParityNegotiationSubmodule.scala
2026.02.05 15:34:20 INFO  no build target found for /scratch/jfx/ucie-q2y26/scala/src/main/scala/d2dadapter/ParityNegotiationSubmodule.scala. Using presentation compiler with project's scala-library version: 2.13.18
2026.02.05 15:34:20 INFO  no build target found for /scratch/jfx/ucie-q2y26/scala/src/main/scala/d2dadapter/ParityNegotiationSubmodule.scala. Using presentation compiler with project's scala-library version: 2.13.18
2026.02.05 15:34:20 WARN  no build target for: /scratch/jfx/ucie-q2y26/scala/src/main/scala/d2dadapter/ParityNegotiationSubmodule.scala
2026.02.05 15:34:20 INFO  no build target found for /scratch/jfx/ucie-q2y26/scala/src/main/scala/d2dadapter/ParityNegotiationSubmodule.scala. Using presentation compiler with project's scala-library version: 2.13.18
2026.02.05 15:34:20 INFO  no build target found for /scratch/jfx/ucie-q2y26/scala/src/main/scala/d2dadapter/ParityNegotiationSubmodule.scala. Using presentation compiler with project's scala-library version: 2.13.18
2026.02.05 15:34:20 WARN  no build target for: /scratch/jfx/ucie-q2y26/scala/src/main/scala/d2dadapter/ParityNegotiationSubmodule.scala
2026.02.05 15:34:20 INFO  no build target found for /scratch/jfx/ucie-q2y26/scala/src/main/scala/d2dadapter/ParityNegotiationSubmodule.scala. Using presentation compiler with project's scala-library version: 2.13.18
2026.02.05 15:34:20 INFO  no build target found for /scratch/jfx/ucie-q2y26/scala/src/main/scala/d2dadapter/ParityNegotiationSubmodule.scala. Using presentation compiler with project's scala-library version: 2.13.18
2026.02.05 15:34:20 INFO  no build target found for /scratch/jfx/ucie-q2y26/scala/src/main/scala/d2dadapter/ParityNegotiationSubmodule.scala. Using presentation compiler with project's scala-library version: 2.13.18
2026.02.05 15:34:20 WARN  no build target for: /scratch/jfx/ucie-q2y26/scala/src/main/scala/d2dadapter/ParityNegotiationSubmodule.scala
2026.02.05 15:34:21 INFO  no build target found for /scratch/jfx/ucie-q2y26/scala/src/main/scala/d2dadapter/ParityNegotiationSubmodule.scala. Using presentation compiler with project's scala-library version: 2.13.18
2026.02.05 15:34:22 INFO  no build target found for /scratch/jfx/ucie-q2y26/scala/src/main/scala/d2dadapter/StallHandler.scala. Using presentation compiler with project's scala-library version: 2.13.18
2026.02.05 15:34:22 INFO  no build target found for /scratch/jfx/ucie-q2y26/scala/src/main/scala/d2dadapter/StallHandler.scala. Using presentation compiler with project's scala-library version: 2.13.18
2026.02.05 15:34:22 WARN  no build target for: /scratch/jfx/ucie-q2y26/scala/src/main/scala/d2dadapter/StallHandler.scala
2026.02.05 15:34:24 INFO  no build target found for /scratch/jfx/ucie-q2y26/scala/src/main/scala/d2dadapter/StallHandler.scala. Using presentation compiler with project's scala-library version: 2.13.18
2026.02.05 15:34:24 INFO  no build target found for /scratch/jfx/ucie-q2y26/scala/src/main/scala/d2dadapter/StallHandler.scala. Using presentation compiler with project's scala-library version: 2.13.18
2026.02.05 15:34:24 INFO  no build target found for /scratch/jfx/ucie-q2y26/scala/src/main/scala/d2dadapter/StallHandler.scala. Using presentation compiler with project's scala-library version: 2.13.18
2026.02.05 15:34:24 INFO  no build target found for /scratch/jfx/ucie-q2y26/scala/src/main/scala/d2dadapter/StallHandler.scala. Using presentation compiler with project's scala-library version: 2.13.18
2026.02.05 15:34:24 WARN  no build target for: /scratch/jfx/ucie-q2y26/scala/src/main/scala/d2dadapter/StallHandler.scala
2026.02.05 15:34:24 INFO  no build target found for /scratch/jfx/ucie-q2y26/scala/src/main/scala/d2dadapter/StallHandler.scala. Using presentation compiler with project's scala-library version: 2.13.18
2026.02.05 15:34:24 INFO  no build target found for /scratch/jfx/ucie-q2y26/scala/src/main/scala/d2dadapter/StallHandler.scala. Using presentation compiler with project's scala-library version: 2.13.18
2026.02.05 15:34:24 WARN  no build target for: /scratch/jfx/ucie-q2y26/scala/src/main/scala/d2dadapter/StallHandler.scala
2026.02.05 15:34:24 INFO  no build target found for /scratch/jfx/ucie-q2y26/scala/src/main/scala/d2dadapter/StallHandler.scala. Using presentation compiler with project's scala-library version: 2.13.18
2026.02.05 15:34:24 INFO  no build target found for /scratch/jfx/ucie-q2y26/scala/src/main/scala/d2dadapter/StallHandler.scala. Using presentation compiler with project's scala-library version: 2.13.18
2026.02.05 15:34:24 WARN  no build target for: /scratch/jfx/ucie-q2y26/scala/src/main/scala/d2dadapter/StallHandler.scala
2026.02.05 15:34:24 INFO  no build target found for /scratch/jfx/ucie-q2y26/scala/src/main/scala/d2dadapter/StallHandler.scala. Using presentation compiler with project's scala-library version: 2.13.18
2026.02.05 15:34:24 INFO  no build target found for /scratch/jfx/ucie-q2y26/scala/src/main/scala/d2dadapter/StallHandler.scala. Using presentation compiler with project's scala-library version: 2.13.18
2026.02.05 15:34:24 INFO  no build target found for /scratch/jfx/ucie-q2y26/scala/src/main/scala/d2dadapter/StallHandler.scala. Using presentation compiler with project's scala-library version: 2.13.18
2026.02.05 15:34:25 WARN  no build target for: /scratch/jfx/ucie-q2y26/scala/src/main/scala/d2dadapter/StallHandler.scala
2026.02.05 15:34:25 INFO  no build target found for /scratch/jfx/ucie-q2y26/scala/src/main/scala/d2dadapter/StallHandler.scala. Using presentation compiler with project's scala-library version: 2.13.18
2026.02.05 15:34:25 INFO  no build target found for /scratch/jfx/ucie-q2y26/scala/src/main/scala/d2dadapter/StallHandler.scala. Using presentation compiler with project's scala-library version: 2.13.18
2026.02.05 15:34:28 INFO  no build target found for /scratch/jfx/ucie-q2y26/scala/src/main/scala/d2dadapter/D2DAdapter.scala. Using presentation compiler with project's scala-library version: 2.13.18
2026.02.05 15:34:28 WARN  no build target for: /scratch/jfx/ucie-q2y26/scala/src/main/scala/d2dadapter/D2DAdapter.scala
2026.02.05 15:34:28 INFO  no build target found for /scratch/jfx/ucie-q2y26/scala/src/main/scala/d2dadapter/D2DAdapter.scala. Using presentation compiler with project's scala-library version: 2.13.18
2026.02.05 15:34:28 INFO  no build target found for /scratch/jfx/ucie-q2y26/scala/src/main/scala/d2dadapter/D2DAdapter.scala. Using presentation compiler with project's scala-library version: 2.13.18
2026.02.05 15:35:10 INFO  no build target found for /scratch/jfx/ucie-q2y26/scala/src/main/scala/d2dadapter/D2DAdapter.scala. Using presentation compiler with project's scala-library version: 2.13.18
2026.02.05 15:35:10 INFO  no build target found for /scratch/jfx/ucie-q2y26/scala/src/main/scala/d2dadapter/D2DAdapter.scala. Using presentation compiler with project's scala-library version: 2.13.18
2026.02.05 15:35:29 INFO  no build target found for /scratch/jfx/ucie-q2y26/scala/src/main/scala/d2dadapter/D2DAdapter.scala. Using presentation compiler with project's scala-library version: 2.13.18
2026.02.05 15:35:32 INFO  no build target found for /scratch/jfx/ucie-q2y26/scala/src/main/scala/d2dadapter/D2DAdapter.scala. Using presentation compiler with project's scala-library version: 2.13.18
2026.02.05 15:35:32 INFO  no build target found for /scratch/jfx/ucie-q2y26/scala/src/main/scala/d2dadapter/D2DAdapter.scala. Using presentation compiler with project's scala-library version: 2.13.18
2026.02.05 15:35:35 INFO  no build target found for /scratch/jfx/ucie-q2y26/scala/src/main/scala/d2dadapter/D2DAdapter.scala. Using presentation compiler with project's scala-library version: 2.13.18
2026.02.05 15:35:35 INFO  no build target found for /scratch/jfx/ucie-q2y26/scala/src/main/scala/d2dadapter/D2DAdapter.scala. Using presentation compiler with project's scala-library version: 2.13.18
2026.02.05 15:35:35 INFO  no build target found for /scratch/jfx/ucie-q2y26/scala/src/main/scala/d2dadapter/D2DAdapter.scala. Using presentation compiler with project's scala-library version: 2.13.18
2026.02.05 15:35:41 INFO  no build target found for /scratch/jfx/ucie-q2y26/scala/src/main/scala/d2dadapter/D2DAdapter.scala. Using presentation compiler with project's scala-library version: 2.13.18
2026.02.05 15:35:41 INFO  no build target found for /scratch/jfx/ucie-q2y26/scala/src/main/scala/d2dadapter/D2DAdapter.scala. Using presentation compiler with project's scala-library version: 2.13.18
2026.02.05 15:35:41 INFO  no build target found for /scratch/jfx/ucie-q2y26/scala/src/main/scala/d2dadapter/D2DAdapter.scala. Using presentation compiler with project's scala-library version: 2.13.18
2026.02.05 15:35:42 INFO  no build target found for /scratch/jfx/ucie-q2y26/scala/src/main/scala/d2dadapter/D2DAdapter.scala. Using presentation compiler with project's scala-library version: 2.13.18
2026.02.05 15:35:43 INFO  no build target found for /scratch/jfx/ucie-q2y26/scala/src/main/scala/d2dadapter/D2DAdapter.scala. Using presentation compiler with project's scala-library version: 2.13.18
2026.02.05 15:35:45 INFO  no build target found for /scratch/jfx/ucie-q2y26/scala/src/main/scala/d2dadapter/D2DAdapter.scala. Using presentation compiler with project's scala-library version: 2.13.18
2026.02.05 15:35:47 INFO  no build target found for /scratch/jfx/ucie-q2y26/scala/src/main/scala/d2dadapter/D2DAdapter.scala. Using presentation compiler with project's scala-library version: 2.13.18
2026.02.05 15:35:47 INFO  no build target found for /scratch/jfx/ucie-q2y26/scala/src/main/scala/d2dadapter/D2DAdapter.scala. Using presentation compiler with project's scala-library version: 2.13.18
2026.02.05 15:35:49 INFO  no build target found for /scratch/jfx/ucie-q2y26/scala/src/main/scala/logphy/ParallelGaloisLFSR.scala. Using presentation compiler with project's scala-library version: 2.13.18
2026.02.05 15:35:49 INFO  no build target found for /scratch/jfx/ucie-q2y26/scala/src/main/scala/logphy/ParallelGaloisLFSR.scala. Using presentation compiler with project's scala-library version: 2.13.18
2026.02.05 15:36:07 INFO  no build target found for /scratch/jfx/ucie-q2y26/scala/src/main/scala/d2dadapter/D2DAdapter.scala. Using presentation compiler with project's scala-library version: 2.13.18
2026.02.05 15:38:47 INFO  no build target found for /scratch/jfx/ucie-q2y26/scala/src/main/scala/d2dadapter/D2DAdapter.scala. Using presentation compiler with project's scala-library version: 2.13.18
2026.02.05 15:38:47 INFO  no build target found for /scratch/jfx/ucie-q2y26/scala/src/main/scala/d2dadapter/D2DAdapter.scala. Using presentation compiler with project's scala-library version: 2.13.18
2026.02.05 15:38:48 INFO  no build target found for /scratch/jfx/ucie-q2y26/scala/src/main/scala/d2dadapter/D2DAdapter.scala. Using presentation compiler with project's scala-library version: 2.13.18
2026.02.05 15:38:49 INFO  no build target found for /scratch/jfx/ucie-q2y26/scala/src/main/scala/d2dadapter/D2DAdapter.scala. Using presentation compiler with project's scala-library version: 2.13.18
Feb 05, 2026 3:38:49 PM org.eclipse.lsp4j.jsonrpc.services.GenericEndpoint notify
INFO: Unsupported notification method: $/setTrace
2026.03.04 15:14:33 INFO  Started: Metals version 1.6.6 in folders '/Users/lorenhung/ucie' for client Cursor 1.105.1.
2026.03.04 15:14:33 INFO  Memory monitor started
2026.03.04 15:14:37 WARN  Using H2 2.4.240 which is newer than the version Flyway has been verified with. The latest verified version of H2 is 2.3.232.
2026.03.04 15:14:37 INFO  no build target found for /Users/lorenhung/ucie/scala/build.sbt. Using presentation compiler with project's scala-library version: 3.3.7
2026.03.04 15:15:21 WARN  no build target for: /Users/lorenhung/ucie/scala/build.sbt
2026.03.04 15:15:21 INFO  no build target found for /Users/lorenhung/ucie/scala/build.sbt. Using presentation compiler with project's scala-library version: 3.3.7
2026.03.04 15:15:21 INFO  no build target found for /Users/lorenhung/ucie/scala/build.sbt. Using presentation compiler with project's scala-library version: 3.3.7
2026.03.04 15:15:21 INFO  no build target found for /Users/lorenhung/ucie/scala/build.sbt. Using presentation compiler with project's scala-library version: 3.3.7
2026.03.04 15:15:22 INFO  no build target found for /Users/lorenhung/ucie/scala/build.sbt. Using presentation compiler with project's scala-library version: 3.3.7
2026.03.04 15:15:23 WARN  no build target for: /Users/lorenhung/ucie/scala/build.sbt
2026.03.04 15:15:23 INFO  no build target found for /Users/lorenhung/ucie/scala/build.sbt. Using presentation compiler with project's scala-library version: 3.3.7
2026.03.04 15:15:23 INFO  no build target found for /Users/lorenhung/ucie/scala/build.sbt. Using presentation compiler with project's scala-library version: 3.3.7
2026.03.04 15:15:29 WARN  no build target for: /Users/lorenhung/ucie/scala/build.sbt
2026.03.04 15:15:29 INFO  no build target found for /Users/lorenhung/ucie/scala/build.sbt. Using presentation compiler with project's scala-library version: 3.3.7
2026.03.04 15:17:02 INFO  no build target found for /Users/lorenhung/ucie/scala/build.sbt. Using presentation compiler with project's scala-library version: 3.3.7
2026.03.04 15:17:03 INFO  no build target found for /Users/lorenhung/ucie/scala/build.sbt. Using presentation compiler with project's scala-library version: 3.3.7
2026.03.04 15:17:03 WARN  no build target for: /Users/lorenhung/ucie/scala/build.sbt
2026.03.04 15:17:03 INFO  no build target found for /Users/lorenhung/ucie/scala/build.sbt. Using presentation compiler with project's scala-library version: 3.3.7
2026.03.04 15:17:03 INFO  skipping build import with status 'Dismissed'
2026.03.04 15:22:49 INFO  no build target found for /Users/lorenhung/ucie/scala/build.sbt. Using presentation compiler with project's scala-library version: 3.3.7
2026.03.04 15:22:50 INFO  no build target found for /Users/lorenhung/ucie/scala/build.sbt. Using presentation compiler with project's scala-library version: 3.3.7
2026.03.04 15:22:53 INFO  no build target found for /Users/lorenhung/ucie/scala/build.sbt. Using presentation compiler with project's scala-library version: 3.3.7
2026.03.04 15:25:34 WARN  no build target for: /Users/lorenhung/ucie/scala/src/main/scala/tilelink/Configs.scala
2026.03.04 15:25:34 INFO  no build target found for /Users/lorenhung/ucie/scala/src/main/scala/tilelink/Configs.scala. Using presentation compiler with project's scala-library version: 3.3.7
2026.03.04 15:25:34 INFO  no build target found for /Users/lorenhung/ucie/scala/src/main/scala/tilelink/Configs.scala. Using presentation compiler with project's scala-library version: 3.3.7
2026.03.04 15:25:35 INFO  no build target found for /Users/lorenhung/ucie/scala/src/main/scala/tilelink/Configs.scala. Using presentation compiler with project's scala-library version: 3.3.7
2026.03.04 15:25:35 INFO  no build target found for /Users/lorenhung/ucie/scala/src/main/scala/tilelink/Configs.scala. Using presentation compiler with project's scala-library version: 3.3.7
2026.03.04 15:25:40 INFO  no build target found for /Users/lorenhung/ucie/scala/src/main/scala/tilelink/Configs.scala. Using presentation compiler with project's scala-library version: 3.3.7
2026.03.04 15:25:40 INFO  no build target found for /Users/lorenhung/ucie/scala/src/main/scala/tilelink/Configs.scala. Using presentation compiler with project's scala-library version: 3.3.7
2026.03.04 15:25:40 INFO  no build target found for /Users/lorenhung/ucie/scala/src/main/scala/tilelink/Configs.scala. Using presentation compiler with project's scala-library version: 3.3.7
2026.03.04 15:25:40 WARN  Could not find semantic tokens for: file:///Users/lorenhung/ucie/scala/src/main/scala/tilelink/Configs.scala
2026.03.04 15:25:40 INFO  no build target found for /Users/lorenhung/ucie/scala/src/main/scala/tilelink/Configs.scala. Using presentation compiler with project's scala-library version: 3.3.7
2026.03.04 15:25:41 WARN  no build target for: /Users/lorenhung/ucie/scala/src/main/scala/tilelink/Configs.scala
2026.03.04 15:25:41 INFO  no build target found for /Users/lorenhung/ucie/scala/src/main/scala/tilelink/Configs.scala. Using presentation compiler with project's scala-library version: 3.3.7
2026.03.04 15:25:41 WARN  Could not find semantic tokens for: file:///Users/lorenhung/ucie/scala/src/main/scala/tilelink/Configs.scala
2026.03.04 15:25:54 WARN  no build target for: /Users/lorenhung/ucie/scala/src/main/scala/tilelink/Configs.scala
2026.03.04 15:25:54 INFO  no build target found for /Users/lorenhung/ucie/scala/src/main/scala/tilelink/Configs.scala. Using presentation compiler with project's scala-library version: 3.3.7
2026.03.04 15:25:54 INFO  no build target found for /Users/lorenhung/ucie/scala/src/main/scala/tilelink/Configs.scala. Using presentation compiler with project's scala-library version: 3.3.7
2026.03.04 15:25:54 INFO  no build target found for /Users/lorenhung/ucie/scala/src/main/scala/tilelink/Configs.scala. Using presentation compiler with project's scala-library version: 3.3.7
2026.03.04 15:25:54 WARN  Could not find semantic tokens for: file:///Users/lorenhung/ucie/scala/src/main/scala/tilelink/Configs.scala
2026.03.04 15:25:55 WARN  no build target for: /Users/lorenhung/ucie/scala/build.sbt
2026.03.04 15:25:55 INFO  no build target found for /Users/lorenhung/ucie/scala/build.sbt. Using presentation compiler with project's scala-library version: 3.3.7
2026.03.04 15:26:00 INFO  no build target found for /Users/lorenhung/ucie/scala/build.sbt. Using presentation compiler with project's scala-library version: 3.3.7
2026.03.04 15:26:00 INFO  no build target found for /Users/lorenhung/ucie/scala/build.sbt. Using presentation compiler with project's scala-library version: 3.3.7
2026.03.04 15:26:02 INFO  no build target found for /Users/lorenhung/ucie/scala/build.sbt. Using presentation compiler with project's scala-library version: 3.3.7
2026.03.04 15:26:04 INFO  no build target found for /Users/lorenhung/ucie/scala/build.sbt. Using presentation compiler with project's scala-library version: 3.3.7
2026.03.04 15:26:04 WARN  no build target for: /Users/lorenhung/ucie/scala/build.sbt
2026.03.04 15:26:04 INFO  no build target found for /Users/lorenhung/ucie/scala/build.sbt. Using presentation compiler with project's scala-library version: 3.3.7
2026.03.04 15:26:04 INFO  no build target found for /Users/lorenhung/ucie/scala/build.sbt. Using presentation compiler with project's scala-library version: 3.3.7
2026.03.04 15:26:05 INFO  no build target found for /Users/lorenhung/ucie/scala/build.sbt. Using presentation compiler with project's scala-library version: 3.3.7
2026.03.04 15:26:05 INFO  no build target found for /Users/lorenhung/ucie/scala/build.sbt. Using presentation compiler with project's scala-library version: 3.3.7
2026.03.04 15:26:06 INFO  no build target found for /Users/lorenhung/ucie/scala/src/main/scala/tilelink/Configs.scala. Using presentation compiler with project's scala-library version: 3.3.7
2026.03.04 15:26:07 INFO  no build target found for /Users/lorenhung/ucie/scala/build.sbt. Using presentation compiler with project's scala-library version: 3.3.7
2026.03.04 15:26:11 INFO  no build target found for /Users/lorenhung/ucie/scala/build.sbt. Using presentation compiler with project's scala-library version: 3.3.7
2026.03.04 15:26:11 INFO  no build target found for /Users/lorenhung/ucie/scala/build.sbt. Using presentation compiler with project's scala-library version: 3.3.7
2026.03.04 15:26:13 INFO  no build target found for /Users/lorenhung/ucie/scala/build.sbt. Using presentation compiler with project's scala-library version: 3.3.7
2026.03.04 15:26:37 WARN  no build target for: /Users/lorenhung/ucie/scala/src/main/scala/tilelink/Configs.scala
2026.03.04 15:26:38 INFO  no build target found for /Users/lorenhung/ucie/scala/src/main/scala/tilelink/Configs.scala. Using presentation compiler with project's scala-library version: 3.3.7
2026.03.04 15:26:38 WARN  Could not find semantic tokens for: file:///Users/lorenhung/ucie/scala/src/main/scala/tilelink/Configs.scala
2026.03.04 15:26:38 INFO  no build target found for /Users/lorenhung/ucie/scala/src/main/scala/tilelink/Configs.scala. Using presentation compiler with project's scala-library version: 3.3.7
2026.03.04 15:26:43 INFO  no build target found for /Users/lorenhung/ucie/scala/src/main/scala/tilelink/Configs.scala. Using presentation compiler with project's scala-library version: 3.3.7
2026.03.04 15:26:43 WARN  no build target for: /Users/lorenhung/ucie/scala/src/main/scala/tilelink/Configs.scala
2026.03.04 15:26:43 INFO  no build target found for /Users/lorenhung/ucie/scala/src/main/scala/tilelink/Configs.scala. Using presentation compiler with project's scala-library version: 3.3.7
2026.03.04 15:26:43 INFO  no build target found for /Users/lorenhung/ucie/scala/src/main/scala/tilelink/Configs.scala. Using presentation compiler with project's scala-library version: 3.3.7
2026.03.04 15:26:43 WARN  Could not find semantic tokens for: file:///Users/lorenhung/ucie/scala/src/main/scala/tilelink/Configs.scala
2026.03.04 15:26:47 WARN  no build target for: /Users/lorenhung/ucie/scala/build.sbt
2026.03.04 15:26:47 INFO  no build target found for /Users/lorenhung/ucie/scala/build.sbt. Using presentation compiler with project's scala-library version: 3.3.7
2026.03.04 15:26:47 WARN  no build target for: /Users/lorenhung/ucie/scala/src/main/scala/tilelink/Configs.scala
2026.03.04 15:26:47 INFO  no build target found for /Users/lorenhung/ucie/scala/src/main/scala/tilelink/Configs.scala. Using presentation compiler with project's scala-library version: 3.3.7
2026.03.04 15:26:47 WARN  Could not find semantic tokens for: file:///Users/lorenhung/ucie/scala/src/main/scala/tilelink/Configs.scala
2026.03.04 15:26:48 WARN  no build target for: /Users/lorenhung/ucie/scala/build.sbt
2026.03.04 15:26:48 INFO  no build target found for /Users/lorenhung/ucie/scala/build.sbt. Using presentation compiler with project's scala-library version: 3.3.7
2026.03.04 15:26:52 INFO  no build target found for /Users/lorenhung/ucie/scala/build.sbt. Using presentation compiler with project's scala-library version: 3.3.7
2026.03.04 15:27:16 INFO  no build target found for /Users/lorenhung/ucie/scala/build.sbt. Using presentation compiler with project's scala-library version: 3.3.7
2026.03.04 15:28:32 INFO  no build target found for /Users/lorenhung/ucie/scala/mill-build/src/Deps.scala. Using presentation compiler with project's scala-library version: 3.3.7
2026.03.04 15:28:32 WARN  no build target for: /Users/lorenhung/ucie/scala/mill-build/src/Deps.scala
2026.03.04 15:28:32 INFO  no build target found for /Users/lorenhung/ucie/scala/mill-build/src/Deps.scala. Using presentation compiler with project's scala-library version: 3.3.7
2026.03.04 15:28:32 INFO  no build target found for /Users/lorenhung/ucie/scala/mill-build/src/Deps.scala. Using presentation compiler with project's scala-library version: 3.3.7
2026.03.04 15:28:36 INFO  no build target found for /Users/lorenhung/ucie/scala/mill-build/src/Deps.scala. Using presentation compiler with project's scala-library version: 3.3.7
2026.03.04 15:28:36 WARN  no build target for: /Users/lorenhung/ucie/scala/build.sbt
2026.03.04 15:28:36 INFO  no build target found for /Users/lorenhung/ucie/scala/build.sbt. Using presentation compiler with project's scala-library version: 3.3.7
2026.03.04 15:28:36 INFO  no build target found for /Users/lorenhung/ucie/scala/build.sbt. Using presentation compiler with project's scala-library version: 3.3.7
2026.03.04 15:28:36 INFO  no build target found for /Users/lorenhung/ucie/scala/build.sbt. Using presentation compiler with project's scala-library version: 3.3.7
2026.03.04 15:31:38 WARN  no build target for: /Users/lorenhung/ucie/scala/src/test/scala/d2dadapter/D2DAdapterTest.scala
2026.03.04 15:31:38 INFO  no build target found for /Users/lorenhung/ucie/scala/src/test/scala/d2dadapter/D2DAdapterTest.scala. Using presentation compiler with project's scala-library version: 3.3.7
2026.03.04 15:31:38 INFO  no build target found for /Users/lorenhung/ucie/scala/src/test/scala/d2dadapter/D2DAdapterTest.scala. Using presentation compiler with project's scala-library version: 3.3.7
2026.03.04 15:31:38 WARN  Could not find semantic tokens for: file:///Users/lorenhung/ucie/scala/src/test/scala/d2dadapter/D2DAdapterTest.scala
2026.03.04 15:31:38 INFO  no build target found for /Users/lorenhung/ucie/scala/src/test/scala/d2dadapter/D2DAdapterTest.scala. Using presentation compiler with project's scala-library version: 3.3.7
2026.03.04 15:31:38 WARN  Could not find semantic tokens for: file:///Users/lorenhung/ucie/scala/src/test/scala/d2dadapter/D2DAdapterTest.scala
2026.03.04 15:31:48 INFO  no build target found for /Users/lorenhung/ucie/scala/src/test/scala/d2dadapter/D2DAdapterTest.scala. Using presentation compiler with project's scala-library version: 3.3.7
2026.03.04 15:31:48 INFO  no build target found for /Users/lorenhung/ucie/scala/src/test/scala/d2dadapter/D2DAdapterTest.scala. Using presentation compiler with project's scala-library version: 3.3.7
2026.03.04 15:31:48 INFO  no build target found for /Users/lorenhung/ucie/scala/src/test/scala/d2dadapter/D2DAdapterTest.scala. Using presentation compiler with project's scala-library version: 3.3.7
2026.03.04 15:31:48 WARN  no build target for: /Users/lorenhung/ucie/scala/src/test/scala/d2dadapter/D2DAdapterTest.scala
2026.03.04 15:31:48 INFO  no build target found for /Users/lorenhung/ucie/scala/src/test/scala/d2dadapter/D2DAdapterTest.scala. Using presentation compiler with project's scala-library version: 3.3.7
2026.03.04 15:32:08 INFO  no build target found for /Users/lorenhung/ucie/scala/src/test/scala/d2dadapter/D2DMainbandModuleTest.scala. Using presentation compiler with project's scala-library version: 3.3.7
2026.03.04 15:32:08 WARN  no build target for: /Users/lorenhung/ucie/scala/src/test/scala/d2dadapter/D2DMainbandModuleTest.scala
2026.03.04 15:32:08 INFO  no build target found for /Users/lorenhung/ucie/scala/src/test/scala/d2dadapter/D2DMainbandModuleTest.scala. Using presentation compiler with project's scala-library version: 3.3.7
2026.03.04 15:32:08 WARN  Could not find semantic tokens for: file:///Users/lorenhung/ucie/scala/src/test/scala/d2dadapter/D2DMainbandModuleTest.scala
2026.03.04 15:32:09 INFO  no build target found for /Users/lorenhung/ucie/scala/src/test/scala/d2dadapter/D2DMainbandModuleTest.scala. Using presentation compiler with project's scala-library version: 3.3.7
2026.03.04 15:32:09 WARN  Could not find semantic tokens for: file:///Users/lorenhung/ucie/scala/src/test/scala/d2dadapter/D2DMainbandModuleTest.scala
2026.03.04 15:32:09 INFO  no build target found for /Users/lorenhung/ucie/scala/src/test/scala/d2dadapter/D2DMainbandModuleTest.scala. Using presentation compiler with project's scala-library version: 3.3.7
2026.03.04 15:32:09 INFO  no build target found for /Users/lorenhung/ucie/scala/src/test/scala/d2dadapter/D2DMainbandModuleTest.scala. Using presentation compiler with project's scala-library version: 3.3.7
2026.03.04 15:32:10 INFO  no build target found for /Users/lorenhung/ucie/scala/src/test/scala/d2dadapter/D2DMainbandModuleTest.scala. Using presentation compiler with project's scala-library version: 3.3.7
2026.03.04 15:32:10 INFO  no build target found for /Users/lorenhung/ucie/scala/src/test/scala/d2dadapter/D2DMainbandModuleTest.scala. Using presentation compiler with project's scala-library version: 3.3.7
2026.03.04 15:32:11 WARN  no build target for: /Users/lorenhung/ucie/scala/src/test/scala/d2dadapter/D2DMainbandModuleTest.scala
2026.03.04 15:32:11 INFO  no build target found for /Users/lorenhung/ucie/scala/src/test/scala/d2dadapter/D2DMainbandModuleTest.scala. Using presentation compiler with project's scala-library version: 3.3.7
2026.03.04 15:32:11 INFO  no build target found for /Users/lorenhung/ucie/scala/src/test/scala/d2dadapter/D2DSidebandModuleTest.scala. Using presentation compiler with project's scala-library version: 3.3.7
2026.03.04 15:32:11 WARN  no build target for: /Users/lorenhung/ucie/scala/src/test/scala/d2dadapter/D2DSidebandModuleTest.scala
2026.03.04 15:32:11 INFO  no build target found for /Users/lorenhung/ucie/scala/src/test/scala/d2dadapter/D2DSidebandModuleTest.scala. Using presentation compiler with project's scala-library version: 3.3.7
2026.03.04 15:32:11 WARN  Could not find semantic tokens for: file:///Users/lorenhung/ucie/scala/src/test/scala/d2dadapter/D2DSidebandModuleTest.scala
2026.03.04 15:32:11 INFO  no build target found for /Users/lorenhung/ucie/scala/src/test/scala/d2dadapter/D2DSidebandModuleTest.scala. Using presentation compiler with project's scala-library version: 3.3.7
2026.03.04 15:32:11 WARN  Could not find semantic tokens for: file:///Users/lorenhung/ucie/scala/src/test/scala/d2dadapter/D2DSidebandModuleTest.scala
2026.03.04 15:32:24 INFO  no build target found for /Users/lorenhung/ucie/scala/src/test/scala/d2dadapter/D2DSidebandModuleTest.scala. Using presentation compiler with project's scala-library version: 3.3.7
2026.03.04 15:32:25 INFO  no build target found for /Users/lorenhung/ucie/scala/src/test/scala/d2dadapter/D2DSidebandModuleTest.scala. Using presentation compiler with project's scala-library version: 3.3.7
2026.03.04 15:32:25 INFO  no build target found for /Users/lorenhung/ucie/scala/src/test/scala/d2dadapter/D2DSidebandModuleTest.scala. Using presentation compiler with project's scala-library version: 3.3.7
2026.03.04 15:32:25 WARN  no build target for: /Users/lorenhung/ucie/scala/src/test/scala/d2dadapter/D2DSidebandModuleTest.scala
2026.03.04 15:32:25 INFO  no build target found for /Users/lorenhung/ucie/scala/src/test/scala/d2dadapter/D2DSidebandModuleTest.scala. Using presentation compiler with project's scala-library version: 3.3.7
2026.03.04 15:32:38 INFO  no build target found for /Users/lorenhung/ucie/scala/src/test/scala/d2dadapter/D2DSidebandModuleTest.scala. Using presentation compiler with project's scala-library version: 3.3.7
2026.03.04 15:32:39 INFO  no build target found for /Users/lorenhung/ucie/scala/src/test/scala/d2dadapter/LinkDisabledSubmoduleTest.scala. Using presentation compiler with project's scala-library version: 3.3.7
2026.03.04 15:32:39 WARN  no build target for: /Users/lorenhung/ucie/scala/src/test/scala/d2dadapter/LinkDisabledSubmoduleTest.scala
2026.03.04 15:32:39 INFO  no build target found for /Users/lorenhung/ucie/scala/src/test/scala/d2dadapter/LinkDisabledSubmoduleTest.scala. Using presentation compiler with project's scala-library version: 3.3.7
2026.03.04 15:32:39 WARN  Could not find semantic tokens for: file:///Users/lorenhung/ucie/scala/src/test/scala/d2dadapter/LinkDisabledSubmoduleTest.scala
2026.03.04 15:32:39 INFO  no build target found for /Users/lorenhung/ucie/scala/src/test/scala/d2dadapter/LinkDisabledSubmoduleTest.scala. Using presentation compiler with project's scala-library version: 3.3.7
2026.03.04 15:32:39 WARN  Could not find semantic tokens for: file:///Users/lorenhung/ucie/scala/src/test/scala/d2dadapter/LinkDisabledSubmoduleTest.scala
2026.03.04 15:32:41 INFO  no build target found for /Users/lorenhung/ucie/scala/src/test/scala/d2dadapter/LinkDisabledSubmoduleTest.scala. Using presentation compiler with project's scala-library version: 3.3.7
2026.03.04 15:32:41 INFO  no build target found for /Users/lorenhung/ucie/scala/src/test/scala/d2dadapter/LinkDisabledSubmoduleTest.scala. Using presentation compiler with project's scala-library version: 3.3.7
2026.03.04 15:32:41 INFO  no build target found for /Users/lorenhung/ucie/scala/src/test/scala/d2dadapter/LinkDisabledSubmoduleTest.scala. Using presentation compiler with project's scala-library version: 3.3.7
2026.03.04 15:32:42 WARN  no build target for: /Users/lorenhung/ucie/scala/src/test/scala/d2dadapter/LinkDisabledSubmoduleTest.scala
2026.03.04 15:32:42 INFO  no build target found for /Users/lorenhung/ucie/scala/src/test/scala/d2dadapter/LinkDisabledSubmoduleTest.scala. Using presentation compiler with project's scala-library version: 3.3.7
2026.03.04 15:32:54 INFO  no build target found for /Users/lorenhung/ucie/scala/src/test/scala/d2dadapter/LinkInitSubmoduleTest.scala. Using presentation compiler with project's scala-library version: 3.3.7
2026.03.04 15:32:54 WARN  no build target for: /Users/lorenhung/ucie/scala/src/test/scala/d2dadapter/LinkInitSubmoduleTest.scala
2026.03.04 15:32:54 INFO  no build target found for /Users/lorenhung/ucie/scala/src/test/scala/d2dadapter/LinkInitSubmoduleTest.scala. Using presentation compiler with project's scala-library version: 3.3.7
2026.03.04 15:32:54 WARN  Could not find semantic tokens for: file:///Users/lorenhung/ucie/scala/src/test/scala/d2dadapter/LinkInitSubmoduleTest.scala
2026.03.04 15:32:54 INFO  no build target found for /Users/lorenhung/ucie/scala/src/test/scala/d2dadapter/LinkInitSubmoduleTest.scala. Using presentation compiler with project's scala-library version: 3.3.7
2026.03.04 15:32:54 WARN  Could not find semantic tokens for: file:///Users/lorenhung/ucie/scala/src/test/scala/d2dadapter/LinkInitSubmoduleTest.scala
2026.03.04 15:32:55 INFO  no build target found for /Users/lorenhung/ucie/scala/src/test/scala/d2dadapter/LinkInitSubmoduleTest.scala. Using presentation compiler with project's scala-library version: 3.3.7
2026.03.04 15:32:55 INFO  no build target found for /Users/lorenhung/ucie/scala/src/test/scala/d2dadapter/LinkInitSubmoduleTest.scala. Using presentation compiler with project's scala-library version: 3.3.7
2026.03.04 15:32:56 INFO  no build target found for /Users/lorenhung/ucie/scala/src/test/scala/d2dadapter/LinkInitSubmoduleTest.scala. Using presentation compiler with project's scala-library version: 3.3.7
2026.03.04 15:32:56 WARN  no build target for: /Users/lorenhung/ucie/scala/src/test/scala/d2dadapter/LinkInitSubmoduleTest.scala
2026.03.04 15:32:56 INFO  no build target found for /Users/lorenhung/ucie/scala/src/test/scala/d2dadapter/LinkInitSubmoduleTest.scala. Using presentation compiler with project's scala-library version: 3.3.7
2026.03.04 15:33:01 INFO  no build target found for /Users/lorenhung/ucie/scala/src/test/scala/d2dadapter/LinkManagementControllerTest.scala. Using presentation compiler with project's scala-library version: 3.3.7
2026.03.04 15:33:01 WARN  no build target for: /Users/lorenhung/ucie/scala/src/test/scala/d2dadapter/LinkManagementControllerTest.scala
2026.03.04 15:33:01 INFO  no build target found for /Users/lorenhung/ucie/scala/src/test/scala/d2dadapter/LinkManagementControllerTest.scala. Using presentation compiler with project's scala-library version: 3.3.7
2026.03.04 15:33:01 WARN  Could not find semantic tokens for: file:///Users/lorenhung/ucie/scala/src/test/scala/d2dadapter/LinkManagementControllerTest.scala
2026.03.04 15:33:01 INFO  no build target found for /Users/lorenhung/ucie/scala/src/test/scala/d2dadapter/LinkManagementControllerTest.scala. Using presentation compiler with project's scala-library version: 3.3.7
2026.03.04 15:33:01 WARN  Could not find semantic tokens for: file:///Users/lorenhung/ucie/scala/src/test/scala/d2dadapter/LinkManagementControllerTest.scala
2026.03.04 15:33:02 INFO  no build target found for /Users/lorenhung/ucie/scala/src/test/scala/d2dadapter/LinkManagementControllerTest.scala. Using presentation compiler with project's scala-library version: 3.3.7
2026.03.04 15:33:02 INFO  no build target found for /Users/lorenhung/ucie/scala/src/test/scala/d2dadapter/LinkManagementControllerTest.scala. Using presentation compiler with project's scala-library version: 3.3.7
2026.03.04 15:33:02 INFO  no build target found for /Users/lorenhung/ucie/scala/src/test/scala/d2dadapter/LinkManagementControllerTest.scala. Using presentation compiler with project's scala-library version: 3.3.7
2026.03.04 15:33:03 WARN  no build target for: /Users/lorenhung/ucie/scala/src/test/scala/d2dadapter/LinkManagementControllerTest.scala
2026.03.04 15:33:03 INFO  no build target found for /Users/lorenhung/ucie/scala/src/test/scala/d2dadapter/LinkManagementControllerTest.scala. Using presentation compiler with project's scala-library version: 3.3.7
2026.03.04 15:33:08 INFO  no build target found for /Users/lorenhung/ucie/scala/src/test/scala/d2dadapter/LinkResetSubmoduleTest.scala. Using presentation compiler with project's scala-library version: 3.3.7
2026.03.04 15:33:08 WARN  no build target for: /Users/lorenhung/ucie/scala/src/test/scala/d2dadapter/LinkResetSubmoduleTest.scala
2026.03.04 15:33:08 INFO  no build target found for /Users/lorenhung/ucie/scala/src/test/scala/d2dadapter/LinkResetSubmoduleTest.scala. Using presentation compiler with project's scala-library version: 3.3.7
2026.03.04 15:33:08 WARN  Could not find semantic tokens for: file:///Users/lorenhung/ucie/scala/src/test/scala/d2dadapter/LinkResetSubmoduleTest.scala
2026.03.04 15:33:08 INFO  no build target found for /Users/lorenhung/ucie/scala/src/test/scala/d2dadapter/LinkResetSubmoduleTest.scala. Using presentation compiler with project's scala-library version: 3.3.7
2026.03.04 15:33:08 WARN  Could not find semantic tokens for: file:///Users/lorenhung/ucie/scala/src/test/scala/d2dadapter/LinkResetSubmoduleTest.scala
2026.03.04 15:33:09 INFO  no build target found for /Users/lorenhung/ucie/scala/src/test/scala/d2dadapter/LinkResetSubmoduleTest.scala. Using presentation compiler with project's scala-library version: 3.3.7
2026.03.04 15:33:09 INFO  no build target found for /Users/lorenhung/ucie/scala/src/test/scala/d2dadapter/LinkResetSubmoduleTest.scala. Using presentation compiler with project's scala-library version: 3.3.7
2026.03.04 15:33:09 INFO  no build target found for /Users/lorenhung/ucie/scala/src/test/scala/d2dadapter/LinkResetSubmoduleTest.scala. Using presentation compiler with project's scala-library version: 3.3.7
2026.03.04 15:33:10 WARN  no build target for: /Users/lorenhung/ucie/scala/src/test/scala/d2dadapter/LinkResetSubmoduleTest.scala
2026.03.04 15:33:10 INFO  no build target found for /Users/lorenhung/ucie/scala/src/test/scala/d2dadapter/LinkResetSubmoduleTest.scala. Using presentation compiler with project's scala-library version: 3.3.7
2026.03.04 15:33:14 INFO  no build target found for /Users/lorenhung/ucie/scala/src/test/scala/d2dadapter/ParityGenerator.scala. Using presentation compiler with project's scala-library version: 3.3.7
2026.03.04 15:33:14 WARN  no build target for: /Users/lorenhung/ucie/scala/src/test/scala/d2dadapter/ParityGenerator.scala
2026.03.04 15:33:14 INFO  no build target found for /Users/lorenhung/ucie/scala/src/test/scala/d2dadapter/ParityGenerator.scala. Using presentation compiler with project's scala-library version: 3.3.7
2026.03.04 15:33:14 WARN  Could not find semantic tokens for: file:///Users/lorenhung/ucie/scala/src/test/scala/d2dadapter/ParityGenerator.scala
2026.03.04 15:33:14 INFO  no build target found for /Users/lorenhung/ucie/scala/src/test/scala/d2dadapter/ParityGenerator.scala. Using presentation compiler with project's scala-library version: 3.3.7
2026.03.04 15:33:14 WARN  Could not find semantic tokens for: file:///Users/lorenhung/ucie/scala/src/test/scala/d2dadapter/ParityGenerator.scala
2026.03.04 15:33:15 INFO  no build target found for /Users/lorenhung/ucie/scala/src/test/scala/d2dadapter/ParityGenerator.scala. Using presentation compiler with project's scala-library version: 3.3.7
2026.03.04 15:33:15 INFO  no build target found for /Users/lorenhung/ucie/scala/src/test/scala/d2dadapter/ParityGenerator.scala. Using presentation compiler with project's scala-library version: 3.3.7
2026.03.04 15:33:14 INFO  no build target found for /Users/lorenhung/ucie/scala/src/test/scala/d2dadapter/ParityGenerator.scala. Using presentation compiler with project's scala-library version: 3.3.7
2026.03.04 15:33:16 WARN  no build target for: /Users/lorenhung/ucie/scala/src/test/scala/d2dadapter/ParityGenerator.scala
2026.03.04 15:33:16 INFO  no build target found for /Users/lorenhung/ucie/scala/src/test/scala/d2dadapter/ParityGenerator.scala. Using presentation compiler with project's scala-library version: 3.3.7
2026.03.04 15:33:21 WARN  no build target for: /Users/lorenhung/ucie/scala/src/test/scala/d2dadapter/ParityNegotiationSubmoduleTest.scala
2026.03.04 15:33:21 INFO  no build target found for /Users/lorenhung/ucie/scala/src/test/scala/d2dadapter/ParityNegotiationSubmoduleTest.scala. Using presentation compiler with project's scala-library version: 3.3.7
2026.03.04 15:33:21 INFO  no build target found for /Users/lorenhung/ucie/scala/src/test/scala/d2dadapter/ParityNegotiationSubmoduleTest.scala. Using presentation compiler with project's scala-library version: 3.3.7
2026.03.04 15:33:21 WARN  Could not find semantic tokens for: file:///Users/lorenhung/ucie/scala/src/test/scala/d2dadapter/ParityNegotiationSubmoduleTest.scala
2026.03.04 15:33:21 INFO  no build target found for /Users/lorenhung/ucie/scala/src/test/scala/d2dadapter/ParityNegotiationSubmoduleTest.scala. Using presentation compiler with project's scala-library version: 3.3.7
2026.03.04 15:33:21 WARN  Could not find semantic tokens for: file:///Users/lorenhung/ucie/scala/src/test/scala/d2dadapter/ParityNegotiationSubmoduleTest.scala
2026.03.04 15:33:21 INFO  no build target found for /Users/lorenhung/ucie/scala/src/test/scala/d2dadapter/ParityNegotiationSubmoduleTest.scala. Using presentation compiler with project's scala-library version: 3.3.7
2026.03.04 15:33:21 INFO  no build target found for /Users/lorenhung/ucie/scala/src/test/scala/d2dadapter/ParityNegotiationSubmoduleTest.scala. Using presentation compiler with project's scala-library version: 3.3.7
2026.03.04 15:33:21 INFO  no build target found for /Users/lorenhung/ucie/scala/src/test/scala/d2dadapter/ParityNegotiationSubmoduleTest.scala. Using presentation compiler with project's scala-library version: 3.3.7
2026.03.04 15:33:22 WARN  no build target for: /Users/lorenhung/ucie/scala/src/test/scala/d2dadapter/ParityNegotiationSubmoduleTest.scala
2026.03.04 15:33:22 INFO  no build target found for /Users/lorenhung/ucie/scala/src/test/scala/d2dadapter/ParityNegotiationSubmoduleTest.scala. Using presentation compiler with project's scala-library version: 3.3.7
2026.03.04 15:33:27 INFO  no build target found for /Users/lorenhung/ucie/scala/src/test/scala/d2dadapter/StallHandlerTest.scala. Using presentation compiler with project's scala-library version: 3.3.7
2026.03.04 15:33:27 WARN  no build target for: /Users/lorenhung/ucie/scala/src/test/scala/d2dadapter/StallHandlerTest.scala
2026.03.04 15:33:27 INFO  no build target found for /Users/lorenhung/ucie/scala/src/test/scala/d2dadapter/StallHandlerTest.scala. Using presentation compiler with project's scala-library version: 3.3.7
2026.03.04 15:33:27 WARN  Could not find semantic tokens for: file:///Users/lorenhung/ucie/scala/src/test/scala/d2dadapter/StallHandlerTest.scala
2026.03.04 15:33:27 INFO  no build target found for /Users/lorenhung/ucie/scala/src/test/scala/d2dadapter/StallHandlerTest.scala. Using presentation compiler with project's scala-library version: 3.3.7
2026.03.04 15:33:27 WARN  Could not find semantic tokens for: file:///Users/lorenhung/ucie/scala/src/test/scala/d2dadapter/StallHandlerTest.scala
2026.03.04 15:33:28 INFO  no build target found for /Users/lorenhung/ucie/scala/src/test/scala/d2dadapter/StallHandlerTest.scala. Using presentation compiler with project's scala-library version: 3.3.7
2026.03.04 15:33:28 INFO  no build target found for /Users/lorenhung/ucie/scala/src/test/scala/d2dadapter/StallHandlerTest.scala. Using presentation compiler with project's scala-library version: 3.3.7
2026.03.04 15:33:27 INFO  no build target found for /Users/lorenhung/ucie/scala/src/test/scala/d2dadapter/StallHandlerTest.scala. Using presentation compiler with project's scala-library version: 3.3.7
2026.03.04 15:33:28 WARN  no build target for: /Users/lorenhung/ucie/scala/src/test/scala/d2dadapter/StallHandlerTest.scala
2026.03.04 15:33:28 INFO  no build target found for /Users/lorenhung/ucie/scala/src/test/scala/d2dadapter/StallHandlerTest.scala. Using presentation compiler with project's scala-library version: 3.3.7
2026.03.04 15:34:38 INFO  no build target found for /Users/lorenhung/ucie/scala/mill-build/src/Deps.scala. Using presentation compiler with project's scala-library version: 3.3.7
2026.03.04 15:34:38 WARN  no build target for: /Users/lorenhung/ucie/scala/mill-build/src/Deps.scala
2026.03.04 15:34:38 INFO  no build target found for /Users/lorenhung/ucie/scala/mill-build/src/Deps.scala. Using presentation compiler with project's scala-library version: 3.3.7
2026.03.04 15:34:38 INFO  no build target found for /Users/lorenhung/ucie/scala/mill-build/src/Deps.scala. Using presentation compiler with project's scala-library version: 3.3.7
2026.03.04 15:34:39 INFO  no build target found for /Users/lorenhung/ucie/scala/mill-build/src/Deps.scala. Using presentation compiler with project's scala-library version: 3.3.7
2026.03.04 15:35:17 INFO  no build target found for /Users/lorenhung/ucie/scala/mill-build/src/Deps.scala. Using presentation compiler with project's scala-library version: 3.3.7
2026.03.04 15:35:18 WARN  no build target for: /Users/lorenhung/ucie/scala/src/test/scala/d2dadapter/StallHandlerTest.scala
2026.03.04 15:35:18 WARN  no build target for: /Users/lorenhung/ucie/scala/src/main/scala/tilelink/Configs.scala
2026.03.04 15:35:18 INFO  no build target found for /Users/lorenhung/ucie/scala/src/main/scala/tilelink/Configs.scala. Using presentation compiler with project's scala-library version: 3.3.7
2026.03.04 15:35:17 INFO  no build target found for /Users/lorenhung/ucie/scala/src/main/scala/tilelink/Configs.scala. Using presentation compiler with project's scala-library version: 3.3.7
2026.03.04 15:35:18 WARN  no build target for: /Users/lorenhung/ucie/scala/src/test/scala/d2dadapter/StallHandlerTest.scala
2026.03.04 15:35:18 INFO  no build target found for /Users/lorenhung/ucie/scala/src/test/scala/d2dadapter/StallHandlerTest.scala. Using presentation compiler with project's scala-library version: 3.3.7
2026.03.04 15:35:17 INFO  no build target found for /Users/lorenhung/ucie/scala/src/test/scala/d2dadapter/StallHandlerTest.scala. Using presentation compiler with project's scala-library version: 3.3.7
2026.03.04 15:35:18 WARN  no build target for: /Users/lorenhung/ucie/scala/src/test/scala/d2dadapter/ParityNegotiationSubmoduleTest.scala
2026.03.04 15:35:18 INFO  no build target found for /Users/lorenhung/ucie/scala/src/test/scala/d2dadapter/ParityNegotiationSubmoduleTest.scala. Using presentation compiler with project's scala-library version: 3.3.7
2026.03.04 15:35:17 INFO  no build target found for /Users/lorenhung/ucie/scala/src/test/scala/d2dadapter/ParityNegotiationSubmoduleTest.scala. Using presentation compiler with project's scala-library version: 3.3.7
2026.03.04 15:35:18 WARN  no build target for: /Users/lorenhung/ucie/scala/src/test/scala/d2dadapter/ParityGenerator.scala
2026.03.04 15:35:18 INFO  no build target found for /Users/lorenhung/ucie/scala/src/test/scala/d2dadapter/ParityGenerator.scala. Using presentation compiler with project's scala-library version: 3.3.7
2026.03.04 15:35:17 INFO  no build target found for /Users/lorenhung/ucie/scala/src/test/scala/d2dadapter/ParityGenerator.scala. Using presentation compiler with project's scala-library version: 3.3.7
2026.03.04 15:35:18 WARN  no build target for: /Users/lorenhung/ucie/scala/src/test/scala/d2dadapter/LinkResetSubmoduleTest.scala
2026.03.04 15:35:18 INFO  no build target found for /Users/lorenhung/ucie/scala/src/test/scala/d2dadapter/LinkResetSubmoduleTest.scala. Using presentation compiler with project's scala-library version: 3.3.7
2026.03.04 15:35:18 INFO  no build target found for /Users/lorenhung/ucie/scala/src/test/scala/d2dadapter/LinkResetSubmoduleTest.scala. Using presentation compiler with project's scala-library version: 3.3.7
2026.03.04 15:35:18 WARN  no build target for: /Users/lorenhung/ucie/scala/src/test/scala/d2dadapter/LinkManagementControllerTest.scala
2026.03.04 15:35:18 INFO  no build target found for /Users/lorenhung/ucie/scala/src/test/scala/d2dadapter/LinkManagementControllerTest.scala. Using presentation compiler with project's scala-library version: 3.3.7
2026.03.04 15:35:18 INFO  no build target found for /Users/lorenhung/ucie/scala/src/test/scala/d2dadapter/LinkManagementControllerTest.scala. Using presentation compiler with project's scala-library version: 3.3.7
2026.03.04 15:35:18 WARN  no build target for: /Users/lorenhung/ucie/scala/src/test/scala/d2dadapter/LinkInitSubmoduleTest.scala
2026.03.04 15:35:18 INFO  no build target found for /Users/lorenhung/ucie/scala/src/test/scala/d2dadapter/LinkInitSubmoduleTest.scala. Using presentation compiler with project's scala-library version: 3.3.7
2026.03.04 15:35:18 INFO  no build target found for /Users/lorenhung/ucie/scala/src/test/scala/d2dadapter/LinkInitSubmoduleTest.scala. Using presentation compiler with project's scala-library version: 3.3.7
2026.03.04 15:35:19 WARN  no build target for: /Users/lorenhung/ucie/scala/src/test/scala/d2dadapter/LinkDisabledSubmoduleTest.scala
2026.03.04 15:35:18 INFO  no build target found for /Users/lorenhung/ucie/scala/src/test/scala/d2dadapter/LinkDisabledSubmoduleTest.scala. Using presentation compiler with project's scala-library version: 3.3.7
2026.03.04 15:35:18 INFO  no build target found for /Users/lorenhung/ucie/scala/src/test/scala/d2dadapter/LinkDisabledSubmoduleTest.scala. Using presentation compiler with project's scala-library version: 3.3.7
2026.03.04 15:35:19 WARN  no build target for: /Users/lorenhung/ucie/scala/src/test/scala/d2dadapter/D2DSidebandModuleTest.scala
2026.03.04 15:35:18 INFO  no build target found for /Users/lorenhung/ucie/scala/src/test/scala/d2dadapter/D2DSidebandModuleTest.scala. Using presentation compiler with project's scala-library version: 3.3.7
2026.03.04 15:35:19 INFO  no build target found for /Users/lorenhung/ucie/scala/src/test/scala/d2dadapter/D2DSidebandModuleTest.scala. Using presentation compiler with project's scala-library version: 3.3.7
2026.03.04 15:35:21 INFO  no build target found for /Users/lorenhung/ucie/scala/build.sbt. Using presentation compiler with project's scala-library version: 3.3.7
2026.03.04 15:35:21 INFO  no build target found for /Users/lorenhung/ucie/scala/src/test/scala/d2dadapter/D2DAdapterTest.scala. Using presentation compiler with project's scala-library version: 3.3.7
2026.03.04 15:35:22 INFO  no build target found for /Users/lorenhung/ucie/scala/src/test/scala/d2dadapter/D2DMainbandModuleTest.scala. Using presentation compiler with project's scala-library version: 3.3.7
2026.03.04 15:35:22 INFO  no build target found for /Users/lorenhung/ucie/scala/src/test/scala/d2dadapter/D2DSidebandModuleTest.scala. Using presentation compiler with project's scala-library version: 3.3.7
2026.03.04 15:37:02 WARN  no build target for: /Users/lorenhung/ucie/scala/src/main/scala/d2dadapter/D2DAdapter.scala
2026.03.04 15:37:02 INFO  no build target found for /Users/lorenhung/ucie/scala/src/main/scala/d2dadapter/D2DAdapter.scala. Using presentation compiler with project's scala-library version: 3.3.7
2026.03.04 15:37:04 INFO  no build target found for /Users/lorenhung/ucie/scala/src/main/scala/d2dadapter/D2DAdapter.scala. Using presentation compiler with project's scala-library version: 3.3.7
2026.03.04 15:37:04 INFO  no build target found for /Users/lorenhung/ucie/scala/src/main/scala/d2dadapter/D2DAdapter.scala. Using presentation compiler with project's scala-library version: 3.3.7
2026.03.04 15:37:04 INFO  no build target found for /Users/lorenhung/ucie/scala/src/main/scala/d2dadapter/D2DAdapter.scala. Using presentation compiler with project's scala-library version: 3.3.7
2026.03.04 15:37:04 INFO  no build target found for /Users/lorenhung/ucie/scala/src/main/scala/d2dadapter/D2DAdapter.scala. Using presentation compiler with project's scala-library version: 3.3.7
2026.03.04 15:37:04 INFO  no build target found for /Users/lorenhung/ucie/scala/src/main/scala/d2dadapter/D2DAdapter.scala. Using presentation compiler with project's scala-library version: 3.3.7
2026.03.04 15:37:07 INFO  no build target found for /Users/lorenhung/ucie/scala/src/main/scala/d2dadapter/D2DAdapter.scala. Using presentation compiler with project's scala-library version: 3.3.7
2026.03.04 15:37:20 INFO  no build target found for /Users/lorenhung/ucie/scala/src/main/scala/d2dadapter/D2DAdapter.scala. Using presentation compiler with project's scala-library version: 3.3.7
2026.03.04 15:37:20 INFO  no build target found for /Users/lorenhung/ucie/scala/src/main/scala/d2dadapter/D2DAdapter.scala. Using presentation compiler with project's scala-library version: 3.3.7
2026.03.04 15:37:20 INFO  no build target found for /Users/lorenhung/ucie/scala/src/main/scala/d2dadapter/D2DAdapter.scala. Using presentation compiler with project's scala-library version: 3.3.7
2026.03.04 15:37:20 INFO  no build target found for /Users/lorenhung/ucie/scala/src/main/scala/d2dadapter/D2DAdapter.scala. Using presentation compiler with project's scala-library version: 3.3.7
2026.03.04 15:37:44 INFO  no build target found for /Users/lorenhung/ucie/scala/build.mill. Using presentation compiler with project's scala-library version: 3.3.7
2026.03.04 15:37:44 WARN  no build target for: /Users/lorenhung/ucie/scala/build.mill
2026.03.04 15:37:44 INFO  no build target found for /Users/lorenhung/ucie/scala/src/main/scala/d2dadapter/D2DAdapter.scala. Using presentation compiler with project's scala-library version: 3.3.7
2026.03.04 15:37:44 INFO  no build target found for /Users/lorenhung/ucie/scala/src/main/scala/d2dadapter/D2DAdapter.scala. Using presentation compiler with project's scala-library version: 3.3.7
2026.03.04 15:37:44 INFO  no build target found for /Users/lorenhung/ucie/scala/src/main/scala/d2dadapter/D2DAdapter.scala. Using presentation compiler with project's scala-library version: 3.3.7
2026.03.04 15:37:45 INFO  no build target found for /Users/lorenhung/ucie/scala/src/main/scala/d2dadapter/D2DAdapter.scala. Using presentation compiler with project's scala-library version: 3.3.7
2026.03.04 15:37:46 INFO  no build target found for /Users/lorenhung/ucie/scala/src/main/scala/d2dadapter/D2DAdapter.scala. Using presentation compiler with project's scala-library version: 3.3.7
2026.03.04 15:37:46 INFO  no build target found for /Users/lorenhung/ucie/scala/src/main/scala/d2dadapter/D2DAdapter.scala. Using presentation compiler with project's scala-library version: 3.3.7
2026.03.04 15:37:47 INFO  no build target found for /Users/lorenhung/ucie/scala/src/main/scala/d2dadapter/D2DAdapter.scala. Using presentation compiler with project's scala-library version: 3.3.7
2026.03.04 15:37:47 INFO  no build target found for /Users/lorenhung/ucie/scala/src/main/scala/d2dadapter/D2DAdapter.scala. Using presentation compiler with project's scala-library version: 3.3.7
2026.03.04 15:37:46 INFO  no build target found for /Users/lorenhung/ucie/scala/src/main/scala/d2dadapter/D2DAdapter.scala. Using presentation compiler with project's scala-library version: 3.3.7
2026.03.04 15:37:46 INFO  no build target found for /Users/lorenhung/ucie/scala/src/main/scala/d2dadapter/D2DAdapter.scala. Using presentation compiler with project's scala-library version: 3.3.7
2026.03.04 15:37:47 INFO  no build target found for /Users/lorenhung/ucie/scala/src/main/scala/d2dadapter/D2DAdapter.scala. Using presentation compiler with project's scala-library version: 3.3.7
2026.03.04 15:37:46 INFO  no build target found for /Users/lorenhung/ucie/scala/src/main/scala/d2dadapter/D2DAdapter.scala. Using presentation compiler with project's scala-library version: 3.3.7
2026.03.04 15:37:46 INFO  no build target found for /Users/lorenhung/ucie/scala/src/main/scala/d2dadapter/D2DAdapter.scala. Using presentation compiler with project's scala-library version: 3.3.7
2026.03.04 15:37:47 INFO  no build target found for /Users/lorenhung/ucie/scala/src/main/scala/d2dadapter/D2DAdapter.scala. Using presentation compiler with project's scala-library version: 3.3.7
2026.03.04 15:37:48 INFO  no build target found for /Users/lorenhung/ucie/scala/src/main/scala/d2dadapter/D2DAdapter.scala. Using presentation compiler with project's scala-library version: 3.3.7
2026.03.04 15:37:47 INFO  no build target found for /Users/lorenhung/ucie/scala/src/main/scala/d2dadapter/D2DAdapter.scala. Using presentation compiler with project's scala-library version: 3.3.7
2026.03.04 15:37:48 INFO  no build target found for /Users/lorenhung/ucie/scala/src/main/scala/d2dadapter/D2DAdapter.scala. Using presentation compiler with project's scala-library version: 3.3.7
2026.03.04 15:37:49 WARN  no build target for: /Users/lorenhung/ucie/scala/src/main/scala/d2dadapter/D2DAdapter.scala
2026.03.04 15:37:49 INFO  no build target found for /Users/lorenhung/ucie/scala/src/main/scala/d2dadapter/D2DAdapter.scala. Using presentation compiler with project's scala-library version: 3.3.7
2026.03.04 15:37:49 INFO  no build target found for /Users/lorenhung/ucie/scala/src/main/scala/d2dadapter/D2DAdapter.scala. Using presentation compiler with project's scala-library version: 3.3.7
2026.03.04 15:37:49 INFO  no build target found for /Users/lorenhung/ucie/scala/src/main/scala/d2dadapter/D2DAdapter.scala. Using presentation compiler with project's scala-library version: 3.3.7
2026.03.04 15:37:49 INFO  no build target found for /Users/lorenhung/ucie/scala/src/main/scala/d2dadapter/D2DAdapter.scala. Using presentation compiler with project's scala-library version: 3.3.7
2026.03.04 15:37:49 INFO  no build target found for /Users/lorenhung/ucie/scala/src/main/scala/d2dadapter/D2DAdapter.scala. Using presentation compiler with project's scala-library version: 3.3.7
2026.03.04 15:37:49 INFO  no build target found for /Users/lorenhung/ucie/scala/src/main/scala/d2dadapter/D2DAdapter.scala. Using presentation compiler with project's scala-library version: 3.3.7
2026.03.04 15:37:49 INFO  no build target found for /Users/lorenhung/ucie/scala/src/main/scala/d2dadapter/D2DAdapter.scala. Using presentation compiler with project's scala-library version: 3.3.7
2026.03.04 15:37:49 INFO  no build target found for /Users/lorenhung/ucie/scala/src/main/scala/d2dadapter/D2DAdapter.scala. Using presentation compiler with project's scala-library version: 3.3.7
2026.03.04 15:37:49 INFO  no build target found for /Users/lorenhung/ucie/scala/src/main/scala/d2dadapter/D2DAdapter.scala. Using presentation compiler with project's scala-library version: 3.3.7
2026.03.04 15:37:50 INFO  no build target found for /Users/lorenhung/ucie/scala/src/main/scala/d2dadapter/D2DAdapter.scala. Using presentation compiler with project's scala-library version: 3.3.7
2026.03.04 15:37:50 INFO  no build target found for /Users/lorenhung/ucie/scala/src/main/scala/d2dadapter/D2DAdapter.scala. Using presentation compiler with project's scala-library version: 3.3.7
2026.03.04 15:37:50 WARN  no build target for: /Users/lorenhung/ucie/scala/src/main/scala/d2dadapter/D2DAdapter.scala
2026.03.04 15:37:50 INFO  no build target found for /Users/lorenhung/ucie/scala/src/main/scala/d2dadapter/D2DAdapter.scala. Using presentation compiler with project's scala-library version: 3.3.7
2026.03.04 15:38:18 INFO  no build target found for /Users/lorenhung/ucie/scala/src/main/scala/d2dadapter/D2DAdapter.scala. Using presentation compiler with project's scala-library version: 3.3.7
2026.03.04 15:38:18 INFO  no build target found for /Users/lorenhung/ucie/scala/src/main/scala/d2dadapter/D2DAdapter.scala. Using presentation compiler with project's scala-library version: 3.3.7
2026.03.04 15:38:18 INFO  no build target found for /Users/lorenhung/ucie/scala/src/main/scala/d2dadapter/D2DAdapter.scala. Using presentation compiler with project's scala-library version: 3.3.7
2026.03.04 15:38:19 INFO  no build target found for /Users/lorenhung/ucie/scala/src/main/scala/d2dadapter/D2DAdapter.scala. Using presentation compiler with project's scala-library version: 3.3.7
2026.03.04 15:38:19 INFO  no build target found for /Users/lorenhung/ucie/scala/src/main/scala/d2dadapter/D2DAdapter.scala. Using presentation compiler with project's scala-library version: 3.3.7
2026.03.04 15:38:19 INFO  no build target found for /Users/lorenhung/ucie/scala/src/main/scala/d2dadapter/D2DAdapter.scala. Using presentation compiler with project's scala-library version: 3.3.7
2026.03.04 15:38:19 INFO  no build target found for /Users/lorenhung/ucie/scala/src/main/scala/d2dadapter/D2DAdapter.scala. Using presentation compiler with project's scala-library version: 3.3.7
2026.03.04 15:38:19 INFO  no build target found for /Users/lorenhung/ucie/scala/src/main/scala/d2dadapter/D2DAdapter.scala. Using presentation compiler with project's scala-library version: 3.3.7
2026.03.04 15:38:20 WARN  no build target for: /Users/lorenhung/ucie/scala/src/main/scala/d2dadapter/D2DAdapter.scala
2026.03.04 15:38:20 INFO  no build target found for /Users/lorenhung/ucie/scala/src/main/scala/d2dadapter/D2DAdapter.scala. Using presentation compiler with project's scala-library version: 3.3.7
2026.03.04 15:38:23 INFO  no build target found for /Users/lorenhung/ucie/scala/src/main/scala/d2dadapter/D2DAdapter.scala. Using presentation compiler with project's scala-library version: 3.3.7
2026.03.04 15:38:27 WARN  no build target for: /Users/lorenhung/ucie/scala/build.mill
2026.03.04 15:38:27 INFO  no build target found for /Users/lorenhung/ucie/scala/build.mill. Using presentation compiler with project's scala-library version: 3.3.7
2026.03.04 15:38:28 INFO  no build target found for /Users/lorenhung/ucie/scala/build.mill. Using presentation compiler with project's scala-library version: 3.3.7
2026.03.04 15:38:51 INFO  no build target found for /Users/lorenhung/ucie/scala/build.mill. Using presentation compiler with project's scala-library version: 3.3.7
2026.03.04 15:39:21 INFO  no build target found for /Users/lorenhung/ucie/scala/build.mill. Using presentation compiler with project's scala-library version: 3.3.7
2026.03.04 15:39:21 INFO  no build target found for /Users/lorenhung/ucie/scala/build.mill. Using presentation compiler with project's scala-library version: 3.3.7
2026.03.04 15:39:21 INFO  no build target found for /Users/lorenhung/ucie/scala/build.mill. Using presentation compiler with project's scala-library version: 3.3.7
2026.03.04 15:39:27 INFO  no build target found for /Users/lorenhung/ucie/scala/build.mill. Using presentation compiler with project's scala-library version: 3.3.7
2026.03.04 15:39:28 INFO  no build target found for /Users/lorenhung/ucie/scala/build.mill. Using presentation compiler with project's scala-library version: 3.3.7
2026.03.04 15:39:28 INFO  no build target found for /Users/lorenhung/ucie/scala/build.mill. Using presentation compiler with project's scala-library version: 3.3.7
2026.03.04 15:40:38 INFO  no build target found for /Users/lorenhung/ucie/scala/build.mill. Using presentation compiler with project's scala-library version: 3.3.7
2026.03.04 15:40:38 INFO  no build target found for /Users/lorenhung/ucie/scala/build.mill. Using presentation compiler with project's scala-library version: 3.3.7
2026.03.04 15:40:38 INFO  no build target found for /Users/lorenhung/ucie/scala/build.mill. Using presentation compiler with project's scala-library version: 3.3.7
2026.03.04 15:41:08 INFO  no build target found for /Users/lorenhung/ucie/scala/build.mill. Using presentation compiler with project's scala-library version: 3.3.7
2026.03.04 15:41:08 INFO  no build target found for /Users/lorenhung/ucie/scala/build.mill. Using presentation compiler with project's scala-library version: 3.3.7
2026.03.04 15:41:08 INFO  no build target found for /Users/lorenhung/ucie/scala/build.mill. Using presentation compiler with project's scala-library version: 3.3.7
2026.03.04 15:41:36 INFO  no build target found for /Users/lorenhung/ucie/scala/build.mill. Using presentation compiler with project's scala-library version: 3.3.7
2026.03.04 15:41:36 INFO  no build target found for /Users/lorenhung/ucie/scala/build.mill. Using presentation compiler with project's scala-library version: 3.3.7
2026.03.04 15:41:38 INFO  no build target found for /Users/lorenhung/ucie/scala/build.mill. Using presentation compiler with project's scala-library version: 3.3.7
2026.03.04 15:41:38 INFO  no build target found for /Users/lorenhung/ucie/scala/build.mill. Using presentation compiler with project's scala-library version: 3.3.7
2026.03.04 15:41:38 INFO  no build target found for /Users/lorenhung/ucie/scala/build.mill. Using presentation compiler with project's scala-library version: 3.3.7
2026.03.04 15:41:38 INFO  no build target found for /Users/lorenhung/ucie/scala/build.mill. Using presentation compiler with project's scala-library version: 3.3.7
2026.03.04 15:41:39 INFO  no build target found for /Users/lorenhung/ucie/scala/build.mill. Using presentation compiler with project's scala-library version: 3.3.7
2026.03.04 15:41:39 INFO  no build target found for /Users/lorenhung/ucie/scala/build.mill. Using presentation compiler with project's scala-library version: 3.3.7
2026.03.04 15:41:40 INFO  no build target found for /Users/lorenhung/ucie/scala/build.mill. Using presentation compiler with project's scala-library version: 3.3.7
2026.03.04 15:41:40 INFO  no build target found for /Users/lorenhung/ucie/scala/build.mill. Using presentation compiler with project's scala-library version: 3.3.7
2026.03.04 15:41:40 INFO  no build target found for /Users/lorenhung/ucie/scala/build.mill. Using presentation compiler with project's scala-library version: 3.3.7
2026.03.04 15:41:40 INFO  no build target found for /Users/lorenhung/ucie/scala/build.mill. Using presentation compiler with project's scala-library version: 3.3.7
2026.03.04 15:41:40 INFO  no build target found for /Users/lorenhung/ucie/scala/build.mill. Using presentation compiler with project's scala-library version: 3.3.7
2026.03.04 15:41:40 INFO  no build target found for /Users/lorenhung/ucie/scala/build.mill. Using presentation compiler with project's scala-library version: 3.3.7
2026.03.04 15:41:40 INFO  no build target found for /Users/lorenhung/ucie/scala/build.mill. Using presentation compiler with project's scala-library version: 3.3.7
2026.03.04 15:41:40 INFO  no build target found for /Users/lorenhung/ucie/scala/build.mill. Using presentation compiler with project's scala-library version: 3.3.7
2026.03.04 15:41:41 INFO  no build target found for /Users/lorenhung/ucie/scala/build.mill. Using presentation compiler with project's scala-library version: 3.3.7
2026.03.04 15:41:40 INFO  no build target found for /Users/lorenhung/ucie/scala/build.mill. Using presentation compiler with project's scala-library version: 3.3.7
2026.03.04 15:41:41 INFO  no build target found for /Users/lorenhung/ucie/scala/build.mill. Using presentation compiler with project's scala-library version: 3.3.7
2026.03.04 15:41:41 INFO  no build target found for /Users/lorenhung/ucie/scala/build.mill. Using presentation compiler with project's scala-library version: 3.3.7
2026.03.04 15:41:42 WARN  no build target for: /Users/lorenhung/ucie/scala/build.mill
2026.03.04 15:41:42 INFO  no build target found for /Users/lorenhung/ucie/scala/build.mill. Using presentation compiler with project's scala-library version: 3.3.7
2026.03.04 15:41:43 INFO  no build target found for /Users/lorenhung/ucie/scala/build.mill. Using presentation compiler with project's scala-library version: 3.3.7
2026.03.04 15:41:43 INFO  no build target found for /Users/lorenhung/ucie/scala/build.mill. Using presentation compiler with project's scala-library version: 3.3.7
2026.03.04 15:41:52 INFO  no build target found for /Users/lorenhung/ucie/scala/build.mill. Using presentation compiler with project's scala-library version: 3.3.7
2026.03.04 15:41:53 INFO  no build target found for /Users/lorenhung/ucie/scala/build.mill. Using presentation compiler with project's scala-library version: 3.3.7
2026.03.04 15:41:53 INFO  no build target found for /Users/lorenhung/ucie/scala/build.mill. Using presentation compiler with project's scala-library version: 3.3.7
2026.03.04 15:41:52 INFO  no build target found for /Users/lorenhung/ucie/scala/build.mill. Using presentation compiler with project's scala-library version: 3.3.7
2026.03.04 15:41:53 INFO  no build target found for /Users/lorenhung/ucie/scala/build.mill. Using presentation compiler with project's scala-library version: 3.3.7
2026.03.04 15:41:53 INFO  no build target found for /Users/lorenhung/ucie/scala/build.mill. Using presentation compiler with project's scala-library version: 3.3.7
2026.03.04 15:41:52 INFO  no build target found for /Users/lorenhung/ucie/scala/build.mill. Using presentation compiler with project's scala-library version: 3.3.7
2026.03.04 15:41:54 INFO  no build target found for /Users/lorenhung/ucie/scala/build.mill. Using presentation compiler with project's scala-library version: 3.3.7
2026.03.04 15:41:53 INFO  no build target found for /Users/lorenhung/ucie/scala/build.mill. Using presentation compiler with project's scala-library version: 3.3.7
2026.03.04 15:41:54 WARN  no build target for: /Users/lorenhung/ucie/scala/build.mill
2026.03.04 15:41:54 INFO  no build target found for /Users/lorenhung/ucie/scala/build.mill. Using presentation compiler with project's scala-library version: 3.3.7
2026.03.04 15:41:56 INFO  no build target found for /Users/lorenhung/ucie/scala/build.mill. Using presentation compiler with project's scala-library version: 3.3.7
2026.03.04 15:41:56 INFO  no build target found for /Users/lorenhung/ucie/scala/build.mill. Using presentation compiler with project's scala-library version: 3.3.7
2026.03.04 15:41:56 INFO  no build target found for /Users/lorenhung/ucie/scala/build.mill. Using presentation compiler with project's scala-library version: 3.3.7
2026.03.04 15:41:56 WARN  no build target for: /Users/lorenhung/ucie/scala/build.mill
2026.03.04 15:41:57 INFO  no build target found for /Users/lorenhung/ucie/scala/build.mill. Using presentation compiler with project's scala-library version: 3.3.7
2026.03.04 15:41:57 INFO  no build target found for /Users/lorenhung/ucie/scala/build.mill. Using presentation compiler with project's scala-library version: 3.3.7
2026.03.04 15:41:57 INFO  no build target found for /Users/lorenhung/ucie/scala/build.mill. Using presentation compiler with project's scala-library version: 3.3.7
2026.03.04 15:41:57 INFO  no build target found for /Users/lorenhung/ucie/scala/build.mill. Using presentation compiler with project's scala-library version: 3.3.7
2026.03.04 15:41:58 WARN  no build target for: /Users/lorenhung/ucie/scala/build.mill
2026.03.04 15:41:58 INFO  no build target found for /Users/lorenhung/ucie/scala/build.mill. Using presentation compiler with project's scala-library version: 3.3.7
2026.03.04 15:42:19 INFO  no build target found for /Users/lorenhung/ucie/scala/build.mill. Using presentation compiler with project's scala-library version: 3.3.7
2026.03.04 15:42:19 INFO  no build target found for /Users/lorenhung/ucie/scala/build.mill. Using presentation compiler with project's scala-library version: 3.3.7
2026.03.04 15:42:19 INFO  no build target found for /Users/lorenhung/ucie/scala/build.mill. Using presentation compiler with project's scala-library version: 3.3.7
2026.03.04 15:42:19 INFO  no build target found for /Users/lorenhung/ucie/scala/build.mill. Using presentation compiler with project's scala-library version: 3.3.7
2026.03.04 15:42:21 INFO  no build target found for /Users/lorenhung/ucie/scala/build.mill. Using presentation compiler with project's scala-library version: 3.3.7
2026.03.04 15:42:21 INFO  no build target found for /Users/lorenhung/ucie/scala/build.mill. Using presentation compiler with project's scala-library version: 3.3.7
2026.03.04 15:42:21 INFO  no build target found for /Users/lorenhung/ucie/scala/build.mill. Using presentation compiler with project's scala-library version: 3.3.7
2026.03.04 15:42:21 INFO  no build target found for /Users/lorenhung/ucie/scala/build.mill. Using presentation compiler with project's scala-library version: 3.3.7
2026.03.04 15:42:22 WARN  no build target for: /Users/lorenhung/ucie/scala/build.mill
2026.03.04 15:42:22 INFO  no build target found for /Users/lorenhung/ucie/scala/build.mill. Using presentation compiler with project's scala-library version: 3.3.7
2026.03.04 15:42:23 INFO  no build target found for /Users/lorenhung/ucie/scala/build.mill. Using presentation compiler with project's scala-library version: 3.3.7
2026.03.04 15:42:25 INFO  no build target found for /Users/lorenhung/ucie/scala/build.mill. Using presentation compiler with project's scala-library version: 3.3.7
2026.03.04 15:42:29 INFO  no build target found for /Users/lorenhung/ucie/scala/build.mill. Using presentation compiler with project's scala-library version: 3.3.7
2026.03.04 15:42:29 INFO  no build target found for /Users/lorenhung/ucie/scala/build.mill. Using presentation compiler with project's scala-library version: 3.3.7
2026.03.04 15:42:29 INFO  no build target found for /Users/lorenhung/ucie/scala/build.mill. Using presentation compiler with project's scala-library version: 3.3.7
2026.03.04 15:42:29 INFO  no build target found for /Users/lorenhung/ucie/scala/build.mill. Using presentation compiler with project's scala-library version: 3.3.7
2026.03.04 15:42:29 INFO  no build target found for /Users/lorenhung/ucie/scala/build.mill. Using presentation compiler with project's scala-library version: 3.3.7
2026.03.04 15:42:29 INFO  no build target found for /Users/lorenhung/ucie/scala/build.mill. Using presentation compiler with project's scala-library version: 3.3.7
2026.03.04 15:42:31 INFO  no build target found for /Users/lorenhung/ucie/scala/build.mill. Using presentation compiler with project's scala-library version: 3.3.7
2026.03.04 15:42:31 INFO  no build target found for /Users/lorenhung/ucie/scala/build.mill. Using presentation compiler with project's scala-library version: 3.3.7
2026.03.04 15:42:31 INFO  no build target found for /Users/lorenhung/ucie/scala/build.mill. Using presentation compiler with project's scala-library version: 3.3.7
2026.03.04 15:42:31 INFO  no build target found for /Users/lorenhung/ucie/scala/build.mill. Using presentation compiler with project's scala-library version: 3.3.7
2026.03.04 15:42:31 INFO  no build target found for /Users/lorenhung/ucie/scala/build.mill. Using presentation compiler with project's scala-library version: 3.3.7
2026.03.04 15:42:31 INFO  no build target found for /Users/lorenhung/ucie/scala/build.mill. Using presentation compiler with project's scala-library version: 3.3.7
2026.03.04 15:42:32 WARN  no build target for: /Users/lorenhung/ucie/scala/build.mill
2026.03.04 15:42:32 INFO  no build target found for /Users/lorenhung/ucie/scala/build.mill. Using presentation compiler with project's scala-library version: 3.3.7
2026.03.04 15:42:33 INFO  no build target found for /Users/lorenhung/ucie/scala/build.mill. Using presentation compiler with project's scala-library version: 3.3.7
2026.03.04 15:42:33 INFO  no build target found for /Users/lorenhung/ucie/scala/build.mill. Using presentation compiler with project's scala-library version: 3.3.7
2026.03.04 15:42:33 INFO  no build target found for /Users/lorenhung/ucie/scala/build.mill. Using presentation compiler with project's scala-library version: 3.3.7
2026.03.04 15:42:33 INFO  no build target found for /Users/lorenhung/ucie/scala/build.mill. Using presentation compiler with project's scala-library version: 3.3.7
2026.03.04 15:42:32 INFO  no build target found for /Users/lorenhung/ucie/scala/build.mill. Using presentation compiler with project's scala-library version: 3.3.7
2026.03.04 15:42:33 INFO  no build target found for /Users/lorenhung/ucie/scala/build.mill. Using presentation compiler with project's scala-library version: 3.3.7
2026.03.04 15:42:33 INFO  no build target found for /Users/lorenhung/ucie/scala/build.mill. Using presentation compiler with project's scala-library version: 3.3.7
2026.03.04 15:42:33 INFO  no build target found for /Users/lorenhung/ucie/scala/build.mill. Using presentation compiler with project's scala-library version: 3.3.7
2026.03.04 15:42:33 INFO  no build target found for /Users/lorenhung/ucie/scala/build.mill. Using presentation compiler with project's scala-library version: 3.3.7
2026.03.04 15:42:33 INFO  no build target found for /Users/lorenhung/ucie/scala/build.mill. Using presentation compiler with project's scala-library version: 3.3.7
2026.03.04 15:42:34 INFO  no build target found for /Users/lorenhung/ucie/scala/build.mill. Using presentation compiler with project's scala-library version: 3.3.7
2026.03.04 15:42:34 INFO  no build target found for /Users/lorenhung/ucie/scala/build.mill. Using presentation compiler with project's scala-library version: 3.3.7
2026.03.04 15:42:34 INFO  no build target found for /Users/lorenhung/ucie/scala/build.mill. Using presentation compiler with project's scala-library version: 3.3.7
2026.03.04 15:42:34 INFO  no build target found for /Users/lorenhung/ucie/scala/build.mill. Using presentation compiler with project's scala-library version: 3.3.7
2026.03.04 15:42:34 INFO  no build target found for /Users/lorenhung/ucie/scala/build.mill. Using presentation compiler with project's scala-library version: 3.3.7
2026.03.04 15:42:34 INFO  no build target found for /Users/lorenhung/ucie/scala/build.mill. Using presentation compiler with project's scala-library version: 3.3.7
2026.03.04 15:42:34 INFO  no build target found for /Users/lorenhung/ucie/scala/build.mill. Using presentation compiler with project's scala-library version: 3.3.7
2026.03.04 15:42:34 INFO  no build target found for /Users/lorenhung/ucie/scala/build.mill. Using presentation compiler with project's scala-library version: 3.3.7
2026.03.04 15:42:35 WARN  no build target for: /Users/lorenhung/ucie/scala/build.mill
2026.03.04 15:42:35 INFO  no build target found for /Users/lorenhung/ucie/scala/build.mill. Using presentation compiler with project's scala-library version: 3.3.7
2026.03.04 15:42:50 INFO  no build target found for /Users/lorenhung/ucie/scala/build.mill. Using presentation compiler with project's scala-library version: 3.3.7
2026.03.04 15:42:54 INFO  no build target found for /Users/lorenhung/ucie/scala/build.mill. Using presentation compiler with project's scala-library version: 3.3.7
2026.03.04 15:42:54 INFO  no build target found for /Users/lorenhung/ucie/scala/build.mill. Using presentation compiler with project's scala-library version: 3.3.7
2026.03.04 15:42:54 INFO  no build target found for /Users/lorenhung/ucie/scala/build.mill. Using presentation compiler with project's scala-library version: 3.3.7
2026.03.04 15:42:54 INFO  no build target found for /Users/lorenhung/ucie/scala/build.mill. Using presentation compiler with project's scala-library version: 3.3.7
2026.03.04 15:42:54 INFO  no build target found for /Users/lorenhung/ucie/scala/build.mill. Using presentation compiler with project's scala-library version: 3.3.7
2026.03.04 15:42:54 INFO  no build target found for /Users/lorenhung/ucie/scala/build.mill. Using presentation compiler with project's scala-library version: 3.3.7
2026.03.04 15:42:55 WARN  no build target for: /Users/lorenhung/ucie/scala/build.mill
2026.03.04 15:42:55 INFO  no build target found for /Users/lorenhung/ucie/scala/build.mill. Using presentation compiler with project's scala-library version: 3.3.7
2026.03.04 15:43:04 INFO  no build target found for /Users/lorenhung/ucie/scala/build.mill. Using presentation compiler with project's scala-library version: 3.3.7
2026.03.04 15:43:05 INFO  no build target found for /Users/lorenhung/ucie/scala/build.mill. Using presentation compiler with project's scala-library version: 3.3.7
2026.03.04 15:43:09 INFO  no build target found for /Users/lorenhung/ucie/scala/build.mill. Using presentation compiler with project's scala-library version: 3.3.7
2026.03.04 15:43:09 INFO  no build target found for /Users/lorenhung/ucie/scala/build.mill. Using presentation compiler with project's scala-library version: 3.3.7
2026.03.04 15:43:09 INFO  no build target found for /Users/lorenhung/ucie/scala/build.mill. Using presentation compiler with project's scala-library version: 3.3.7
2026.03.04 15:43:10 WARN  no build target for: /Users/lorenhung/ucie/scala/build.mill
2026.03.04 15:43:10 INFO  no build target found for /Users/lorenhung/ucie/scala/build.mill. Using presentation compiler with project's scala-library version: 3.3.7
2026.03.04 15:43:20 INFO  no build target found for /Users/lorenhung/ucie/scala/build.mill. Using presentation compiler with project's scala-library version: 3.3.7
2026.03.04 15:43:21 INFO  no build target found for /Users/lorenhung/ucie/scala/build.mill. Using presentation compiler with project's scala-library version: 3.3.7
2026.03.04 15:43:21 INFO  no build target found for /Users/lorenhung/ucie/scala/build.mill. Using presentation compiler with project's scala-library version: 3.3.7
2026.03.04 15:43:20 INFO  no build target found for /Users/lorenhung/ucie/scala/build.mill. Using presentation compiler with project's scala-library version: 3.3.7
2026.03.04 15:43:21 INFO  no build target found for /Users/lorenhung/ucie/scala/build.mill. Using presentation compiler with project's scala-library version: 3.3.7
2026.03.04 15:43:21 INFO  no build target found for /Users/lorenhung/ucie/scala/build.mill. Using presentation compiler with project's scala-library version: 3.3.7
2026.03.04 15:43:22 INFO  no build target found for /Users/lorenhung/ucie/scala/build.mill. Using presentation compiler with project's scala-library version: 3.3.7
2026.03.04 15:43:21 WARN  no build target for: /Users/lorenhung/ucie/scala/build.mill
2026.03.04 15:43:21 INFO  no build target found for /Users/lorenhung/ucie/scala/build.mill. Using presentation compiler with project's scala-library version: 3.3.7
2026.03.04 15:43:22 INFO  no build target found for /Users/lorenhung/ucie/scala/build.mill. Using presentation compiler with project's scala-library version: 3.3.7
2026.03.04 15:43:22 INFO  no build target found for /Users/lorenhung/ucie/scala/build.mill. Using presentation compiler with project's scala-library version: 3.3.7
2026.03.04 15:43:23 INFO  no build target found for /Users/lorenhung/ucie/scala/build.mill. Using presentation compiler with project's scala-library version: 3.3.7
2026.03.04 15:43:23 INFO  no build target found for /Users/lorenhung/ucie/scala/build.mill. Using presentation compiler with project's scala-library version: 3.3.7
2026.03.04 15:43:23 INFO  no build target found for /Users/lorenhung/ucie/scala/build.mill. Using presentation compiler with project's scala-library version: 3.3.7
2026.03.04 15:43:23 INFO  no build target found for /Users/lorenhung/ucie/scala/build.mill. Using presentation compiler with project's scala-library version: 3.3.7
2026.03.04 15:43:23 INFO  no build target found for /Users/lorenhung/ucie/scala/build.mill. Using presentation compiler with project's scala-library version: 3.3.7
2026.03.04 15:43:23 INFO  no build target found for /Users/lorenhung/ucie/scala/build.mill. Using presentation compiler with project's scala-library version: 3.3.7
2026.03.04 15:43:23 INFO  no build target found for /Users/lorenhung/ucie/scala/build.mill. Using presentation compiler with project's scala-library version: 3.3.7
2026.03.04 15:43:24 INFO  no build target found for /Users/lorenhung/ucie/scala/build.mill. Using presentation compiler with project's scala-library version: 3.3.7
2026.03.04 15:43:24 INFO  no build target found for /Users/lorenhung/ucie/scala/build.mill. Using presentation compiler with project's scala-library version: 3.3.7
2026.03.04 15:43:24 INFO  no build target found for /Users/lorenhung/ucie/scala/build.mill. Using presentation compiler with project's scala-library version: 3.3.7
2026.03.04 15:43:25 WARN  no build target for: /Users/lorenhung/ucie/scala/build.mill
2026.03.04 15:43:25 INFO  no build target found for /Users/lorenhung/ucie/scala/build.mill. Using presentation compiler with project's scala-library version: 3.3.7
2026.03.04 15:43:24 INFO  no build target found for /Users/lorenhung/ucie/scala/build.mill. Using presentation compiler with project's scala-library version: 3.3.7
2026.03.04 15:43:26 INFO  no build target found for /Users/lorenhung/ucie/scala/build.mill. Using presentation compiler with project's scala-library version: 3.3.7
2026.03.04 15:43:26 INFO  no build target found for /Users/lorenhung/ucie/scala/build.mill. Using presentation compiler with project's scala-library version: 3.3.7
2026.03.04 15:43:26 INFO  no build target found for /Users/lorenhung/ucie/scala/build.mill. Using presentation compiler with project's scala-library version: 3.3.7
2026.03.04 15:43:26 INFO  no build target found for /Users/lorenhung/ucie/scala/build.mill. Using presentation compiler with project's scala-library version: 3.3.7
2026.03.04 15:43:26 INFO  no build target found for /Users/lorenhung/ucie/scala/build.mill. Using presentation compiler with project's scala-library version: 3.3.7
2026.03.04 15:43:26 INFO  no build target found for /Users/lorenhung/ucie/scala/build.mill. Using presentation compiler with project's scala-library version: 3.3.7
2026.03.04 15:43:26 INFO  no build target found for /Users/lorenhung/ucie/scala/build.mill. Using presentation compiler with project's scala-library version: 3.3.7
2026.03.04 15:43:26 INFO  no build target found for /Users/lorenhung/ucie/scala/build.mill. Using presentation compiler with project's scala-library version: 3.3.7
2026.03.04 15:43:27 WARN  no build target for: /Users/lorenhung/ucie/scala/build.mill
2026.03.04 15:43:27 INFO  no build target found for /Users/lorenhung/ucie/scala/build.mill. Using presentation compiler with project's scala-library version: 3.3.7
2026.03.04 15:43:36 INFO  no build target found for /Users/lorenhung/ucie/scala/build.mill. Using presentation compiler with project's scala-library version: 3.3.7
2026.03.04 15:43:36 INFO  no build target found for /Users/lorenhung/ucie/scala/build.mill. Using presentation compiler with project's scala-library version: 3.3.7
2026.03.04 15:43:36 INFO  no build target found for /Users/lorenhung/ucie/scala/build.mill. Using presentation compiler with project's scala-library version: 3.3.7
2026.03.04 15:43:37 WARN  no build target for: /Users/lorenhung/ucie/scala/build.mill
2026.03.04 15:43:37 INFO  no build target found for /Users/lorenhung/ucie/scala/build.mill. Using presentation compiler with project's scala-library version: 3.3.7
2026.03.04 15:43:39 INFO  no build target found for /Users/lorenhung/ucie/scala/build.mill. Using presentation compiler with project's scala-library version: 3.3.7
2026.03.04 15:43:40 INFO  no build target found for /Users/lorenhung/ucie/scala/build.mill. Using presentation compiler with project's scala-library version: 3.3.7
2026.03.04 15:43:40 INFO  no build target found for /Users/lorenhung/ucie/scala/build.mill. Using presentation compiler with project's scala-library version: 3.3.7
2026.03.04 15:43:40 INFO  no build target found for /Users/lorenhung/ucie/scala/build.mill. Using presentation compiler with project's scala-library version: 3.3.7
2026.03.04 15:43:40 INFO  no build target found for /Users/lorenhung/ucie/scala/build.mill. Using presentation compiler with project's scala-library version: 3.3.7
2026.03.04 15:43:40 INFO  no build target found for /Users/lorenhung/ucie/scala/build.mill. Using presentation compiler with project's scala-library version: 3.3.7
2026.03.04 15:43:40 INFO  no build target found for /Users/lorenhung/ucie/scala/build.mill. Using presentation compiler with project's scala-library version: 3.3.7
2026.03.04 15:43:40 INFO  no build target found for /Users/lorenhung/ucie/scala/build.mill. Using presentation compiler with project's scala-library version: 3.3.7
2026.03.04 15:43:42 WARN  no build target for: /Users/lorenhung/ucie/scala/build.mill
2026.03.04 15:43:42 INFO  no build target found for /Users/lorenhung/ucie/scala/build.mill. Using presentation compiler with project's scala-library version: 3.3.7
2026.03.04 15:43:43 INFO  no build target found for /Users/lorenhung/ucie/scala/build.mill. Using presentation compiler with project's scala-library version: 3.3.7
2026.03.04 15:43:43 INFO  no build target found for /Users/lorenhung/ucie/scala/build.mill. Using presentation compiler with project's scala-library version: 3.3.7
2026.03.04 15:43:43 INFO  no build target found for /Users/lorenhung/ucie/scala/build.mill. Using presentation compiler with project's scala-library version: 3.3.7
2026.03.04 15:43:43 INFO  no build target found for /Users/lorenhung/ucie/scala/build.mill. Using presentation compiler with project's scala-library version: 3.3.7
2026.03.04 15:43:44 INFO  no build target found for /Users/lorenhung/ucie/scala/build.mill. Using presentation compiler with project's scala-library version: 3.3.7
2026.03.04 15:43:54 INFO  no build target found for /Users/lorenhung/ucie/scala/build.mill. Using presentation compiler with project's scala-library version: 3.3.7
2026.03.04 15:43:54 INFO  no build target found for /Users/lorenhung/ucie/scala/build.mill. Using presentation compiler with project's scala-library version: 3.3.7
2026.03.04 15:43:54 INFO  Created report: Optional[file:///Users/lorenhung/ucie/scala/build.mill]
2026.03.04 15:43:54 INFO  empty definition using pc, found symbol in pc:  (full report at: "/Users/lorenhung/ucie/.metals/.reports/metals-full/2026-03-04/r_empty-definition_15-43-54-948.md")
2026.03.04 15:43:54 INFO  no build target found for /Users/lorenhung/ucie/scala/build.mill. Using presentation compiler with project's scala-library version: 3.3.7
2026.03.04 15:43:54 INFO  no build target found for /Users/lorenhung/ucie/scala/build.mill. Using presentation compiler with project's scala-library version: 3.3.7
2026.03.04 15:43:54 INFO  no build target found for /Users/lorenhung/ucie/scala/build.mill. Using presentation compiler with project's scala-library version: 3.3.7
2026.03.04 15:43:54 INFO  no build target found for /Users/lorenhung/ucie/scala/build.mill. Using presentation compiler with project's scala-library version: 3.3.7
2026.03.04 15:43:54 INFO  no build target found for /Users/lorenhung/ucie/scala/build.mill. Using presentation compiler with project's scala-library version: 3.3.7
2026.03.04 15:43:56 INFO  no build target found for /Users/lorenhung/ucie/scala/build.mill. Using presentation compiler with project's scala-library version: 3.3.7
2026.03.04 15:43:56 INFO  no build target found for /Users/lorenhung/ucie/scala/build.mill. Using presentation compiler with project's scala-library version: 3.3.7
2026.03.04 15:43:56 INFO  no build target found for /Users/lorenhung/ucie/scala/build.mill. Using presentation compiler with project's scala-library version: 3.3.7
2026.03.04 15:43:57 WARN  no build target for: /Users/lorenhung/ucie/scala/build.mill
2026.03.04 15:43:57 INFO  no build target found for /Users/lorenhung/ucie/scala/build.mill. Using presentation compiler with project's scala-library version: 3.3.7
2026.03.04 15:44:00 WARN  no build target for: /Users/lorenhung/ucie/scala/src/main/scala/d2dadapter/D2DAdapter.scala
2026.03.04 15:44:00 INFO  no build target found for /Users/lorenhung/ucie/scala/src/main/scala/d2dadapter/D2DAdapter.scala. Using presentation compiler with project's scala-library version: 3.3.7
2026.03.04 15:44:00 INFO  no build target found for /Users/lorenhung/ucie/scala/src/main/scala/d2dadapter/D2DAdapter.scala. Using presentation compiler with project's scala-library version: 3.3.7
2026.03.04 15:44:02 INFO  no build target found for /Users/lorenhung/ucie/scala/src/main/scala/d2dadapter/D2DAdapter.scala. Using presentation compiler with project's scala-library version: 3.3.7
2026.03.04 15:44:02 WARN  no build target for: /Users/lorenhung/ucie/scala/src/main/scala/d2dadapter/D2DAdapter.scala
2026.03.04 15:44:02 INFO  no build target found for /Users/lorenhung/ucie/scala/src/main/scala/d2dadapter/D2DAdapter.scala. Using presentation compiler with project's scala-library version: 3.3.7
2026.03.04 15:44:02 INFO  no build target found for /Users/lorenhung/ucie/scala/src/main/scala/d2dadapter/D2DAdapter.scala. Using presentation compiler with project's scala-library version: 3.3.7
2026.03.04 15:44:10 INFO  no build target found for /Users/lorenhung/ucie/scala/src/main/scala/d2dadapter/D2DAdapter.scala. Using presentation compiler with project's scala-library version: 3.3.7
2026.03.04 15:44:10 INFO  no build target found for /Users/lorenhung/ucie/scala/src/main/scala/d2dadapter/D2DAdapter.scala. Using presentation compiler with project's scala-library version: 3.3.7
2026.03.04 15:44:11 INFO  no build target found for /Users/lorenhung/ucie/scala/src/main/scala/d2dadapter/D2DAdapter.scala. Using presentation compiler with project's scala-library version: 3.3.7
2026.03.04 15:44:14 INFO  no build target found for /Users/lorenhung/ucie/scala/src/main/scala/d2dadapter/D2DAdapter.scala. Using presentation compiler with project's scala-library version: 3.3.7
2026.03.04 15:44:19 INFO  no build target found for /Users/lorenhung/ucie/scala/src/main/scala/d2dadapter/D2DAdapter.scala. Using presentation compiler with project's scala-library version: 3.3.7
2026.03.04 15:44:19 INFO  no build target found for /Users/lorenhung/ucie/scala/src/main/scala/d2dadapter/D2DAdapter.scala. Using presentation compiler with project's scala-library version: 3.3.7
2026.03.04 15:44:19 INFO  no build target found for /Users/lorenhung/ucie/scala/src/main/scala/d2dadapter/D2DAdapter.scala. Using presentation compiler with project's scala-library version: 3.3.7
2026.03.04 15:44:19 INFO  no build target found for /Users/lorenhung/ucie/scala/src/main/scala/d2dadapter/D2DAdapter.scala. Using presentation compiler with project's scala-library version: 3.3.7
2026.03.04 15:44:19 INFO  no build target found for /Users/lorenhung/ucie/scala/src/main/scala/d2dadapter/D2DAdapter.scala. Using presentation compiler with project's scala-library version: 3.3.7
2026.03.04 15:44:20 INFO  no build target found for /Users/lorenhung/ucie/scala/src/main/scala/d2dadapter/D2DAdapter.scala. Using presentation compiler with project's scala-library version: 3.3.7
2026.03.04 15:44:20 INFO  no build target found for /Users/lorenhung/ucie/scala/src/main/scala/d2dadapter/D2DAdapter.scala. Using presentation compiler with project's scala-library version: 3.3.7
2026.03.04 15:44:20 INFO  no build target found for /Users/lorenhung/ucie/scala/src/main/scala/d2dadapter/D2DAdapter.scala. Using presentation compiler with project's scala-library version: 3.3.7
2026.03.04 15:44:20 INFO  no build target found for /Users/lorenhung/ucie/scala/src/main/scala/d2dadapter/D2DAdapter.scala. Using presentation compiler with project's scala-library version: 3.3.7
2026.03.04 15:44:20 INFO  no build target found for /Users/lorenhung/ucie/scala/src/main/scala/d2dadapter/D2DAdapter.scala. Using presentation compiler with project's scala-library version: 3.3.7
2026.03.04 15:44:20 INFO  no build target found for /Users/lorenhung/ucie/scala/src/main/scala/d2dadapter/D2DAdapter.scala. Using presentation compiler with project's scala-library version: 3.3.7
2026.03.04 15:44:20 INFO  no build target found for /Users/lorenhung/ucie/scala/src/main/scala/d2dadapter/D2DAdapter.scala. Using presentation compiler with project's scala-library version: 3.3.7
2026.03.04 15:44:20 INFO  no build target found for /Users/lorenhung/ucie/scala/src/main/scala/d2dadapter/D2DAdapter.scala. Using presentation compiler with project's scala-library version: 3.3.7
2026.03.04 15:44:20 INFO  no build target found for /Users/lorenhung/ucie/scala/src/main/scala/d2dadapter/D2DAdapter.scala. Using presentation compiler with project's scala-library version: 3.3.7
2026.03.04 15:44:20 INFO  no build target found for /Users/lorenhung/ucie/scala/src/main/scala/d2dadapter/D2DAdapter.scala. Using presentation compiler with project's scala-library version: 3.3.7
2026.03.04 15:44:20 INFO  no build target found for /Users/lorenhung/ucie/scala/src/main/scala/d2dadapter/D2DAdapter.scala. Using presentation compiler with project's scala-library version: 3.3.7
2026.03.04 15:44:20 INFO  no build target found for /Users/lorenhung/ucie/scala/src/main/scala/d2dadapter/D2DAdapter.scala. Using presentation compiler with project's scala-library version: 3.3.7
2026.03.04 15:44:20 INFO  no build target found for /Users/lorenhung/ucie/scala/src/main/scala/d2dadapter/D2DAdapter.scala. Using presentation compiler with project's scala-library version: 3.3.7
2026.03.04 15:44:20 INFO  no build target found for /Users/lorenhung/ucie/scala/src/main/scala/d2dadapter/D2DAdapter.scala. Using presentation compiler with project's scala-library version: 3.3.7
2026.03.04 15:44:22 WARN  no build target for: /Users/lorenhung/ucie/scala/src/main/scala/d2dadapter/D2DAdapter.scala
2026.03.04 15:44:22 INFO  Created report: Optional[file:///Users/lorenhung/ucie/file:/Users/lorenhung/ucie/scala/src/main/scala/d2dadapter/D2DAdapter.scala]
2026.03.04 15:44:22 INFO  expected identifier; obtained class (full report at: "/Users/lorenhung/ucie/.metals/.reports/metals/2026-03-04/r_scala-toplevel-mtags_15-44-22-083.md")
2026.03.04 15:44:22 INFO  no build target found for /Users/lorenhung/ucie/scala/src/main/scala/d2dadapter/D2DAdapter.scala. Using presentation compiler with project's scala-library version: 3.3.7
2026.03.04 15:44:22 INFO  no build target found for /Users/lorenhung/ucie/scala/src/main/scala/d2dadapter/D2DAdapter.scala. Using presentation compiler with project's scala-library version: 3.3.7
2026.03.04 15:44:22 INFO  no build target found for /Users/lorenhung/ucie/scala/src/main/scala/d2dadapter/D2DAdapter.scala. Using presentation compiler with project's scala-library version: 3.3.7
2026.03.04 15:44:22 INFO  no build target found for /Users/lorenhung/ucie/scala/src/main/scala/d2dadapter/D2DAdapter.scala. Using presentation compiler with project's scala-library version: 3.3.7
2026.03.04 15:44:22 INFO  no build target found for /Users/lorenhung/ucie/scala/src/main/scala/d2dadapter/D2DAdapter.scala. Using presentation compiler with project's scala-library version: 3.3.7
2026.03.04 15:44:22 INFO  no build target found for /Users/lorenhung/ucie/scala/src/main/scala/d2dadapter/D2DAdapter.scala. Using presentation compiler with project's scala-library version: 3.3.7
2026.03.04 15:44:22 INFO  no build target found for /Users/lorenhung/ucie/scala/src/main/scala/d2dadapter/D2DAdapter.scala. Using presentation compiler with project's scala-library version: 3.3.7
2026.03.04 15:44:22 INFO  no build target found for /Users/lorenhung/ucie/scala/src/main/scala/d2dadapter/D2DAdapter.scala. Using presentation compiler with project's scala-library version: 3.3.7
2026.03.04 15:44:22 INFO  no build target found for /Users/lorenhung/ucie/scala/src/main/scala/d2dadapter/D2DAdapter.scala. Using presentation compiler with project's scala-library version: 3.3.7
2026.03.04 15:44:23 INFO  no build target found for /Users/lorenhung/ucie/scala/src/main/scala/d2dadapter/D2DAdapter.scala. Using presentation compiler with project's scala-library version: 3.3.7
2026.03.04 15:44:22 INFO  no build target found for /Users/lorenhung/ucie/scala/src/main/scala/d2dadapter/D2DAdapter.scala. Using presentation compiler with project's scala-library version: 3.3.7
2026.03.04 15:44:22 INFO  no build target found for /Users/lorenhung/ucie/scala/src/main/scala/d2dadapter/D2DAdapter.scala. Using presentation compiler with project's scala-library version: 3.3.7
2026.03.04 15:44:22 INFO  no build target found for /Users/lorenhung/ucie/scala/src/main/scala/d2dadapter/D2DAdapter.scala. Using presentation compiler with project's scala-library version: 3.3.7
2026.03.04 15:44:23 INFO  no build target found for /Users/lorenhung/ucie/scala/src/main/scala/d2dadapter/D2DAdapter.scala. Using presentation compiler with project's scala-library version: 3.3.7
2026.03.04 15:44:23 INFO  no build target found for /Users/lorenhung/ucie/scala/src/main/scala/d2dadapter/D2DAdapter.scala. Using presentation compiler with project's scala-library version: 3.3.7
2026.03.04 15:44:23 INFO  no build target found for /Users/lorenhung/ucie/scala/src/main/scala/d2dadapter/D2DAdapter.scala. Using presentation compiler with project's scala-library version: 3.3.7
2026.03.04 15:44:23 INFO  no build target found for /Users/lorenhung/ucie/scala/src/main/scala/d2dadapter/D2DAdapter.scala. Using presentation compiler with project's scala-library version: 3.3.7
2026.03.04 15:44:23 INFO  no build target found for /Users/lorenhung/ucie/scala/src/main/scala/d2dadapter/D2DAdapter.scala. Using presentation compiler with project's scala-library version: 3.3.7
2026.03.04 15:44:23 INFO  no build target found for /Users/lorenhung/ucie/scala/src/main/scala/d2dadapter/D2DAdapter.scala. Using presentation compiler with project's scala-library version: 3.3.7
2026.03.04 15:44:23 INFO  no build target found for /Users/lorenhung/ucie/scala/src/main/scala/d2dadapter/D2DAdapter.scala. Using presentation compiler with project's scala-library version: 3.3.7
2026.03.04 15:44:24 INFO  no build target found for /Users/lorenhung/ucie/scala/src/main/scala/d2dadapter/D2DAdapter.scala. Using presentation compiler with project's scala-library version: 3.3.7
2026.03.04 15:44:24 INFO  no build target found for /Users/lorenhung/ucie/scala/src/main/scala/d2dadapter/D2DAdapter.scala. Using presentation compiler with project's scala-library version: 3.3.7
2026.03.04 15:44:24 INFO  no build target found for /Users/lorenhung/ucie/scala/src/main/scala/d2dadapter/D2DAdapter.scala. Using presentation compiler with project's scala-library version: 3.3.7
2026.03.04 15:44:24 INFO  no build target found for /Users/lorenhung/ucie/scala/src/main/scala/d2dadapter/D2DAdapter.scala. Using presentation compiler with project's scala-library version: 3.3.7
2026.03.04 15:44:24 INFO  no build target found for /Users/lorenhung/ucie/scala/src/main/scala/d2dadapter/D2DAdapter.scala. Using presentation compiler with project's scala-library version: 3.3.7
2026.03.04 15:44:24 INFO  no build target found for /Users/lorenhung/ucie/scala/src/main/scala/d2dadapter/D2DAdapter.scala. Using presentation compiler with project's scala-library version: 3.3.7
2026.03.04 15:44:24 INFO  no build target found for /Users/lorenhung/ucie/scala/src/main/scala/d2dadapter/D2DAdapter.scala. Using presentation compiler with project's scala-library version: 3.3.7
2026.03.04 15:44:24 INFO  no build target found for /Users/lorenhung/ucie/scala/src/main/scala/d2dadapter/D2DAdapter.scala. Using presentation compiler with project's scala-library version: 3.3.7
2026.03.04 15:44:25 INFO  no build target found for /Users/lorenhung/ucie/scala/src/main/scala/d2dadapter/D2DAdapter.scala. Using presentation compiler with project's scala-library version: 3.3.7
2026.03.04 15:44:24 INFO  no build target found for /Users/lorenhung/ucie/scala/src/main/scala/d2dadapter/D2DAdapter.scala. Using presentation compiler with project's scala-library version: 3.3.7
2026.03.04 15:44:24 INFO  no build target found for /Users/lorenhung/ucie/scala/src/main/scala/d2dadapter/D2DAdapter.scala. Using presentation compiler with project's scala-library version: 3.3.7
2026.03.04 15:44:24 INFO  no build target found for /Users/lorenhung/ucie/scala/src/main/scala/d2dadapter/D2DAdapter.scala. Using presentation compiler with project's scala-library version: 3.3.7
2026.03.04 15:44:25 INFO  no build target found for /Users/lorenhung/ucie/scala/src/main/scala/d2dadapter/D2DAdapter.scala. Using presentation compiler with project's scala-library version: 3.3.7
2026.03.04 15:44:25 INFO  no build target found for /Users/lorenhung/ucie/scala/src/main/scala/d2dadapter/D2DAdapter.scala. Using presentation compiler with project's scala-library version: 3.3.7
2026.03.04 15:44:25 INFO  no build target found for /Users/lorenhung/ucie/scala/src/main/scala/d2dadapter/D2DAdapter.scala. Using presentation compiler with project's scala-library version: 3.3.7
2026.03.04 15:44:25 INFO  no build target found for /Users/lorenhung/ucie/scala/src/main/scala/d2dadapter/D2DAdapter.scala. Using presentation compiler with project's scala-library version: 3.3.7
2026.03.04 15:44:25 INFO  no build target found for /Users/lorenhung/ucie/scala/src/main/scala/d2dadapter/D2DAdapter.scala. Using presentation compiler with project's scala-library version: 3.3.7
2026.03.04 15:44:25 INFO  no build target found for /Users/lorenhung/ucie/scala/src/main/scala/d2dadapter/D2DAdapter.scala. Using presentation compiler with project's scala-library version: 3.3.7
2026.03.04 15:44:25 INFO  no build target found for /Users/lorenhung/ucie/scala/src/main/scala/d2dadapter/D2DAdapter.scala. Using presentation compiler with project's scala-library version: 3.3.7
2026.03.04 15:44:25 INFO  no build target found for /Users/lorenhung/ucie/scala/src/main/scala/d2dadapter/D2DAdapter.scala. Using presentation compiler with project's scala-library version: 3.3.7
2026.03.04 15:44:25 INFO  no build target found for /Users/lorenhung/ucie/scala/src/main/scala/d2dadapter/D2DAdapter.scala. Using presentation compiler with project's scala-library version: 3.3.7
2026.03.04 15:44:25 INFO  no build target found for /Users/lorenhung/ucie/scala/src/main/scala/d2dadapter/D2DAdapter.scala. Using presentation compiler with project's scala-library version: 3.3.7
2026.03.04 15:44:26 INFO  no build target found for /Users/lorenhung/ucie/scala/src/main/scala/d2dadapter/D2DAdapter.scala. Using presentation compiler with project's scala-library version: 3.3.7
2026.03.04 15:44:27 INFO  no build target found for /Users/lorenhung/ucie/scala/src/main/scala/d2dadapter/D2DAdapter.scala. Using presentation compiler with project's scala-library version: 3.3.7
2026.03.04 15:44:27 INFO  no build target found for /Users/lorenhung/ucie/scala/src/main/scala/d2dadapter/D2DAdapter.scala. Using presentation compiler with project's scala-library version: 3.3.7
2026.03.04 15:44:27 INFO  no build target found for /Users/lorenhung/ucie/scala/src/main/scala/d2dadapter/D2DAdapter.scala. Using presentation compiler with project's scala-library version: 3.3.7
2026.03.04 15:44:27 INFO  no build target found for /Users/lorenhung/ucie/scala/src/main/scala/d2dadapter/D2DAdapter.scala. Using presentation compiler with project's scala-library version: 3.3.7
2026.03.04 15:44:27 INFO  no build target found for /Users/lorenhung/ucie/scala/src/main/scala/d2dadapter/D2DAdapter.scala. Using presentation compiler with project's scala-library version: 3.3.7
2026.03.04 15:44:27 INFO  no build target found for /Users/lorenhung/ucie/scala/src/main/scala/d2dadapter/D2DAdapter.scala. Using presentation compiler with project's scala-library version: 3.3.7
2026.03.04 15:44:27 INFO  no build target found for /Users/lorenhung/ucie/scala/src/main/scala/d2dadapter/D2DAdapter.scala. Using presentation compiler with project's scala-library version: 3.3.7
2026.03.04 15:44:27 INFO  no build target found for /Users/lorenhung/ucie/scala/src/main/scala/d2dadapter/D2DAdapter.scala. Using presentation compiler with project's scala-library version: 3.3.7
2026.03.04 15:44:27 INFO  no build target found for /Users/lorenhung/ucie/scala/src/main/scala/d2dadapter/D2DAdapter.scala. Using presentation compiler with project's scala-library version: 3.3.7
2026.03.04 15:44:27 INFO  no build target found for /Users/lorenhung/ucie/scala/src/main/scala/d2dadapter/D2DAdapter.scala. Using presentation compiler with project's scala-library version: 3.3.7
2026.03.04 15:44:27 INFO  no build target found for /Users/lorenhung/ucie/scala/src/main/scala/d2dadapter/D2DAdapter.scala. Using presentation compiler with project's scala-library version: 3.3.7
2026.03.04 15:44:27 INFO  no build target found for /Users/lorenhung/ucie/scala/src/main/scala/d2dadapter/D2DAdapter.scala. Using presentation compiler with project's scala-library version: 3.3.7
2026.03.04 15:44:29 WARN  no build target for: /Users/lorenhung/ucie/scala/src/main/scala/d2dadapter/D2DAdapter.scala
2026.03.04 15:44:29 INFO  no build target found for /Users/lorenhung/ucie/scala/src/main/scala/d2dadapter/D2DAdapter.scala. Using presentation compiler with project's scala-library version: 3.3.7
2026.03.04 15:44:29 INFO  no build target found for /Users/lorenhung/ucie/scala/src/main/scala/d2dadapter/D2DAdapter.scala. Using presentation compiler with project's scala-library version: 3.3.7
2026.03.04 15:44:29 INFO  no build target found for /Users/lorenhung/ucie/scala/src/main/scala/d2dadapter/D2DAdapter.scala. Using presentation compiler with project's scala-library version: 3.3.7
2026.03.04 15:44:29 INFO  no build target found for /Users/lorenhung/ucie/scala/src/main/scala/d2dadapter/D2DAdapter.scala. Using presentation compiler with project's scala-library version: 3.3.7
2026.03.04 15:44:30 WARN  no build target for: /Users/lorenhung/ucie/scala/src/main/scala/d2dadapter/D2DAdapter.scala
2026.03.04 15:44:30 INFO  no build target found for /Users/lorenhung/ucie/scala/src/main/scala/d2dadapter/D2DAdapter.scala. Using presentation compiler with project's scala-library version: 3.3.7
2026.03.04 15:44:41 INFO  no build target found for /Users/lorenhung/ucie/scala/src/main/scala/d2dadapter/D2DAdapter.scala. Using presentation compiler with project's scala-library version: 3.3.7
2026.03.04 15:44:41 INFO  no build target found for /Users/lorenhung/ucie/scala/src/main/scala/d2dadapter/D2DAdapter.scala. Using presentation compiler with project's scala-library version: 3.3.7
2026.03.04 15:44:41 INFO  no build target found for /Users/lorenhung/ucie/scala/src/main/scala/d2dadapter/D2DAdapter.scala. Using presentation compiler with project's scala-library version: 3.3.7
2026.03.04 15:44:42 WARN  no build target for: /Users/lorenhung/ucie/scala/src/main/scala/d2dadapter/D2DAdapter.scala
2026.03.04 15:44:42 INFO  no build target found for /Users/lorenhung/ucie/scala/src/main/scala/d2dadapter/D2DAdapter.scala. Using presentation compiler with project's scala-library version: 3.3.7
2026.03.04 15:44:44 INFO  no build target found for /Users/lorenhung/ucie/scala/src/main/scala/d2dadapter/D2DAdapter.scala. Using presentation compiler with project's scala-library version: 3.3.7
2026.03.04 15:44:47 INFO  no build target found for /Users/lorenhung/ucie/scala/src/main/scala/d2dadapter/D2DAdapter.scala. Using presentation compiler with project's scala-library version: 3.3.7
2026.03.04 15:44:47 INFO  no build target found for /Users/lorenhung/ucie/scala/src/main/scala/d2dadapter/D2DAdapter.scala. Using presentation compiler with project's scala-library version: 3.3.7
2026.03.04 15:44:47 INFO  no build target found for /Users/lorenhung/ucie/scala/src/main/scala/d2dadapter/D2DAdapter.scala. Using presentation compiler with project's scala-library version: 3.3.7
2026.03.04 15:44:47 WARN  no build target for: /Users/lorenhung/ucie/scala/src/main/scala/d2dadapter/D2DAdapter.scala
2026.03.04 15:44:48 INFO  no build target found for /Users/lorenhung/ucie/scala/src/main/scala/d2dadapter/D2DAdapter.scala. Using presentation compiler with project's scala-library version: 3.3.7
2026.03.04 15:44:51 INFO  no build target found for /Users/lorenhung/ucie/scala/src/main/scala/d2dadapter/D2DAdapter.scala. Using presentation compiler with project's scala-library version: 3.3.7
2026.03.04 15:44:51 INFO  no build target found for /Users/lorenhung/ucie/scala/src/main/scala/d2dadapter/D2DAdapter.scala. Using presentation compiler with project's scala-library version: 3.3.7
2026.03.04 15:44:51 INFO  no build target found for /Users/lorenhung/ucie/scala/src/main/scala/d2dadapter/D2DAdapter.scala. Using presentation compiler with project's scala-library version: 3.3.7
2026.03.04 15:44:51 WARN  no build target for: /Users/lorenhung/ucie/scala/src/main/scala/d2dadapter/D2DAdapter.scala
2026.03.04 15:44:51 INFO  no build target found for /Users/lorenhung/ucie/scala/src/main/scala/d2dadapter/D2DAdapter.scala. Using presentation compiler with project's scala-library version: 3.3.7
2026.03.04 15:44:57 INFO  no build target found for /Users/lorenhung/ucie/scala/src/main/scala/d2dadapter/D2DAdapter.scala. Using presentation compiler with project's scala-library version: 3.3.7
2026.03.04 15:44:57 INFO  no build target found for /Users/lorenhung/ucie/scala/src/main/scala/d2dadapter/D2DAdapter.scala. Using presentation compiler with project's scala-library version: 3.3.7
2026.03.04 15:44:57 INFO  no build target found for /Users/lorenhung/ucie/scala/src/main/scala/d2dadapter/D2DAdapter.scala. Using presentation compiler with project's scala-library version: 3.3.7
2026.03.04 15:44:58 WARN  no build target for: /Users/lorenhung/ucie/scala/src/main/scala/d2dadapter/D2DAdapter.scala
2026.03.04 15:44:58 INFO  no build target found for /Users/lorenhung/ucie/scala/src/main/scala/d2dadapter/D2DAdapter.scala. Using presentation compiler with project's scala-library version: 3.3.7
2026.03.04 15:45:04 INFO  no build target found for /Users/lorenhung/ucie/scala/src/main/scala/d2dadapter/D2DAdapter.scala. Using presentation compiler with project's scala-library version: 3.3.7
2026.03.04 15:45:04 INFO  no build target found for /Users/lorenhung/ucie/scala/src/main/scala/d2dadapter/D2DAdapter.scala. Using presentation compiler with project's scala-library version: 3.3.7
2026.03.04 15:45:04 INFO  no build target found for /Users/lorenhung/ucie/scala/src/main/scala/d2dadapter/D2DAdapter.scala. Using presentation compiler with project's scala-library version: 3.3.7
2026.03.04 15:45:05 WARN  no build target for: /Users/lorenhung/ucie/scala/src/main/scala/d2dadapter/D2DAdapter.scala
2026.03.04 15:45:05 INFO  no build target found for /Users/lorenhung/ucie/scala/src/main/scala/d2dadapter/D2DAdapter.scala. Using presentation compiler with project's scala-library version: 3.3.7
2026.03.04 15:45:52 WARN  no build target for: /Users/lorenhung/ucie/scala/build.mill
2026.03.04 15:45:52 INFO  no build target found for /Users/lorenhung/ucie/scala/build.mill. Using presentation compiler with project's scala-library version: 3.3.7
2026.03.04 15:45:53 INFO  no build target found for /Users/lorenhung/ucie/scala/build.mill. Using presentation compiler with project's scala-library version: 3.3.7
2026.03.04 15:45:53 INFO  no build target found for /Users/lorenhung/ucie/scala/build.mill. Using presentation compiler with project's scala-library version: 3.3.7
2026.03.04 15:45:53 INFO  no build target found for /Users/lorenhung/ucie/scala/build.mill. Using presentation compiler with project's scala-library version: 3.3.7
2026.03.04 15:45:53 INFO  no build target found for /Users/lorenhung/ucie/scala/build.mill. Using presentation compiler with project's scala-library version: 3.3.7
2026.03.04 15:45:54 INFO  no build target found for /Users/lorenhung/ucie/scala/build.mill. Using presentation compiler with project's scala-library version: 3.3.7
2026.03.04 15:45:54 INFO  no build target found for /Users/lorenhung/ucie/scala/build.mill. Using presentation compiler with project's scala-library version: 3.3.7
2026.03.04 15:45:54 INFO  no build target found for /Users/lorenhung/ucie/scala/build.mill. Using presentation compiler with project's scala-library version: 3.3.7
2026.03.04 15:45:54 INFO  no build target found for /Users/lorenhung/ucie/scala/build.mill. Using presentation compiler with project's scala-library version: 3.3.7
2026.03.04 15:45:54 INFO  no build target found for /Users/lorenhung/ucie/scala/build.mill. Using presentation compiler with project's scala-library version: 3.3.7
2026.03.04 15:45:54 INFO  no build target found for /Users/lorenhung/ucie/scala/build.mill. Using presentation compiler with project's scala-library version: 3.3.7
2026.03.04 15:45:55 WARN  no build target for: /Users/lorenhung/ucie/scala/build.mill
2026.03.04 15:45:55 INFO  no build target found for /Users/lorenhung/ucie/scala/build.mill. Using presentation compiler with project's scala-library version: 3.3.7
2026.03.04 15:45:55 INFO  no build target found for /Users/lorenhung/ucie/scala/build.mill. Using presentation compiler with project's scala-library version: 3.3.7
2026.03.04 15:45:55 INFO  no build target found for /Users/lorenhung/ucie/scala/build.mill. Using presentation compiler with project's scala-library version: 3.3.7
2026.03.04 15:45:57 INFO  no build target found for /Users/lorenhung/ucie/scala/build.mill. Using presentation compiler with project's scala-library version: 3.3.7
2026.03.04 15:45:57 INFO  no build target found for /Users/lorenhung/ucie/scala/build.mill. Using presentation compiler with project's scala-library version: 3.3.7
2026.03.04 15:45:57 WARN  no build target for: /Users/lorenhung/ucie/scala/build.mill
2026.03.04 15:45:57 INFO  no build target found for /Users/lorenhung/ucie/scala/build.mill. Using presentation compiler with project's scala-library version: 3.3.7
2026.03.04 15:46:40 INFO  no build target found for /Users/lorenhung/ucie/scala/build.sbt. Using presentation compiler with project's scala-library version: 3.3.7
2026.03.04 15:46:40 WARN  no build target for: /Users/lorenhung/ucie/scala/build.sbt
2026.03.04 15:46:40 INFO  no build target found for /Users/lorenhung/ucie/scala/build.sbt. Using presentation compiler with project's scala-library version: 3.3.7
2026.03.04 15:46:41 INFO  no build target found for /Users/lorenhung/ucie/scala/build.sbt. Using presentation compiler with project's scala-library version: 3.3.7
2026.03.04 15:46:42 WARN  no build target for: /Users/lorenhung/ucie/scala/build.mill
2026.03.04 15:46:42 INFO  no build target found for /Users/lorenhung/ucie/scala/build.mill. Using presentation compiler with project's scala-library version: 3.3.7
2026.03.04 15:46:42 INFO  no build target found for /Users/lorenhung/ucie/scala/build.mill. Using presentation compiler with project's scala-library version: 3.3.7
2026.03.04 15:46:44 INFO  no build target found for /Users/lorenhung/ucie/scala/build.sbt. Using presentation compiler with project's scala-library version: 3.3.7
2026.03.04 15:46:44 INFO  no build target found for /Users/lorenhung/ucie/scala/mill-build/src/Deps.scala. Using presentation compiler with project's scala-library version: 3.3.7
2026.03.04 15:46:44 WARN  no build target for: /Users/lorenhung/ucie/scala/mill-build/src/Deps.scala
2026.03.04 15:46:44 INFO  no build target found for /Users/lorenhung/ucie/scala/mill-build/src/Deps.scala. Using presentation compiler with project's scala-library version: 3.3.7
2026.03.04 15:46:44 INFO  no build target found for /Users/lorenhung/ucie/scala/mill-build/src/Deps.scala. Using presentation compiler with project's scala-library version: 3.3.7
2026.03.04 15:46:45 INFO  no build target found for /Users/lorenhung/ucie/scala/mill-build/src/Deps.scala. Using presentation compiler with project's scala-library version: 3.3.7
2026.03.04 15:46:45 INFO  no build target found for /Users/lorenhung/ucie/scala/mill-build/src/Deps.scala. Using presentation compiler with project's scala-library version: 3.3.7
2026.03.04 15:46:46 INFO  no build target found for /Users/lorenhung/ucie/scala/mill-build/src/Deps.scala. Using presentation compiler with project's scala-library version: 3.3.7
2026.03.04 15:46:48 INFO  no build target found for /Users/lorenhung/ucie/scala/mill-build/src/Deps.scala. Using presentation compiler with project's scala-library version: 3.3.7
2026.03.04 15:46:48 INFO  no build target found for /Users/lorenhung/ucie/scala/mill-build/src/Deps.scala. Using presentation compiler with project's scala-library version: 3.3.7
2026.03.04 15:46:48 INFO  no build target found for /Users/lorenhung/ucie/scala/mill-build/src/Deps.scala. Using presentation compiler with project's scala-library version: 3.3.7
2026.03.04 15:46:49 WARN  no build target for: /Users/lorenhung/ucie/scala/mill-build/src/Deps.scala
2026.03.04 15:46:48 INFO  no build target found for /Users/lorenhung/ucie/scala/mill-build/src/Deps.scala. Using presentation compiler with project's scala-library version: 3.3.7
2026.03.04 15:46:57 WARN  no build target for: /Users/lorenhung/ucie/scala/build.mill
2026.03.04 15:46:57 INFO  no build target found for /Users/lorenhung/ucie/scala/build.mill. Using presentation compiler with project's scala-library version: 3.3.7
2026.03.04 15:46:57 INFO  no build target found for /Users/lorenhung/ucie/scala/build.mill. Using presentation compiler with project's scala-library version: 3.3.7
2026.03.04 15:47:00 INFO  no build target found for /Users/lorenhung/ucie/scala/build.mill. Using presentation compiler with project's scala-library version: 3.3.7
2026.03.04 15:47:00 INFO  no build target found for /Users/lorenhung/ucie/scala/build.mill. Using presentation compiler with project's scala-library version: 3.3.7
2026.03.04 15:47:00 INFO  no build target found for /Users/lorenhung/ucie/scala/build.mill. Using presentation compiler with project's scala-library version: 3.3.7
2026.03.04 15:47:01 INFO  no build target found for /Users/lorenhung/ucie/scala/build.mill. Using presentation compiler with project's scala-library version: 3.3.7
2026.03.04 15:47:01 INFO  no build target found for /Users/lorenhung/ucie/scala/build.mill. Using presentation compiler with project's scala-library version: 3.3.7
2026.03.04 15:47:01 INFO  no build target found for /Users/lorenhung/ucie/scala/build.mill. Using presentation compiler with project's scala-library version: 3.3.7
2026.03.04 15:47:01 INFO  no build target found for /Users/lorenhung/ucie/scala/build.mill. Using presentation compiler with project's scala-library version: 3.3.7
2026.03.04 15:47:01 INFO  no build target found for /Users/lorenhung/ucie/scala/build.mill. Using presentation compiler with project's scala-library version: 3.3.7
2026.03.04 15:47:01 INFO  no build target found for /Users/lorenhung/ucie/scala/build.mill. Using presentation compiler with project's scala-library version: 3.3.7
2026.03.04 15:47:01 INFO  no build target found for /Users/lorenhung/ucie/scala/build.mill. Using presentation compiler with project's scala-library version: 3.3.7
2026.03.04 15:47:02 INFO  no build target found for /Users/lorenhung/ucie/scala/build.mill. Using presentation compiler with project's scala-library version: 3.3.7
2026.03.04 15:47:02 INFO  no build target found for /Users/lorenhung/ucie/scala/build.mill. Using presentation compiler with project's scala-library version: 3.3.7
2026.03.04 15:47:02 INFO  no build target found for /Users/lorenhung/ucie/scala/build.mill. Using presentation compiler with project's scala-library version: 3.3.7
2026.03.04 15:47:02 INFO  no build target found for /Users/lorenhung/ucie/scala/build.mill. Using presentation compiler with project's scala-library version: 3.3.7
2026.03.04 15:47:02 WARN  no build target for: /Users/lorenhung/ucie/scala/build.mill
2026.03.04 15:47:03 INFO  no build target found for /Users/lorenhung/ucie/scala/build.mill. Using presentation compiler with project's scala-library version: 3.3.7
2026.03.04 15:47:04 INFO  no build target found for /Users/lorenhung/ucie/scala/build.mill. Using presentation compiler with project's scala-library version: 3.3.7
2026.03.04 15:47:05 INFO  no build target found for /Users/lorenhung/ucie/scala/build.mill. Using presentation compiler with project's scala-library version: 3.3.7
2026.03.04 15:47:05 INFO  no build target found for /Users/lorenhung/ucie/scala/build.mill. Using presentation compiler with project's scala-library version: 3.3.7
2026.03.04 15:47:04 INFO  no build target found for /Users/lorenhung/ucie/scala/build.mill. Using presentation compiler with project's scala-library version: 3.3.7
2026.03.04 15:47:05 INFO  no build target found for /Users/lorenhung/ucie/scala/build.mill. Using presentation compiler with project's scala-library version: 3.3.7
2026.03.04 15:47:05 INFO  no build target found for /Users/lorenhung/ucie/scala/build.mill. Using presentation compiler with project's scala-library version: 3.3.7
2026.03.04 15:47:04 INFO  no build target found for /Users/lorenhung/ucie/scala/build.mill. Using presentation compiler with project's scala-library version: 3.3.7
2026.03.04 15:47:05 INFO  no build target found for /Users/lorenhung/ucie/scala/build.mill. Using presentation compiler with project's scala-library version: 3.3.7
2026.03.04 15:47:05 INFO  no build target found for /Users/lorenhung/ucie/scala/build.mill. Using presentation compiler with project's scala-library version: 3.3.7
2026.03.04 15:47:06 INFO  no build target found for /Users/lorenhung/ucie/scala/build.mill. Using presentation compiler with project's scala-library version: 3.3.7
2026.03.04 15:47:05 INFO  no build target found for /Users/lorenhung/ucie/scala/build.mill. Using presentation compiler with project's scala-library version: 3.3.7
2026.03.04 15:47:05 INFO  no build target found for /Users/lorenhung/ucie/scala/build.mill. Using presentation compiler with project's scala-library version: 3.3.7
2026.03.04 15:47:06 INFO  no build target found for /Users/lorenhung/ucie/scala/build.mill. Using presentation compiler with project's scala-library version: 3.3.7
2026.03.04 15:47:07 WARN  no build target for: /Users/lorenhung/ucie/scala/build.mill
2026.03.04 15:47:07 INFO  no build target found for /Users/lorenhung/ucie/scala/build.mill. Using presentation compiler with project's scala-library version: 3.3.7
2026.03.04 15:47:07 INFO  no build target found for /Users/lorenhung/ucie/scala/build.mill. Using presentation compiler with project's scala-library version: 3.3.7
2026.03.04 15:47:07 INFO  no build target found for /Users/lorenhung/ucie/scala/build.mill. Using presentation compiler with project's scala-library version: 3.3.7
2026.03.04 15:47:07 INFO  no build target found for /Users/lorenhung/ucie/scala/build.mill. Using presentation compiler with project's scala-library version: 3.3.7
2026.03.04 15:47:07 INFO  no build target found for /Users/lorenhung/ucie/scala/build.mill. Using presentation compiler with project's scala-library version: 3.3.7
2026.03.04 15:47:07 INFO  no build target found for /Users/lorenhung/ucie/scala/build.mill. Using presentation compiler with project's scala-library version: 3.3.7
2026.03.04 15:47:08 INFO  no build target found for /Users/lorenhung/ucie/scala/build.mill. Using presentation compiler with project's scala-library version: 3.3.7
2026.03.04 15:47:08 INFO  no build target found for /Users/lorenhung/ucie/scala/build.mill. Using presentation compiler with project's scala-library version: 3.3.7
2026.03.04 15:47:08 INFO  no build target found for /Users/lorenhung/ucie/scala/build.mill. Using presentation compiler with project's scala-library version: 3.3.7
2026.03.04 15:47:08 INFO  no build target found for /Users/lorenhung/ucie/scala/build.mill. Using presentation compiler with project's scala-library version: 3.3.7
2026.03.04 15:47:08 INFO  no build target found for /Users/lorenhung/ucie/scala/build.mill. Using presentation compiler with project's scala-library version: 3.3.7
2026.03.04 15:47:08 INFO  no build target found for /Users/lorenhung/ucie/scala/build.mill. Using presentation compiler with project's scala-library version: 3.3.7
2026.03.04 15:47:08 INFO  no build target found for /Users/lorenhung/ucie/scala/build.mill. Using presentation compiler with project's scala-library version: 3.3.7
2026.03.04 15:47:08 INFO  no build target found for /Users/lorenhung/ucie/scala/build.mill. Using presentation compiler with project's scala-library version: 3.3.7
2026.03.04 15:47:09 INFO  no build target found for /Users/lorenhung/ucie/scala/build.mill. Using presentation compiler with project's scala-library version: 3.3.7
2026.03.04 15:47:09 INFO  no build target found for /Users/lorenhung/ucie/scala/build.mill. Using presentation compiler with project's scala-library version: 3.3.7
2026.03.04 15:47:10 WARN  no build target for: /Users/lorenhung/ucie/scala/build.mill
2026.03.04 15:47:10 INFO  no build target found for /Users/lorenhung/ucie/scala/build.mill. Using presentation compiler with project's scala-library version: 3.3.7
2026.03.04 15:47:38 WARN  no build target for: /Users/lorenhung/ucie/scala/mill-build/src/Deps.scala
2026.03.04 15:47:39 INFO  no build target found for /Users/lorenhung/ucie/scala/mill-build/src/Deps.scala. Using presentation compiler with project's scala-library version: 3.3.7
2026.03.04 15:47:40 WARN  no build target for: /Users/lorenhung/ucie/scala/src/main/scala/d2dadapter/D2DAdapter.scala
2026.03.04 15:47:40 INFO  no build target found for /Users/lorenhung/ucie/scala/src/main/scala/d2dadapter/D2DAdapter.scala. Using presentation compiler with project's scala-library version: 3.3.7
2026.03.04 15:47:41 WARN  no build target for: /Users/lorenhung/ucie/scala/mill-build/src/Deps.scala
2026.03.04 15:47:41 INFO  no build target found for /Users/lorenhung/ucie/scala/mill-build/src/Deps.scala. Using presentation compiler with project's scala-library version: 3.3.7
2026.03.04 15:47:42 INFO  no build target found for /Users/lorenhung/ucie/scala/mill-build/src/Deps.scala. Using presentation compiler with project's scala-library version: 3.3.7
2026.03.04 15:47:42 WARN  no build target for: /Users/lorenhung/ucie/scala/src/main/scala/d2dadapter/D2DAdapter.scala
2026.03.04 15:47:43 INFO  no build target found for /Users/lorenhung/ucie/scala/src/main/scala/d2dadapter/D2DAdapter.scala. Using presentation compiler with project's scala-library version: 3.3.7
2026.03.04 15:47:53 INFO  no build target found for /Users/lorenhung/ucie/scala/src/main/scala/d2dadapter/D2DAdapter.scala. Using presentation compiler with project's scala-library version: 3.3.7
2026.03.04 15:47:53 INFO  no build target found for /Users/lorenhung/ucie/scala/src/main/scala/d2dadapter/D2DAdapter.scala. Using presentation compiler with project's scala-library version: 3.3.7
2026.03.04 15:47:53 INFO  Created report: Optional[file:///Users/lorenhung/ucie/scala/src/main/scala/d2dadapter/D2DAdapter.scala]
2026.03.04 15:47:53 INFO  empty definition using pc, found symbol in pc:  (full report at: "/Users/lorenhung/ucie/.metals/.reports/metals-full/2026-03-04/r_empty-definition_15-47-53-742.md")
2026.03.04 15:48:27 WARN  no build target for: /Users/lorenhung/ucie/scala/build.mill
2026.03.04 15:48:27 INFO  no build target found for /Users/lorenhung/ucie/scala/build.mill. Using presentation compiler with project's scala-library version: 3.3.7
2026.03.04 15:48:27 INFO  no build target found for /Users/lorenhung/ucie/scala/build.mill. Using presentation compiler with project's scala-library version: 3.3.7
2026.03.04 15:48:28 WARN  no build target for: /Users/lorenhung/ucie/scala/src/main/scala/d2dadapter/D2DAdapter.scala
2026.03.04 15:48:28 INFO  no build target found for /Users/lorenhung/ucie/scala/src/main/scala/d2dadapter/D2DAdapter.scala. Using presentation compiler with project's scala-library version: 3.3.7
2026.03.04 15:49:56 WARN  no build target for: /Users/lorenhung/ucie/scala/build.mill
2026.03.04 15:49:56 INFO  no build target found for /Users/lorenhung/ucie/scala/build.mill. Using presentation compiler with project's scala-library version: 3.3.7
2026.03.04 15:49:56 INFO  no build target found for /Users/lorenhung/ucie/scala/build.mill. Using presentation compiler with project's scala-library version: 3.3.7
2026.03.04 15:49:57 INFO  no build target found for /Users/lorenhung/ucie/scala/build.mill. Using presentation compiler with project's scala-library version: 3.3.7
2026.03.04 15:49:57 INFO  no build target found for /Users/lorenhung/ucie/scala/build.mill. Using presentation compiler with project's scala-library version: 3.3.7
2026.03.04 15:49:58 INFO  no build target found for /Users/lorenhung/ucie/scala/build.mill. Using presentation compiler with project's scala-library version: 3.3.7
2026.03.04 15:49:58 INFO  no build target found for /Users/lorenhung/ucie/scala/build.mill. Using presentation compiler with project's scala-library version: 3.3.7
2026.03.04 15:49:57 INFO  no build target found for /Users/lorenhung/ucie/scala/build.mill. Using presentation compiler with project's scala-library version: 3.3.7
2026.03.04 15:49:57 INFO  no build target found for /Users/lorenhung/ucie/scala/build.mill. Using presentation compiler with project's scala-library version: 3.3.7
2026.03.04 15:49:57 INFO  no build target found for /Users/lorenhung/ucie/scala/build.mill. Using presentation compiler with project's scala-library version: 3.3.7
2026.03.04 15:49:57 INFO  no build target found for /Users/lorenhung/ucie/scala/build.mill. Using presentation compiler with project's scala-library version: 3.3.7
2026.03.04 15:49:58 INFO  no build target found for /Users/lorenhung/ucie/scala/build.mill. Using presentation compiler with project's scala-library version: 3.3.7
2026.03.04 15:49:57 INFO  no build target found for /Users/lorenhung/ucie/scala/build.mill. Using presentation compiler with project's scala-library version: 3.3.7
2026.03.04 15:49:58 INFO  no build target found for /Users/lorenhung/ucie/scala/build.mill. Using presentation compiler with project's scala-library version: 3.3.7
2026.03.04 15:49:58 INFO  no build target found for /Users/lorenhung/ucie/scala/build.mill. Using presentation compiler with project's scala-library version: 3.3.7
2026.03.04 15:49:59 INFO  no build target found for /Users/lorenhung/ucie/scala/build.mill. Using presentation compiler with project's scala-library version: 3.3.7
2026.03.04 15:49:58 INFO  no build target found for /Users/lorenhung/ucie/scala/build.mill. Using presentation compiler with project's scala-library version: 3.3.7
2026.03.04 15:49:58 INFO  no build target found for /Users/lorenhung/ucie/scala/build.mill. Using presentation compiler with project's scala-library version: 3.3.7
2026.03.04 15:49:59 INFO  no build target found for /Users/lorenhung/ucie/scala/build.mill. Using presentation compiler with project's scala-library version: 3.3.7
2026.03.04 15:49:59 INFO  no build target found for /Users/lorenhung/ucie/scala/build.mill. Using presentation compiler with project's scala-library version: 3.3.7
2026.03.04 15:49:58 INFO  no build target found for /Users/lorenhung/ucie/scala/build.mill. Using presentation compiler with project's scala-library version: 3.3.7
2026.03.04 15:49:59 INFO  no build target found for /Users/lorenhung/ucie/scala/build.mill. Using presentation compiler with project's scala-library version: 3.3.7
2026.03.04 15:50:00 INFO  no build target found for /Users/lorenhung/ucie/scala/build.mill. Using presentation compiler with project's scala-library version: 3.3.7
2026.03.04 15:50:00 WARN  no build target for: /Users/lorenhung/ucie/scala/build.mill
2026.03.04 15:50:00 INFO  no build target found for /Users/lorenhung/ucie/scala/build.mill. Using presentation compiler with project's scala-library version: 3.3.7
2026.03.04 15:50:02 INFO  no build target found for /Users/lorenhung/ucie/scala/build.mill. Using presentation compiler with project's scala-library version: 3.3.7
2026.03.04 15:50:02 INFO  no build target found for /Users/lorenhung/ucie/scala/build.mill. Using presentation compiler with project's scala-library version: 3.3.7
2026.03.04 15:50:02 INFO  no build target found for /Users/lorenhung/ucie/scala/build.mill. Using presentation compiler with project's scala-library version: 3.3.7
2026.03.04 15:50:02 INFO  no build target found for /Users/lorenhung/ucie/scala/build.mill. Using presentation compiler with project's scala-library version: 3.3.7
2026.03.04 15:50:02 INFO  no build target found for /Users/lorenhung/ucie/scala/build.mill. Using presentation compiler with project's scala-library version: 3.3.7
2026.03.04 15:50:02 INFO  no build target found for /Users/lorenhung/ucie/scala/build.mill. Using presentation compiler with project's scala-library version: 3.3.7
2026.03.04 15:50:02 INFO  no build target found for /Users/lorenhung/ucie/scala/build.mill. Using presentation compiler with project's scala-library version: 3.3.7
2026.03.04 15:50:02 INFO  no build target found for /Users/lorenhung/ucie/scala/build.mill. Using presentation compiler with project's scala-library version: 3.3.7
2026.03.04 15:50:02 INFO  no build target found for /Users/lorenhung/ucie/scala/build.mill. Using presentation compiler with project's scala-library version: 3.3.7
2026.03.04 15:50:02 INFO  no build target found for /Users/lorenhung/ucie/scala/build.mill. Using presentation compiler with project's scala-library version: 3.3.7
2026.03.04 15:50:02 INFO  no build target found for /Users/lorenhung/ucie/scala/build.mill. Using presentation compiler with project's scala-library version: 3.3.7
2026.03.04 15:50:03 INFO  no build target found for /Users/lorenhung/ucie/scala/build.mill. Using presentation compiler with project's scala-library version: 3.3.7
2026.03.04 15:50:03 INFO  no build target found for /Users/lorenhung/ucie/scala/build.mill. Using presentation compiler with project's scala-library version: 3.3.7
2026.03.04 15:50:03 INFO  no build target found for /Users/lorenhung/ucie/scala/build.mill. Using presentation compiler with project's scala-library version: 3.3.7
2026.03.04 15:50:03 INFO  no build target found for /Users/lorenhung/ucie/scala/build.mill. Using presentation compiler with project's scala-library version: 3.3.7
2026.03.04 15:50:03 WARN  no build target for: /Users/lorenhung/ucie/scala/build.mill
2026.03.04 15:50:04 INFO  no build target found for /Users/lorenhung/ucie/scala/build.mill. Using presentation compiler with project's scala-library version: 3.3.7
2026.03.04 15:50:05 INFO  no build target found for /Users/lorenhung/ucie/scala/build.mill. Using presentation compiler with project's scala-library version: 3.3.7
2026.03.04 15:50:05 INFO  no build target found for /Users/lorenhung/ucie/scala/build.mill. Using presentation compiler with project's scala-library version: 3.3.7
2026.03.04 15:50:05 INFO  no build target found for /Users/lorenhung/ucie/scala/build.mill. Using presentation compiler with project's scala-library version: 3.3.7
2026.03.04 15:50:05 INFO  no build target found for /Users/lorenhung/ucie/scala/build.mill. Using presentation compiler with project's scala-library version: 3.3.7
2026.03.04 15:50:05 INFO  no build target found for /Users/lorenhung/ucie/scala/build.mill. Using presentation compiler with project's scala-library version: 3.3.7
2026.03.04 15:50:05 INFO  no build target found for /Users/lorenhung/ucie/scala/build.mill. Using presentation compiler with project's scala-library version: 3.3.7
2026.03.04 15:50:06 INFO  no build target found for /Users/lorenhung/ucie/scala/build.mill. Using presentation compiler with project's scala-library version: 3.3.7
2026.03.04 15:50:06 INFO  no build target found for /Users/lorenhung/ucie/scala/build.mill. Using presentation compiler with project's scala-library version: 3.3.7
2026.03.04 15:50:07 WARN  no build target for: /Users/lorenhung/ucie/scala/build.mill
2026.03.04 15:50:06 INFO  no build target found for /Users/lorenhung/ucie/scala/build.mill. Using presentation compiler with project's scala-library version: 3.3.7
2026.03.04 15:50:14 INFO  no build target found for /Users/lorenhung/ucie/scala/build.mill. Using presentation compiler with project's scala-library version: 3.3.7
2026.03.04 15:50:14 INFO  no build target found for /Users/lorenhung/ucie/scala/build.mill. Using presentation compiler with project's scala-library version: 3.3.7
2026.03.04 15:50:14 INFO  no build target found for /Users/lorenhung/ucie/scala/build.mill. Using presentation compiler with project's scala-library version: 3.3.7
2026.03.04 15:50:15 INFO  no build target found for /Users/lorenhung/ucie/scala/build.mill. Using presentation compiler with project's scala-library version: 3.3.7
2026.03.04 15:50:15 INFO  no build target found for /Users/lorenhung/ucie/scala/build.mill. Using presentation compiler with project's scala-library version: 3.3.7
2026.03.04 15:50:14 INFO  no build target found for /Users/lorenhung/ucie/scala/build.mill. Using presentation compiler with project's scala-library version: 3.3.7
2026.03.04 15:50:14 INFO  no build target found for /Users/lorenhung/ucie/scala/build.mill. Using presentation compiler with project's scala-library version: 3.3.7
2026.03.04 15:50:14 INFO  no build target found for /Users/lorenhung/ucie/scala/build.mill. Using presentation compiler with project's scala-library version: 3.3.7
2026.03.04 15:50:15 INFO  no build target found for /Users/lorenhung/ucie/scala/build.mill. Using presentation compiler with project's scala-library version: 3.3.7
2026.03.04 15:50:15 INFO  no build target found for /Users/lorenhung/ucie/scala/build.mill. Using presentation compiler with project's scala-library version: 3.3.7
2026.03.04 15:50:15 INFO  no build target found for /Users/lorenhung/ucie/scala/build.mill. Using presentation compiler with project's scala-library version: 3.3.7
2026.03.04 15:50:15 INFO  no build target found for /Users/lorenhung/ucie/scala/build.mill. Using presentation compiler with project's scala-library version: 3.3.7
2026.03.04 15:50:15 INFO  no build target found for /Users/lorenhung/ucie/scala/build.mill. Using presentation compiler with project's scala-library version: 3.3.7
2026.03.04 15:50:15 INFO  no build target found for /Users/lorenhung/ucie/scala/build.mill. Using presentation compiler with project's scala-library version: 3.3.7
2026.03.04 15:50:15 INFO  no build target found for /Users/lorenhung/ucie/scala/build.mill. Using presentation compiler with project's scala-library version: 3.3.7
2026.03.04 15:50:15 INFO  no build target found for /Users/lorenhung/ucie/scala/build.mill. Using presentation compiler with project's scala-library version: 3.3.7
2026.03.04 15:50:16 INFO  no build target found for /Users/lorenhung/ucie/scala/build.mill. Using presentation compiler with project's scala-library version: 3.3.7
2026.03.04 15:50:15 INFO  no build target found for /Users/lorenhung/ucie/scala/build.mill. Using presentation compiler with project's scala-library version: 3.3.7
2026.03.04 15:50:15 INFO  no build target found for /Users/lorenhung/ucie/scala/build.mill. Using presentation compiler with project's scala-library version: 3.3.7
2026.03.04 15:50:15 INFO  no build target found for /Users/lorenhung/ucie/scala/build.mill. Using presentation compiler with project's scala-library version: 3.3.7
2026.03.04 15:50:17 WARN  no build target for: /Users/lorenhung/ucie/scala/build.mill
2026.03.04 15:50:17 INFO  no build target found for /Users/lorenhung/ucie/scala/build.mill. Using presentation compiler with project's scala-library version: 3.3.7
2026.03.04 15:50:28 INFO  no build target found for /Users/lorenhung/ucie/scala/build.mill. Using presentation compiler with project's scala-library version: 3.3.7
2026.03.04 15:50:28 INFO  no build target found for /Users/lorenhung/ucie/scala/build.mill. Using presentation compiler with project's scala-library version: 3.3.7
2026.03.04 15:50:28 INFO  no build target found for /Users/lorenhung/ucie/scala/build.mill. Using presentation compiler with project's scala-library version: 3.3.7
2026.03.04 15:50:28 INFO  no build target found for /Users/lorenhung/ucie/scala/build.mill. Using presentation compiler with project's scala-library version: 3.3.7
2026.03.04 15:50:29 WARN  no build target for: /Users/lorenhung/ucie/scala/build.mill
2026.03.04 15:50:28 INFO  no build target found for /Users/lorenhung/ucie/scala/build.mill. Using presentation compiler with project's scala-library version: 3.3.7
2026.03.04 15:50:31 INFO  no build target found for /Users/lorenhung/ucie/scala/build.mill. Using presentation compiler with project's scala-library version: 3.3.7
2026.03.04 15:50:31 INFO  no build target found for /Users/lorenhung/ucie/scala/build.mill. Using presentation compiler with project's scala-library version: 3.3.7
2026.03.04 15:50:31 INFO  no build target found for /Users/lorenhung/ucie/scala/build.mill. Using presentation compiler with project's scala-library version: 3.3.7
2026.03.04 15:50:31 WARN  no build target for: /Users/lorenhung/ucie/scala/build.mill
2026.03.04 15:50:31 INFO  no build target found for /Users/lorenhung/ucie/scala/build.mill. Using presentation compiler with project's scala-library version: 3.3.7
2026.03.04 15:50:36 INFO  no build target found for /Users/lorenhung/ucie/scala/build.mill. Using presentation compiler with project's scala-library version: 3.3.7
2026.03.04 15:50:36 INFO  no build target found for /Users/lorenhung/ucie/scala/build.mill. Using presentation compiler with project's scala-library version: 3.3.7
2026.03.04 15:50:36 INFO  no build target found for /Users/lorenhung/ucie/scala/build.mill. Using presentation compiler with project's scala-library version: 3.3.7
2026.03.04 15:50:37 INFO  no build target found for /Users/lorenhung/ucie/scala/build.mill. Using presentation compiler with project's scala-library version: 3.3.7
2026.03.04 15:50:37 INFO  no build target found for /Users/lorenhung/ucie/scala/build.mill. Using presentation compiler with project's scala-library version: 3.3.7
2026.03.04 15:50:37 INFO  no build target found for /Users/lorenhung/ucie/scala/build.mill. Using presentation compiler with project's scala-library version: 3.3.7
2026.03.04 15:50:37 WARN  no build target for: /Users/lorenhung/ucie/scala/build.mill
2026.03.04 15:50:38 INFO  no build target found for /Users/lorenhung/ucie/scala/build.mill. Using presentation compiler with project's scala-library version: 3.3.7
2026.03.04 15:52:39 WARN  no build target for: /Users/lorenhung/ucie/scala/src/main/scala/d2dadapter/D2DAdapter.scala
2026.03.04 15:52:39 INFO  no build target found for /Users/lorenhung/ucie/scala/src/main/scala/d2dadapter/D2DAdapter.scala. Using presentation compiler with project's scala-library version: 3.3.7
2026.03.04 15:52:40 INFO  no build target found for /Users/lorenhung/ucie/scala/src/main/scala/d2dadapter/D2DAdapter.scala. Using presentation compiler with project's scala-library version: 3.3.7
2026.03.04 15:52:40 INFO  no build target found for /Users/lorenhung/ucie/scala/src/main/scala/d2dadapter/D2DAdapter.scala. Using presentation compiler with project's scala-library version: 3.3.7
2026.03.04 15:53:40 INFO  no build target found for /Users/lorenhung/ucie/scala/src/main/scala/d2dadapter/D2DAdapter.scala. Using presentation compiler with project's scala-library version: 3.3.7
2026.03.04 15:53:40 INFO  no build target found for /Users/lorenhung/ucie/scala/src/main/scala/d2dadapter/D2DAdapter.scala. Using presentation compiler with project's scala-library version: 3.3.7
2026.03.04 15:53:40 INFO  no build target found for /Users/lorenhung/ucie/scala/src/main/scala/d2dadapter/D2DAdapter.scala. Using presentation compiler with project's scala-library version: 3.3.7
2026.03.04 15:53:41 INFO  no build target found for /Users/lorenhung/ucie/scala/src/main/scala/d2dadapter/D2DAdapter.scala. Using presentation compiler with project's scala-library version: 3.3.7
2026.03.04 15:53:41 INFO  no build target found for /Users/lorenhung/ucie/scala/src/main/scala/d2dadapter/D2DAdapter.scala. Using presentation compiler with project's scala-library version: 3.3.7
2026.03.04 15:53:40 INFO  no build target found for /Users/lorenhung/ucie/scala/src/main/scala/d2dadapter/D2DAdapter.scala. Using presentation compiler with project's scala-library version: 3.3.7
2026.03.04 15:53:41 INFO  no build target found for /Users/lorenhung/ucie/scala/src/main/scala/d2dadapter/D2DAdapter.scala. Using presentation compiler with project's scala-library version: 3.3.7
2026.03.04 15:53:41 INFO  no build target found for /Users/lorenhung/ucie/scala/src/main/scala/d2dadapter/D2DAdapter.scala. Using presentation compiler with project's scala-library version: 3.3.7
2026.03.04 15:53:42 WARN  no build target for: /Users/lorenhung/ucie/scala/src/main/scala/d2dadapter/D2DAdapter.scala
2026.03.04 15:53:42 INFO  no build target found for /Users/lorenhung/ucie/scala/src/main/scala/d2dadapter/D2DAdapter.scala. Using presentation compiler with project's scala-library version: 3.3.7
2026.03.04 15:53:43 INFO  no build target found for /Users/lorenhung/ucie/scala/src/main/scala/d2dadapter/D2DAdapter.scala. Using presentation compiler with project's scala-library version: 3.3.7
2026.03.04 15:53:44 INFO  no build target found for /Users/lorenhung/ucie/scala/src/main/scala/d2dadapter/D2DAdapterConstants.scala. Using presentation compiler with project's scala-library version: 3.3.7
2026.03.04 15:53:44 WARN  no build target for: /Users/lorenhung/ucie/scala/src/main/scala/d2dadapter/D2DAdapterConstants.scala
2026.03.04 15:53:44 INFO  no build target found for /Users/lorenhung/ucie/scala/src/main/scala/d2dadapter/D2DAdapterConstants.scala. Using presentation compiler with project's scala-library version: 3.3.7
2026.03.04 15:53:44 INFO  no build target found for /Users/lorenhung/ucie/scala/src/main/scala/d2dadapter/D2DAdapterConstants.scala. Using presentation compiler with project's scala-library version: 3.3.7
2026.03.04 15:53:44 INFO  no build target found for /Users/lorenhung/ucie/scala/src/main/scala/d2dadapter/D2DAdapterConstants.scala. Using presentation compiler with project's scala-library version: 3.3.7
2026.03.04 15:53:44 INFO  no build target found for /Users/lorenhung/ucie/scala/src/main/scala/d2dadapter/D2DAdapterConstants.scala. Using presentation compiler with project's scala-library version: 3.3.7
2026.03.04 15:53:44 INFO  no build target found for /Users/lorenhung/ucie/scala/src/main/scala/d2dadapter/D2DAdapterConstants.scala. Using presentation compiler with project's scala-library version: 3.3.7
2026.03.04 15:53:44 INFO  no build target found for /Users/lorenhung/ucie/scala/src/main/scala/d2dadapter/D2DAdapterConstants.scala. Using presentation compiler with project's scala-library version: 3.3.7
2026.03.04 15:53:44 INFO  no build target found for /Users/lorenhung/ucie/scala/src/main/scala/d2dadapter/D2DAdapterConstants.scala. Using presentation compiler with project's scala-library version: 3.3.7
2026.03.04 15:53:45 INFO  no build target found for /Users/lorenhung/ucie/scala/src/main/scala/d2dadapter/D2DAdapterConstants.scala. Using presentation compiler with project's scala-library version: 3.3.7
2026.03.04 15:53:45 INFO  no build target found for /Users/lorenhung/ucie/scala/src/main/scala/d2dadapter/D2DSidebandModule.scala. Using presentation compiler with project's scala-library version: 3.3.7
2026.03.04 15:53:45 WARN  no build target for: /Users/lorenhung/ucie/scala/src/main/scala/d2dadapter/D2DSidebandModule.scala
2026.03.04 15:53:45 INFO  no build target found for /Users/lorenhung/ucie/scala/src/main/scala/d2dadapter/D2DSidebandModule.scala. Using presentation compiler with project's scala-library version: 3.3.7
2026.03.04 15:53:45 INFO  no build target found for /Users/lorenhung/ucie/scala/src/main/scala/d2dadapter/D2DAdapterConstants.scala. Using presentation compiler with project's scala-library version: 3.3.7
2026.03.04 15:53:46 WARN  no build target for: /Users/lorenhung/ucie/scala/src/main/scala/d2dadapter/D2DAdapterConstants.scala
2026.03.04 15:53:45 INFO  no build target found for /Users/lorenhung/ucie/scala/src/main/scala/d2dadapter/D2DAdapterConstants.scala. Using presentation compiler with project's scala-library version: 3.3.7
2026.03.04 15:53:45 INFO  no build target found for /Users/lorenhung/ucie/scala/src/main/scala/d2dadapter/D2DSidebandModule.scala. Using presentation compiler with project's scala-library version: 3.3.7
2026.03.04 15:53:46 WARN  no build target for: /Users/lorenhung/ucie/scala/src/main/scala/d2dadapter/D2DSidebandModule.scala
2026.03.04 15:53:45 INFO  no build target found for /Users/lorenhung/ucie/scala/src/main/scala/d2dadapter/D2DSidebandModule.scala. Using presentation compiler with project's scala-library version: 3.3.7
2026.03.04 15:53:46 INFO  no build target found for /Users/lorenhung/ucie/scala/src/main/scala/d2dadapter/D2DAdapterConstants.scala. Using presentation compiler with project's scala-library version: 3.3.7
2026.03.04 15:53:46 INFO  no build target found for /Users/lorenhung/ucie/scala/src/main/scala/d2dadapter/D2DMainbandModule.scala. Using presentation compiler with project's scala-library version: 3.3.7
2026.03.04 15:53:46 WARN  no build target for: /Users/lorenhung/ucie/scala/src/main/scala/d2dadapter/D2DMainbandModule.scala
2026.03.04 15:53:46 INFO  no build target found for /Users/lorenhung/ucie/scala/src/main/scala/d2dadapter/D2DMainbandModule.scala. Using presentation compiler with project's scala-library version: 3.3.7
2026.03.04 15:53:46 INFO  no build target found for /Users/lorenhung/ucie/scala/src/main/scala/d2dadapter/D2DMainbandModule.scala. Using presentation compiler with project's scala-library version: 3.3.7
2026.03.04 15:53:47 INFO  no build target found for /Users/lorenhung/ucie/scala/src/main/scala/d2dadapter/D2DMainbandModule.scala. Using presentation compiler with project's scala-library version: 3.3.7
2026.03.04 15:53:47 INFO  no build target found for /Users/lorenhung/ucie/scala/src/main/scala/d2dadapter/D2DMainbandModule.scala. Using presentation compiler with project's scala-library version: 3.3.7
2026.03.04 15:53:47 INFO  no build target found for /Users/lorenhung/ucie/scala/src/main/scala/d2dadapter/D2DMainbandModule.scala. Using presentation compiler with project's scala-library version: 3.3.7
2026.03.04 15:53:47 INFO  no build target found for /Users/lorenhung/ucie/scala/src/main/scala/d2dadapter/D2DMainbandModule.scala. Using presentation compiler with project's scala-library version: 3.3.7
2026.03.04 15:53:47 INFO  no build target found for /Users/lorenhung/ucie/scala/src/main/scala/d2dadapter/D2DMainbandModule.scala. Using presentation compiler with project's scala-library version: 3.3.7
2026.03.04 15:53:47 INFO  no build target found for /Users/lorenhung/ucie/scala/src/main/scala/d2dadapter/D2DMainbandModule.scala. Using presentation compiler with project's scala-library version: 3.3.7
2026.03.04 15:53:48 INFO  no build target found for /Users/lorenhung/ucie/scala/src/main/scala/d2dadapter/D2DMainbandModule.scala. Using presentation compiler with project's scala-library version: 3.3.7
2026.03.04 15:53:48 INFO  no build target found for /Users/lorenhung/ucie/scala/src/main/scala/d2dadapter/D2DMainbandModule.scala. Using presentation compiler with project's scala-library version: 3.3.7
2026.03.04 15:53:48 INFO  no build target found for /Users/lorenhung/ucie/scala/src/main/scala/d2dadapter/D2DMainbandModule.scala. Using presentation compiler with project's scala-library version: 3.3.7
2026.03.04 15:53:49 WARN  no build target for: /Users/lorenhung/ucie/scala/src/main/scala/d2dadapter/D2DSidebandModule.scala
2026.03.04 15:53:49 INFO  no build target found for /Users/lorenhung/ucie/scala/src/main/scala/d2dadapter/D2DSidebandModule.scala. Using presentation compiler with project's scala-library version: 3.3.7
2026.03.04 15:53:48 INFO  no build target found for /Users/lorenhung/ucie/scala/src/main/scala/d2dadapter/D2DSidebandModule.scala. Using presentation compiler with project's scala-library version: 3.3.7
2026.03.04 15:53:49 INFO  no build target found for /Users/lorenhung/ucie/scala/src/main/scala/d2dadapter/D2DMainbandModule.scala. Using presentation compiler with project's scala-library version: 3.3.7
2026.03.04 15:53:48 WARN  no build target for: /Users/lorenhung/ucie/scala/src/main/scala/d2dadapter/D2DMainbandModule.scala
2026.03.04 15:53:49 INFO  no build target found for /Users/lorenhung/ucie/scala/src/main/scala/d2dadapter/D2DMainbandModule.scala. Using presentation compiler with project's scala-library version: 3.3.7
2026.03.04 15:53:50 INFO  no build target found for /Users/lorenhung/ucie/scala/src/main/scala/d2dadapter/D2DSidebandModule.scala. Using presentation compiler with project's scala-library version: 3.3.7
2026.03.04 15:53:50 WARN  no build target for: /Users/lorenhung/ucie/scala/src/main/scala/d2dadapter/D2DSidebandModule.scala
2026.03.04 15:53:50 INFO  no build target found for /Users/lorenhung/ucie/scala/src/main/scala/d2dadapter/D2DSidebandModule.scala. Using presentation compiler with project's scala-library version: 3.3.7
2026.03.04 15:53:51 INFO  no build target found for /Users/lorenhung/ucie/scala/src/main/scala/d2dadapter/D2DMainbandModule.scala. Using presentation compiler with project's scala-library version: 3.3.7
2026.03.04 15:53:51 INFO  no build target found for /Users/lorenhung/ucie/scala/src/main/scala/d2dadapter/D2DSidebandModule.scala. Using presentation compiler with project's scala-library version: 3.3.7
2026.03.04 15:53:51 WARN  no build target for: /Users/lorenhung/ucie/scala/src/main/scala/d2dadapter/D2DSidebandModule.scala
2026.03.04 15:53:50 INFO  no build target found for /Users/lorenhung/ucie/scala/src/main/scala/d2dadapter/D2DSidebandModule.scala. Using presentation compiler with project's scala-library version: 3.3.7
2026.03.04 15:53:51 INFO  no build target found for /Users/lorenhung/ucie/scala/src/main/scala/d2dadapter/D2DSidebandModule.scala. Using presentation compiler with project's scala-library version: 3.3.7
2026.03.04 15:53:50 INFO  no build target found for /Users/lorenhung/ucie/scala/src/main/scala/d2dadapter/D2DSidebandModule.scala. Using presentation compiler with project's scala-library version: 3.3.7
2026.03.04 15:53:50 INFO  no build target found for /Users/lorenhung/ucie/scala/src/main/scala/d2dadapter/D2DSidebandModule.scala. Using presentation compiler with project's scala-library version: 3.3.7
2026.03.04 15:53:52 INFO  no build target found for /Users/lorenhung/ucie/scala/src/main/scala/d2dadapter/D2DSidebandModule.scala. Using presentation compiler with project's scala-library version: 3.3.7
2026.03.04 15:53:52 INFO  no build target found for /Users/lorenhung/ucie/scala/src/main/scala/d2dadapter/D2DSidebandModule.scala. Using presentation compiler with project's scala-library version: 3.3.7
2026.03.04 15:53:52 INFO  no build target found for /Users/lorenhung/ucie/scala/src/main/scala/d2dadapter/D2DSidebandModule.scala. Using presentation compiler with project's scala-library version: 3.3.7
2026.03.04 15:53:52 INFO  no build target found for /Users/lorenhung/ucie/scala/src/main/scala/d2dadapter/D2DSidebandModule.scala. Using presentation compiler with project's scala-library version: 3.3.7
2026.03.04 15:53:52 INFO  no build target found for /Users/lorenhung/ucie/scala/src/main/scala/d2dadapter/D2DSidebandModule.scala. Using presentation compiler with project's scala-library version: 3.3.7
2026.03.04 15:53:53 WARN  no build target for: /Users/lorenhung/ucie/scala/src/main/scala/d2dadapter/D2DSidebandModule.scala
2026.03.04 15:53:53 INFO  no build target found for /Users/lorenhung/ucie/scala/src/main/scala/d2dadapter/D2DSidebandModule.scala. Using presentation compiler with project's scala-library version: 3.3.7
2026.03.04 15:53:53 INFO  no build target found for /Users/lorenhung/ucie/scala/src/main/scala/d2dadapter/LinkDisabledSubmodule.scala. Using presentation compiler with project's scala-library version: 3.3.7
2026.03.04 15:53:53 WARN  no build target for: /Users/lorenhung/ucie/scala/src/main/scala/d2dadapter/LinkDisabledSubmodule.scala
2026.03.04 15:53:53 INFO  no build target found for /Users/lorenhung/ucie/scala/src/main/scala/d2dadapter/LinkDisabledSubmodule.scala. Using presentation compiler with project's scala-library version: 3.3.7
2026.03.04 15:53:53 INFO  no build target found for /Users/lorenhung/ucie/scala/src/main/scala/d2dadapter/LinkDisabledSubmodule.scala. Using presentation compiler with project's scala-library version: 3.3.7
2026.03.04 15:53:54 INFO  no build target found for /Users/lorenhung/ucie/scala/src/main/scala/d2dadapter/LinkDisabledSubmodule.scala. Using presentation compiler with project's scala-library version: 3.3.7
2026.03.04 15:53:54 INFO  no build target found for /Users/lorenhung/ucie/scala/src/main/scala/d2dadapter/LinkDisabledSubmodule.scala. Using presentation compiler with project's scala-library version: 3.3.7
2026.03.04 15:53:54 INFO  no build target found for /Users/lorenhung/ucie/scala/src/main/scala/d2dadapter/LinkDisabledSubmodule.scala. Using presentation compiler with project's scala-library version: 3.3.7
2026.03.04 15:53:54 INFO  no build target found for /Users/lorenhung/ucie/scala/src/main/scala/d2dadapter/LinkDisabledSubmodule.scala. Using presentation compiler with project's scala-library version: 3.3.7
2026.03.04 15:53:55 INFO  no build target found for /Users/lorenhung/ucie/scala/src/main/scala/d2dadapter/LinkDisabledSubmodule.scala. Using presentation compiler with project's scala-library version: 3.3.7
2026.03.04 15:53:55 INFO  no build target found for /Users/lorenhung/ucie/scala/src/main/scala/d2dadapter/LinkDisabledSubmodule.scala. Using presentation compiler with project's scala-library version: 3.3.7
2026.03.04 15:53:55 INFO  no build target found for /Users/lorenhung/ucie/scala/src/main/scala/d2dadapter/LinkResetSubmodule.scala. Using presentation compiler with project's scala-library version: 3.3.7
2026.03.04 15:53:55 WARN  no build target for: /Users/lorenhung/ucie/scala/src/main/scala/d2dadapter/LinkResetSubmodule.scala
2026.03.04 15:53:55 INFO  no build target found for /Users/lorenhung/ucie/scala/src/main/scala/d2dadapter/LinkResetSubmodule.scala. Using presentation compiler with project's scala-library version: 3.3.7
2026.03.04 15:53:55 INFO  no build target found for /Users/lorenhung/ucie/scala/src/main/scala/d2dadapter/LinkDisabledSubmodule.scala. Using presentation compiler with project's scala-library version: 3.3.7
2026.03.04 15:53:55 INFO  no build target found for /Users/lorenhung/ucie/scala/src/main/scala/d2dadapter/LinkResetSubmodule.scala. Using presentation compiler with project's scala-library version: 3.3.7
2026.03.04 15:53:55 INFO  no build target found for /Users/lorenhung/ucie/scala/src/main/scala/d2dadapter/LinkResetSubmodule.scala. Using presentation compiler with project's scala-library version: 3.3.7
2026.03.04 15:53:56 WARN  no build target for: /Users/lorenhung/ucie/scala/src/main/scala/d2dadapter/LinkResetSubmodule.scala
2026.03.04 15:53:56 INFO  no build target found for /Users/lorenhung/ucie/scala/src/main/scala/d2dadapter/LinkDisabledSubmodule.scala. Using presentation compiler with project's scala-library version: 3.3.7
2026.03.04 15:53:55 INFO  no build target found for /Users/lorenhung/ucie/scala/src/main/scala/d2dadapter/LinkInitSubmodule.scala. Using presentation compiler with project's scala-library version: 3.3.7
2026.03.04 15:53:55 WARN  no build target for: /Users/lorenhung/ucie/scala/src/main/scala/d2dadapter/LinkInitSubmodule.scala
2026.03.04 15:53:56 INFO  no build target found for /Users/lorenhung/ucie/scala/src/main/scala/d2dadapter/LinkInitSubmodule.scala. Using presentation compiler with project's scala-library version: 3.3.7
2026.03.04 15:53:55 WARN  no build target for: /Users/lorenhung/ucie/scala/src/main/scala/d2dadapter/LinkDisabledSubmodule.scala
2026.03.04 15:53:55 INFO  no build target found for /Users/lorenhung/ucie/scala/src/main/scala/d2dadapter/LinkInitSubmodule.scala. Using presentation compiler with project's scala-library version: 3.3.7
2026.03.04 15:53:55 INFO  no build target found for /Users/lorenhung/ucie/scala/src/main/scala/d2dadapter/LinkInitSubmodule.scala. Using presentation compiler with project's scala-library version: 3.3.7
2026.03.04 15:53:56 INFO  no build target found for /Users/lorenhung/ucie/scala/src/main/scala/d2dadapter/LinkInitSubmodule.scala. Using presentation compiler with project's scala-library version: 3.3.7
2026.03.04 15:53:56 INFO  no build target found for /Users/lorenhung/ucie/scala/src/main/scala/d2dadapter/LinkInitSubmodule.scala. Using presentation compiler with project's scala-library version: 3.3.7
2026.03.04 15:53:56 INFO  no build target found for /Users/lorenhung/ucie/scala/src/main/scala/d2dadapter/LinkInitSubmodule.scala. Using presentation compiler with project's scala-library version: 3.3.7
2026.03.04 15:53:57 INFO  no build target found for /Users/lorenhung/ucie/scala/src/main/scala/d2dadapter/LinkInitSubmodule.scala. Using presentation compiler with project's scala-library version: 3.3.7
2026.03.04 15:53:57 INFO  no build target found for /Users/lorenhung/ucie/scala/src/main/scala/d2dadapter/LinkInitSubmodule.scala. Using presentation compiler with project's scala-library version: 3.3.7
2026.03.04 15:53:57 INFO  no build target found for /Users/lorenhung/ucie/scala/src/main/scala/d2dadapter/LinkResetSubmodule.scala. Using presentation compiler with project's scala-library version: 3.3.7
2026.03.04 15:53:57 WARN  no build target for: /Users/lorenhung/ucie/scala/src/main/scala/d2dadapter/LinkResetSubmodule.scala
2026.03.04 15:53:57 INFO  no build target found for /Users/lorenhung/ucie/scala/src/main/scala/d2dadapter/LinkResetSubmodule.scala. Using presentation compiler with project's scala-library version: 3.3.7
2026.03.04 15:53:57 INFO  no build target found for /Users/lorenhung/ucie/scala/src/main/scala/d2dadapter/LinkInitSubmodule.scala. Using presentation compiler with project's scala-library version: 3.3.7
2026.03.04 15:53:57 WARN  no build target for: /Users/lorenhung/ucie/scala/src/main/scala/d2dadapter/LinkInitSubmodule.scala
2026.03.04 15:53:57 INFO  no build target found for /Users/lorenhung/ucie/scala/src/main/scala/d2dadapter/LinkInitSubmodule.scala. Using presentation compiler with project's scala-library version: 3.3.7
2026.03.04 15:53:58 INFO  no build target found for /Users/lorenhung/ucie/scala/src/main/scala/d2dadapter/LinkResetSubmodule.scala. Using presentation compiler with project's scala-library version: 3.3.7
2026.03.04 15:53:58 WARN  no build target for: /Users/lorenhung/ucie/scala/src/main/scala/d2dadapter/LinkResetSubmodule.scala
2026.03.04 15:53:57 INFO  no build target found for /Users/lorenhung/ucie/scala/src/main/scala/d2dadapter/LinkResetSubmodule.scala. Using presentation compiler with project's scala-library version: 3.3.7
2026.03.04 15:53:57 INFO  no build target found for /Users/lorenhung/ucie/scala/src/main/scala/d2dadapter/LinkInitSubmodule.scala. Using presentation compiler with project's scala-library version: 3.3.7
2026.03.04 15:53:58 INFO  no build target found for /Users/lorenhung/ucie/scala/src/main/scala/d2dadapter/LinkManagementController.scala. Using presentation compiler with project's scala-library version: 3.3.7
2026.03.04 15:53:58 WARN  no build target for: /Users/lorenhung/ucie/scala/src/main/scala/d2dadapter/LinkManagementController.scala
2026.03.04 15:53:57 INFO  no build target found for /Users/lorenhung/ucie/scala/src/main/scala/d2dadapter/LinkManagementController.scala. Using presentation compiler with project's scala-library version: 3.3.7
2026.03.04 15:53:58 INFO  no build target found for /Users/lorenhung/ucie/scala/src/main/scala/d2dadapter/LinkManagementController.scala. Using presentation compiler with project's scala-library version: 3.3.7
2026.03.04 15:53:59 INFO  no build target found for /Users/lorenhung/ucie/scala/src/main/scala/d2dadapter/LinkManagementController.scala. Using presentation compiler with project's scala-library version: 3.3.7
2026.03.04 15:53:59 INFO  no build target found for /Users/lorenhung/ucie/scala/src/main/scala/d2dadapter/LinkManagementController.scala. Using presentation compiler with project's scala-library version: 3.3.7
2026.03.04 15:53:59 INFO  no build target found for /Users/lorenhung/ucie/scala/src/main/scala/d2dadapter/LinkManagementController.scala. Using presentation compiler with project's scala-library version: 3.3.7
2026.03.04 15:53:59 INFO  no build target found for /Users/lorenhung/ucie/scala/src/main/scala/d2dadapter/LinkManagementController.scala. Using presentation compiler with project's scala-library version: 3.3.7
2026.03.04 15:53:59 INFO  no build target found for /Users/lorenhung/ucie/scala/src/main/scala/d2dadapter/LinkManagementController.scala. Using presentation compiler with project's scala-library version: 3.3.7
2026.03.04 15:54:00 INFO  no build target found for /Users/lorenhung/ucie/scala/src/main/scala/d2dadapter/LinkManagementController.scala. Using presentation compiler with project's scala-library version: 3.3.7
2026.03.04 15:54:00 INFO  no build target found for /Users/lorenhung/ucie/scala/src/main/scala/d2dadapter/LinkManagementController.scala. Using presentation compiler with project's scala-library version: 3.3.7
2026.03.04 15:54:00 INFO  no build target found for /Users/lorenhung/ucie/scala/src/main/scala/d2dadapter/LinkResetSubmodule.scala. Using presentation compiler with project's scala-library version: 3.3.7
2026.03.04 15:54:00 WARN  no build target for: /Users/lorenhung/ucie/scala/src/main/scala/d2dadapter/LinkResetSubmodule.scala
2026.03.04 15:54:00 INFO  no build target found for /Users/lorenhung/ucie/scala/src/main/scala/d2dadapter/LinkResetSubmodule.scala. Using presentation compiler with project's scala-library version: 3.3.7
2026.03.04 15:54:00 INFO  no build target found for /Users/lorenhung/ucie/scala/src/main/scala/d2dadapter/LinkManagementController.scala. Using presentation compiler with project's scala-library version: 3.3.7
2026.03.04 15:54:00 INFO  no build target found for /Users/lorenhung/ucie/scala/src/main/scala/d2dadapter/LinkResetSubmodule.scala. Using presentation compiler with project's scala-library version: 3.3.7
2026.03.04 15:54:00 WARN  no build target for: /Users/lorenhung/ucie/scala/src/main/scala/d2dadapter/LinkResetSubmodule.scala
2026.03.04 15:54:00 INFO  no build target found for /Users/lorenhung/ucie/scala/src/main/scala/d2dadapter/LinkResetSubmodule.scala. Using presentation compiler with project's scala-library version: 3.3.7
2026.03.04 15:54:00 INFO  no build target found for /Users/lorenhung/ucie/scala/src/main/scala/d2dadapter/LinkManagementController.scala. Using presentation compiler with project's scala-library version: 3.3.7
2026.03.04 15:54:00 INFO  no build target found for /Users/lorenhung/ucie/scala/src/main/scala/d2dadapter/LinkResetSubmodule.scala. Using presentation compiler with project's scala-library version: 3.3.7
2026.03.04 15:54:01 WARN  no build target for: /Users/lorenhung/ucie/scala/src/main/scala/d2dadapter/LinkResetSubmodule.scala
2026.03.04 15:54:00 INFO  no build target found for /Users/lorenhung/ucie/scala/src/main/scala/d2dadapter/LinkResetSubmodule.scala. Using presentation compiler with project's scala-library version: 3.3.7
2026.03.04 15:54:00 WARN  no build target for: /Users/lorenhung/ucie/scala/src/main/scala/d2dadapter/LinkManagementController.scala
2026.03.04 15:54:01 INFO  no build target found for /Users/lorenhung/ucie/scala/src/main/scala/d2dadapter/LinkResetSubmodule.scala. Using presentation compiler with project's scala-library version: 3.3.7
2026.03.04 15:54:01 INFO  no build target found for /Users/lorenhung/ucie/scala/src/main/scala/d2dadapter/LinkResetSubmodule.scala. Using presentation compiler with project's scala-library version: 3.3.7
2026.03.04 15:54:01 INFO  no build target found for /Users/lorenhung/ucie/scala/src/main/scala/d2dadapter/LinkResetSubmodule.scala. Using presentation compiler with project's scala-library version: 3.3.7
2026.03.04 15:54:01 INFO  no build target found for /Users/lorenhung/ucie/scala/src/main/scala/d2dadapter/LinkResetSubmodule.scala. Using presentation compiler with project's scala-library version: 3.3.7
2026.03.04 15:54:01 INFO  no build target found for /Users/lorenhung/ucie/scala/src/main/scala/d2dadapter/LinkResetSubmodule.scala. Using presentation compiler with project's scala-library version: 3.3.7
2026.03.04 15:54:01 INFO  no build target found for /Users/lorenhung/ucie/scala/src/main/scala/d2dadapter/LinkResetSubmodule.scala. Using presentation compiler with project's scala-library version: 3.3.7
2026.03.04 15:54:03 INFO  no build target found for /Users/lorenhung/ucie/scala/src/main/scala/d2dadapter/LinkResetSubmodule.scala. Using presentation compiler with project's scala-library version: 3.3.7
2026.03.04 15:54:03 INFO  no build target found for /Users/lorenhung/ucie/scala/src/main/scala/d2dadapter/LinkResetSubmodule.scala. Using presentation compiler with project's scala-library version: 3.3.7
2026.03.04 15:54:03 INFO  no build target found for /Users/lorenhung/ucie/scala/src/main/scala/d2dadapter/LinkResetSubmodule.scala. Using presentation compiler with project's scala-library version: 3.3.7
2026.03.04 15:54:04 WARN  no build target for: /Users/lorenhung/ucie/scala/src/main/scala/d2dadapter/LinkResetSubmodule.scala
2026.03.04 15:54:04 INFO  no build target found for /Users/lorenhung/ucie/scala/src/main/scala/d2dadapter/LinkResetSubmodule.scala. Using presentation compiler with project's scala-library version: 3.3.7
2026.03.04 15:54:04 INFO  no build target found for /Users/lorenhung/ucie/scala/src/main/scala/d2dadapter/ParityGenerator.scala. Using presentation compiler with project's scala-library version: 3.3.7
2026.03.04 15:54:04 WARN  no build target for: /Users/lorenhung/ucie/scala/src/main/scala/d2dadapter/ParityGenerator.scala
2026.03.04 15:54:04 INFO  no build target found for /Users/lorenhung/ucie/scala/src/main/scala/d2dadapter/ParityGenerator.scala. Using presentation compiler with project's scala-library version: 3.3.7
2026.03.04 15:54:04 INFO  no build target found for /Users/lorenhung/ucie/scala/src/main/scala/d2dadapter/ParityGenerator.scala. Using presentation compiler with project's scala-library version: 3.3.7
2026.03.04 15:54:05 INFO  no build target found for /Users/lorenhung/ucie/scala/src/main/scala/d2dadapter/ParityGenerator.scala. Using presentation compiler with project's scala-library version: 3.3.7
2026.03.04 15:54:05 INFO  no build target found for /Users/lorenhung/ucie/scala/src/main/scala/d2dadapter/ParityGenerator.scala. Using presentation compiler with project's scala-library version: 3.3.7
2026.03.04 15:54:05 INFO  no build target found for /Users/lorenhung/ucie/scala/src/main/scala/d2dadapter/ParityGenerator.scala. Using presentation compiler with project's scala-library version: 3.3.7
2026.03.04 15:54:05 INFO  no build target found for /Users/lorenhung/ucie/scala/src/main/scala/d2dadapter/ParityGenerator.scala. Using presentation compiler with project's scala-library version: 3.3.7
2026.03.04 15:54:05 INFO  no build target found for /Users/lorenhung/ucie/scala/src/main/scala/d2dadapter/ParityGenerator.scala. Using presentation compiler with project's scala-library version: 3.3.7
2026.03.04 15:54:05 INFO  no build target found for /Users/lorenhung/ucie/scala/src/main/scala/d2dadapter/ParityGenerator.scala. Using presentation compiler with project's scala-library version: 3.3.7
2026.03.04 15:54:06 WARN  no build target for: /Users/lorenhung/ucie/scala/src/main/scala/d2dadapter/ParityGenerator.scala
2026.03.04 15:54:06 INFO  no build target found for /Users/lorenhung/ucie/scala/src/main/scala/d2dadapter/ParityGenerator.scala. Using presentation compiler with project's scala-library version: 3.3.7
2026.03.04 15:54:06 INFO  no build target found for /Users/lorenhung/ucie/scala/src/main/scala/d2dadapter/ParityNegotiationSubmodule.scala. Using presentation compiler with project's scala-library version: 3.3.7
2026.03.04 15:54:07 WARN  no build target for: /Users/lorenhung/ucie/scala/src/main/scala/d2dadapter/ParityNegotiationSubmodule.scala
2026.03.04 15:54:06 INFO  no build target found for /Users/lorenhung/ucie/scala/src/main/scala/d2dadapter/ParityNegotiationSubmodule.scala. Using presentation compiler with project's scala-library version: 3.3.7
2026.03.04 15:54:07 INFO  no build target found for /Users/lorenhung/ucie/scala/src/main/scala/d2dadapter/ParityNegotiationSubmodule.scala. Using presentation compiler with project's scala-library version: 3.3.7
2026.03.04 15:54:07 INFO  no build target found for /Users/lorenhung/ucie/scala/src/main/scala/d2dadapter/ParityNegotiationSubmodule.scala. Using presentation compiler with project's scala-library version: 3.3.7
2026.03.04 15:54:07 INFO  no build target found for /Users/lorenhung/ucie/scala/src/main/scala/d2dadapter/ParityNegotiationSubmodule.scala. Using presentation compiler with project's scala-library version: 3.3.7
2026.03.04 15:54:07 INFO  no build target found for /Users/lorenhung/ucie/scala/src/main/scala/d2dadapter/ParityNegotiationSubmodule.scala. Using presentation compiler with project's scala-library version: 3.3.7
2026.03.04 15:54:07 INFO  no build target found for /Users/lorenhung/ucie/scala/src/main/scala/d2dadapter/ParityNegotiationSubmodule.scala. Using presentation compiler with project's scala-library version: 3.3.7
2026.03.04 15:54:07 INFO  no build target found for /Users/lorenhung/ucie/scala/src/main/scala/d2dadapter/ParityNegotiationSubmodule.scala. Using presentation compiler with project's scala-library version: 3.3.7
2026.03.04 15:54:07 INFO  no build target found for /Users/lorenhung/ucie/scala/src/main/scala/d2dadapter/ParityNegotiationSubmodule.scala. Using presentation compiler with project's scala-library version: 3.3.7
2026.03.04 15:54:08 INFO  no build target found for /Users/lorenhung/ucie/scala/src/main/scala/d2dadapter/ParityNegotiationSubmodule.scala. Using presentation compiler with project's scala-library version: 3.3.7
2026.03.04 15:54:08 INFO  no build target found for /Users/lorenhung/ucie/scala/src/main/scala/d2dadapter/ParityNegotiationSubmodule.scala. Using presentation compiler with project's scala-library version: 3.3.7
2026.03.04 15:54:09 WARN  no build target for: /Users/lorenhung/ucie/scala/src/main/scala/d2dadapter/ParityNegotiationSubmodule.scala
2026.03.04 15:54:09 INFO  no build target found for /Users/lorenhung/ucie/scala/src/main/scala/d2dadapter/ParityNegotiationSubmodule.scala. Using presentation compiler with project's scala-library version: 3.3.7
2026.03.04 15:54:09 INFO  no build target found for /Users/lorenhung/ucie/scala/src/main/scala/d2dadapter/StallHandler.scala. Using presentation compiler with project's scala-library version: 3.3.7
2026.03.04 15:54:09 WARN  no build target for: /Users/lorenhung/ucie/scala/src/main/scala/d2dadapter/StallHandler.scala
2026.03.04 15:54:09 INFO  no build target found for /Users/lorenhung/ucie/scala/src/main/scala/d2dadapter/StallHandler.scala. Using presentation compiler with project's scala-library version: 3.3.7
2026.03.04 15:54:09 INFO  no build target found for /Users/lorenhung/ucie/scala/src/main/scala/d2dadapter/StallHandler.scala. Using presentation compiler with project's scala-library version: 3.3.7
2026.03.04 15:54:10 INFO  no build target found for /Users/lorenhung/ucie/scala/src/main/scala/d2dadapter/StallHandler.scala. Using presentation compiler with project's scala-library version: 3.3.7
2026.03.04 15:54:10 INFO  no build target found for /Users/lorenhung/ucie/scala/src/main/scala/d2dadapter/StallHandler.scala. Using presentation compiler with project's scala-library version: 3.3.7
2026.03.04 15:54:10 INFO  no build target found for /Users/lorenhung/ucie/scala/src/main/scala/d2dadapter/StallHandler.scala. Using presentation compiler with project's scala-library version: 3.3.7
2026.03.04 15:54:10 INFO  no build target found for /Users/lorenhung/ucie/scala/src/main/scala/d2dadapter/StallHandler.scala. Using presentation compiler with project's scala-library version: 3.3.7
2026.03.04 15:54:11 INFO  no build target found for /Users/lorenhung/ucie/scala/src/main/scala/d2dadapter/StallHandler.scala. Using presentation compiler with project's scala-library version: 3.3.7
2026.03.04 15:54:11 INFO  no build target found for /Users/lorenhung/ucie/scala/src/main/scala/d2dadapter/StallHandler.scala. Using presentation compiler with project's scala-library version: 3.3.7
2026.03.04 15:54:11 WARN  no build target for: /Users/lorenhung/ucie/scala/src/main/scala/d2dadapter/StallHandler.scala
2026.03.04 15:54:11 INFO  no build target found for /Users/lorenhung/ucie/scala/src/main/scala/d2dadapter/StallHandler.scala. Using presentation compiler with project's scala-library version: 3.3.7
2026.03.04 15:54:15 INFO  no build target found for /Users/lorenhung/ucie/scala/src/main/scala/d2dadapter/StallHandler.scala. Using presentation compiler with project's scala-library version: 3.3.7
2026.03.04 15:54:15 INFO  no build target found for /Users/lorenhung/ucie/scala/src/main/scala/d2dadapter/StallHandler.scala. Using presentation compiler with project's scala-library version: 3.3.7
2026.03.04 15:54:15 INFO  no build target found for /Users/lorenhung/ucie/scala/src/main/scala/d2dadapter/StallHandler.scala. Using presentation compiler with project's scala-library version: 3.3.7
2026.03.04 15:54:15 WARN  no build target for: /Users/lorenhung/ucie/scala/src/main/scala/d2dadapter/StallHandler.scala
2026.03.04 15:54:16 INFO  no build target found for /Users/lorenhung/ucie/scala/src/main/scala/d2dadapter/StallHandler.scala. Using presentation compiler with project's scala-library version: 3.3.7
2026.03.04 15:54:17 INFO  no build target found for /Users/lorenhung/ucie/scala/src/main/scala/d2dadapter/StallHandler.scala. Using presentation compiler with project's scala-library version: 3.3.7
2026.03.04 15:54:17 INFO  no build target found for /Users/lorenhung/ucie/scala/src/main/scala/d2dadapter/StallHandler.scala. Using presentation compiler with project's scala-library version: 3.3.7
2026.03.04 15:54:17 INFO  no build target found for /Users/lorenhung/ucie/scala/src/main/scala/d2dadapter/StallHandler.scala. Using presentation compiler with project's scala-library version: 3.3.7
2026.03.04 15:54:17 INFO  no build target found for /Users/lorenhung/ucie/scala/src/test/scala/d2dadapter/StallHandlerTest.scala. Using presentation compiler with project's scala-library version: 3.3.7
2026.03.04 15:54:17 WARN  no build target for: /Users/lorenhung/ucie/scala/src/test/scala/d2dadapter/StallHandlerTest.scala
2026.03.04 15:54:17 INFO  no build target found for /Users/lorenhung/ucie/scala/src/test/scala/d2dadapter/StallHandlerTest.scala. Using presentation compiler with project's scala-library version: 3.3.7
2026.03.04 15:54:17 INFO  no build target found for /Users/lorenhung/ucie/scala/src/main/scala/d2dadapter/StallHandler.scala. Using presentation compiler with project's scala-library version: 3.3.7
2026.03.04 15:54:17 INFO  no build target found for /Users/lorenhung/ucie/scala/src/test/scala/d2dadapter/StallHandlerTest.scala. Using presentation compiler with project's scala-library version: 3.3.7
2026.03.04 15:54:17 WARN  no build target for: /Users/lorenhung/ucie/scala/src/test/scala/d2dadapter/StallHandlerTest.scala
2026.03.04 15:54:17 INFO  no build target found for /Users/lorenhung/ucie/scala/src/test/scala/d2dadapter/StallHandlerTest.scala. Using presentation compiler with project's scala-library version: 3.3.7
2026.03.04 15:54:17 INFO  no build target found for /Users/lorenhung/ucie/scala/src/main/scala/d2dadapter/StallHandler.scala. Using presentation compiler with project's scala-library version: 3.3.7
2026.03.04 15:54:17 WARN  no build target for: /Users/lorenhung/ucie/scala/src/main/scala/d2dadapter/StallHandler.scala
2026.03.04 15:54:17 INFO  no build target found for /Users/lorenhung/ucie/scala/src/main/scala/d2dadapter/StallHandler.scala. Using presentation compiler with project's scala-library version: 3.3.7
2026.03.04 15:54:27 INFO  no build target found for /Users/lorenhung/ucie/scala/src/main/scala/logphy/LinkTrainingSM.scala. Using presentation compiler with project's scala-library version: 3.3.7
2026.03.04 15:54:27 WARN  no build target for: /Users/lorenhung/ucie/scala/src/main/scala/logphy/LinkTrainingSM.scala
2026.03.04 15:54:27 INFO  no build target found for /Users/lorenhung/ucie/scala/src/main/scala/logphy/LinkTrainingSM.scala. Using presentation compiler with project's scala-library version: 3.3.7
2026.03.04 15:54:27 INFO  no build target found for /Users/lorenhung/ucie/scala/src/main/scala/logphy/LinkTrainingSM.scala. Using presentation compiler with project's scala-library version: 3.3.7
2026.03.04 15:54:33 WARN  no build target for: /Users/lorenhung/ucie/scala/src/main/scala/d2dadapter/D2DSidebandModule.scala
2026.03.04 15:54:33 INFO  no build target found for /Users/lorenhung/ucie/scala/src/main/scala/d2dadapter/D2DSidebandModule.scala. Using presentation compiler with project's scala-library version: 3.3.7
2026.03.04 15:54:34 INFO  no build target found for /Users/lorenhung/ucie/scala/src/main/scala/d2dadapter/D2DSidebandModule.scala. Using presentation compiler with project's scala-library version: 3.3.7
2026.03.04 15:54:34 INFO  no build target found for /Users/lorenhung/ucie/scala/src/main/scala/d2dadapter/D2DSidebandModule.scala. Using presentation compiler with project's scala-library version: 3.3.7
2026.03.04 15:54:34 INFO  no build target found for /Users/lorenhung/ucie/scala/src/main/scala/d2dadapter/D2DSidebandModule.scala. Using presentation compiler with project's scala-library version: 3.3.7
2026.03.04 15:54:34 INFO  no build target found for /Users/lorenhung/ucie/scala/src/main/scala/d2dadapter/D2DSidebandModule.scala. Using presentation compiler with project's scala-library version: 3.3.7
2026.03.04 15:54:34 INFO  no build target found for /Users/lorenhung/ucie/scala/src/main/scala/d2dadapter/D2DSidebandModule.scala. Using presentation compiler with project's scala-library version: 3.3.7
2026.03.04 15:54:34 INFO  no build target found for /Users/lorenhung/ucie/scala/src/main/scala/d2dadapter/D2DSidebandModule.scala. Using presentation compiler with project's scala-library version: 3.3.7
2026.03.04 15:54:34 INFO  no build target found for /Users/lorenhung/ucie/scala/src/main/scala/d2dadapter/D2DSidebandModule.scala. Using presentation compiler with project's scala-library version: 3.3.7
2026.03.04 15:54:34 INFO  no build target found for /Users/lorenhung/ucie/scala/src/main/scala/d2dadapter/D2DSidebandModule.scala. Using presentation compiler with project's scala-library version: 3.3.7
2026.03.04 15:54:35 INFO  no build target found for /Users/lorenhung/ucie/scala/src/main/scala/d2dadapter/D2DSidebandModule.scala. Using presentation compiler with project's scala-library version: 3.3.7
2026.03.04 15:54:34 INFO  no build target found for /Users/lorenhung/ucie/scala/src/main/scala/d2dadapter/D2DSidebandModule.scala. Using presentation compiler with project's scala-library version: 3.3.7
2026.03.04 15:54:34 INFO  no build target found for /Users/lorenhung/ucie/scala/src/main/scala/d2dadapter/D2DSidebandModule.scala. Using presentation compiler with project's scala-library version: 3.3.7
2026.03.04 15:54:36 INFO  no build target found for /Users/lorenhung/ucie/scala/src/main/scala/d2dadapter/D2DSidebandModule.scala. Using presentation compiler with project's scala-library version: 3.3.7
2026.03.04 15:54:36 INFO  no build target found for /Users/lorenhung/ucie/scala/src/main/scala/d2dadapter/D2DSidebandModule.scala. Using presentation compiler with project's scala-library version: 3.3.7
2026.03.04 15:54:36 INFO  no build target found for /Users/lorenhung/ucie/scala/src/main/scala/d2dadapter/D2DSidebandModule.scala. Using presentation compiler with project's scala-library version: 3.3.7
2026.03.04 15:54:36 INFO  no build target found for /Users/lorenhung/ucie/scala/src/main/scala/d2dadapter/D2DSidebandModule.scala. Using presentation compiler with project's scala-library version: 3.3.7
2026.03.04 15:54:35 INFO  no build target found for /Users/lorenhung/ucie/scala/src/main/scala/d2dadapter/D2DSidebandModule.scala. Using presentation compiler with project's scala-library version: 3.3.7
2026.03.04 15:54:36 INFO  no build target found for /Users/lorenhung/ucie/scala/src/main/scala/d2dadapter/D2DSidebandModule.scala. Using presentation compiler with project's scala-library version: 3.3.7
2026.03.04 15:54:36 INFO  no build target found for /Users/lorenhung/ucie/scala/src/main/scala/d2dadapter/D2DSidebandModule.scala. Using presentation compiler with project's scala-library version: 3.3.7
2026.03.04 15:54:36 INFO  no build target found for /Users/lorenhung/ucie/scala/src/main/scala/d2dadapter/D2DSidebandModule.scala. Using presentation compiler with project's scala-library version: 3.3.7
2026.03.04 15:54:36 INFO  no build target found for /Users/lorenhung/ucie/scala/src/main/scala/d2dadapter/D2DSidebandModule.scala. Using presentation compiler with project's scala-library version: 3.3.7
2026.03.04 15:54:37 WARN  no build target for: /Users/lorenhung/ucie/scala/src/main/scala/d2dadapter/D2DSidebandModule.scala
2026.03.04 15:54:37 INFO  no build target found for /Users/lorenhung/ucie/scala/src/main/scala/d2dadapter/D2DSidebandModule.scala. Using presentation compiler with project's scala-library version: 3.3.7
2026.03.04 15:54:37 INFO  no build target found for /Users/lorenhung/ucie/scala/src/main/scala/d2dadapter/D2DSidebandModule.scala. Using presentation compiler with project's scala-library version: 3.3.7
2026.03.04 15:54:37 INFO  no build target found for /Users/lorenhung/ucie/scala/src/main/scala/d2dadapter/D2DSidebandModule.scala. Using presentation compiler with project's scala-library version: 3.3.7
2026.03.04 15:54:37 INFO  no build target found for /Users/lorenhung/ucie/scala/src/main/scala/d2dadapter/D2DSidebandModule.scala. Using presentation compiler with project's scala-library version: 3.3.7
2026.03.04 15:54:38 WARN  no build target for: /Users/lorenhung/ucie/scala/src/main/scala/d2dadapter/D2DAdapterConstants.scala
2026.03.04 15:54:37 INFO  no build target found for /Users/lorenhung/ucie/scala/src/main/scala/d2dadapter/D2DAdapterConstants.scala. Using presentation compiler with project's scala-library version: 3.3.7
2026.03.04 15:54:39 WARN  no build target for: /Users/lorenhung/ucie/scala/src/main/scala/d2dadapter/D2DAdapter.scala
2026.03.04 15:54:39 INFO  no build target found for /Users/lorenhung/ucie/scala/src/main/scala/d2dadapter/D2DAdapter.scala. Using presentation compiler with project's scala-library version: 3.3.7
2026.03.04 15:54:40 INFO  no build target found for /Users/lorenhung/ucie/scala/src/main/scala/d2dadapter/D2DAdapter.scala. Using presentation compiler with project's scala-library version: 3.3.7
2026.03.04 15:54:40 INFO  no build target found for /Users/lorenhung/ucie/scala/src/main/scala/d2dadapter/D2DAdapter.scala. Using presentation compiler with project's scala-library version: 3.3.7
2026.03.04 15:54:40 INFO  no build target found for /Users/lorenhung/ucie/scala/src/main/scala/d2dadapter/D2DAdapter.scala. Using presentation compiler with project's scala-library version: 3.3.7
2026.03.04 15:54:40 INFO  no build target found for /Users/lorenhung/ucie/scala/src/main/scala/d2dadapter/D2DAdapter.scala. Using presentation compiler with project's scala-library version: 3.3.7
2026.03.04 15:54:40 INFO  no build target found for /Users/lorenhung/ucie/scala/src/main/scala/d2dadapter/D2DAdapter.scala. Using presentation compiler with project's scala-library version: 3.3.7
2026.03.04 15:54:40 INFO  no build target found for /Users/lorenhung/ucie/scala/src/main/scala/d2dadapter/D2DAdapter.scala. Using presentation compiler with project's scala-library version: 3.3.7
2026.03.04 15:54:41 WARN  no build target for: /Users/lorenhung/ucie/scala/src/main/scala/d2dadapter/D2DAdapter.scala
2026.03.04 15:54:41 INFO  no build target found for /Users/lorenhung/ucie/scala/src/main/scala/d2dadapter/D2DAdapter.scala. Using presentation compiler with project's scala-library version: 3.3.7
2026.03.04 15:54:42 WARN  no build target for: /Users/lorenhung/ucie/scala/src/main/scala/d2dadapter/D2DAdapterConstants.scala
2026.03.04 15:54:42 INFO  no build target found for /Users/lorenhung/ucie/scala/src/main/scala/d2dadapter/D2DAdapterConstants.scala. Using presentation compiler with project's scala-library version: 3.3.7
2026.03.04 15:54:44 INFO  no build target found for /Users/lorenhung/ucie/scala/src/main/scala/d2dadapter/D2DAdapterConstants.scala. Using presentation compiler with project's scala-library version: 3.3.7
2026.03.04 15:54:44 INFO  no build target found for /Users/lorenhung/ucie/scala/src/main/scala/d2dadapter/D2DAdapterConstants.scala. Using presentation compiler with project's scala-library version: 3.3.7
2026.03.04 15:54:45 INFO  no build target found for /Users/lorenhung/ucie/scala/src/main/scala/d2dadapter/D2DAdapterConstants.scala. Using presentation compiler with project's scala-library version: 3.3.7
2026.03.04 15:54:45 INFO  no build target found for /Users/lorenhung/ucie/scala/src/main/scala/d2dadapter/D2DAdapterConstants.scala. Using presentation compiler with project's scala-library version: 3.3.7
2026.03.04 15:54:45 WARN  no build target for: /Users/lorenhung/ucie/scala/src/main/scala/d2dadapter/D2DAdapterConstants.scala
2026.03.04 15:54:45 INFO  no build target found for /Users/lorenhung/ucie/scala/src/main/scala/d2dadapter/D2DAdapterConstants.scala. Using presentation compiler with project's scala-library version: 3.3.7
2026.03.04 15:54:45 WARN  no build target for: /Users/lorenhung/ucie/scala/src/main/scala/d2dadapter/D2DMainbandModule.scala
2026.03.04 15:54:45 INFO  no build target found for /Users/lorenhung/ucie/scala/src/main/scala/d2dadapter/D2DMainbandModule.scala. Using presentation compiler with project's scala-library version: 3.3.7
2026.03.04 15:54:47 INFO  no build target found for /Users/lorenhung/ucie/scala/src/main/scala/d2dadapter/D2DMainbandModule.scala. Using presentation compiler with project's scala-library version: 3.3.7
2026.03.04 15:54:47 INFO  no build target found for /Users/lorenhung/ucie/scala/src/main/scala/d2dadapter/D2DMainbandModule.scala. Using presentation compiler with project's scala-library version: 3.3.7
2026.03.04 15:54:47 INFO  no build target found for /Users/lorenhung/ucie/scala/src/main/scala/d2dadapter/D2DMainbandModule.scala. Using presentation compiler with project's scala-library version: 3.3.7
2026.03.04 15:54:47 INFO  no build target found for /Users/lorenhung/ucie/scala/src/main/scala/d2dadapter/D2DMainbandModule.scala. Using presentation compiler with project's scala-library version: 3.3.7
2026.03.04 15:54:48 WARN  no build target for: /Users/lorenhung/ucie/scala/src/main/scala/d2dadapter/D2DMainbandModule.scala
2026.03.04 15:54:48 INFO  no build target found for /Users/lorenhung/ucie/scala/src/main/scala/d2dadapter/D2DMainbandModule.scala. Using presentation compiler with project's scala-library version: 3.3.7
2026.03.04 15:54:48 INFO  no build target found for /Users/lorenhung/ucie/scala/src/main/scala/d2dadapter/D2DMainbandModule.scala. Using presentation compiler with project's scala-library version: 3.3.7
2026.03.04 15:54:48 INFO  no build target found for /Users/lorenhung/ucie/scala/src/main/scala/d2dadapter/D2DMainbandModule.scala. Using presentation compiler with project's scala-library version: 3.3.7
2026.03.04 15:54:48 INFO  no build target found for /Users/lorenhung/ucie/scala/src/main/scala/d2dadapter/D2DMainbandModule.scala. Using presentation compiler with project's scala-library version: 3.3.7
2026.03.04 15:54:49 WARN  no build target for: /Users/lorenhung/ucie/scala/src/main/scala/d2dadapter/D2DMainbandModule.scala
2026.03.04 15:54:49 INFO  no build target found for /Users/lorenhung/ucie/scala/src/main/scala/d2dadapter/D2DMainbandModule.scala. Using presentation compiler with project's scala-library version: 3.3.7
2026.03.04 15:54:49 WARN  no build target for: /Users/lorenhung/ucie/scala/src/main/scala/d2dadapter/D2DAdapterConstants.scala
2026.03.04 15:54:50 INFO  no build target found for /Users/lorenhung/ucie/scala/src/main/scala/d2dadapter/D2DAdapterConstants.scala. Using presentation compiler with project's scala-library version: 3.3.7
2026.03.04 15:54:51 INFO  no build target found for /Users/lorenhung/ucie/scala/src/main/scala/d2dadapter/D2DAdapterConstants.scala. Using presentation compiler with project's scala-library version: 3.3.7
2026.03.04 15:54:51 INFO  no build target found for /Users/lorenhung/ucie/scala/src/main/scala/d2dadapter/D2DAdapterConstants.scala. Using presentation compiler with project's scala-library version: 3.3.7
2026.03.04 15:54:51 INFO  no build target found for /Users/lorenhung/ucie/scala/src/main/scala/d2dadapter/D2DAdapterConstants.scala. Using presentation compiler with project's scala-library version: 3.3.7
2026.03.04 15:54:52 WARN  no build target for: /Users/lorenhung/ucie/scala/src/main/scala/d2dadapter/D2DAdapterConstants.scala
2026.03.04 15:54:51 INFO  no build target found for /Users/lorenhung/ucie/scala/src/main/scala/d2dadapter/D2DAdapterConstants.scala. Using presentation compiler with project's scala-library version: 3.3.7
2026.03.04 15:54:52 INFO  no build target found for /Users/lorenhung/ucie/scala/src/main/scala/d2dadapter/D2DAdapterConstants.scala. Using presentation compiler with project's scala-library version: 3.3.7
2026.03.04 15:54:52 INFO  no build target found for /Users/lorenhung/ucie/scala/src/main/scala/d2dadapter/D2DAdapterConstants.scala. Using presentation compiler with project's scala-library version: 3.3.7
2026.03.04 15:54:52 INFO  no build target found for /Users/lorenhung/ucie/scala/src/main/scala/d2dadapter/D2DAdapterConstants.scala. Using presentation compiler with project's scala-library version: 3.3.7
2026.03.04 15:54:52 INFO  no build target found for /Users/lorenhung/ucie/scala/src/main/scala/d2dadapter/D2DAdapterConstants.scala. Using presentation compiler with project's scala-library version: 3.3.7
2026.03.04 15:54:53 INFO  no build target found for /Users/lorenhung/ucie/scala/src/main/scala/d2dadapter/D2DAdapterConstants.scala. Using presentation compiler with project's scala-library version: 3.3.7
2026.03.04 15:54:53 INFO  no build target found for /Users/lorenhung/ucie/scala/src/main/scala/d2dadapter/D2DAdapterConstants.scala. Using presentation compiler with project's scala-library version: 3.3.7
2026.03.04 15:54:53 INFO  no build target found for /Users/lorenhung/ucie/scala/src/main/scala/d2dadapter/D2DAdapterConstants.scala. Using presentation compiler with project's scala-library version: 3.3.7
2026.03.04 15:54:53 INFO  no build target found for /Users/lorenhung/ucie/scala/src/main/scala/d2dadapter/D2DAdapterConstants.scala. Using presentation compiler with project's scala-library version: 3.3.7
2026.03.04 15:54:53 INFO  no build target found for /Users/lorenhung/ucie/scala/src/main/scala/d2dadapter/D2DAdapterConstants.scala. Using presentation compiler with project's scala-library version: 3.3.7
2026.03.04 15:54:54 WARN  no build target for: /Users/lorenhung/ucie/scala/src/main/scala/d2dadapter/D2DAdapterConstants.scala
2026.03.04 15:54:54 INFO  no build target found for /Users/lorenhung/ucie/scala/src/main/scala/d2dadapter/D2DAdapterConstants.scala. Using presentation compiler with project's scala-library version: 3.3.7
2026.03.04 15:54:54 WARN  no build target for: /Users/lorenhung/ucie/scala/src/main/scala/d2dadapter/D2DMainbandModule.scala
2026.03.04 15:54:54 INFO  no build target found for /Users/lorenhung/ucie/scala/src/main/scala/d2dadapter/D2DMainbandModule.scala. Using presentation compiler with project's scala-library version: 3.3.7
2026.03.04 15:54:56 INFO  no build target found for /Users/lorenhung/ucie/scala/src/main/scala/d2dadapter/D2DMainbandModule.scala. Using presentation compiler with project's scala-library version: 3.3.7
2026.03.04 15:54:57 INFO  no build target found for /Users/lorenhung/ucie/scala/src/main/scala/d2dadapter/D2DMainbandModule.scala. Using presentation compiler with project's scala-library version: 3.3.7
2026.03.04 15:54:57 INFO  no build target found for /Users/lorenhung/ucie/scala/src/main/scala/d2dadapter/D2DMainbandModule.scala. Using presentation compiler with project's scala-library version: 3.3.7
2026.03.04 15:54:57 INFO  no build target found for /Users/lorenhung/ucie/scala/src/main/scala/d2dadapter/D2DMainbandModule.scala. Using presentation compiler with project's scala-library version: 3.3.7
2026.03.04 15:54:58 INFO  no build target found for /Users/lorenhung/ucie/scala/src/main/scala/d2dadapter/D2DMainbandModule.scala. Using presentation compiler with project's scala-library version: 3.3.7
2026.03.04 15:54:58 INFO  no build target found for /Users/lorenhung/ucie/scala/src/main/scala/d2dadapter/D2DMainbandModule.scala. Using presentation compiler with project's scala-library version: 3.3.7
2026.03.04 15:54:58 INFO  no build target found for /Users/lorenhung/ucie/scala/src/main/scala/d2dadapter/D2DMainbandModule.scala. Using presentation compiler with project's scala-library version: 3.3.7
2026.03.04 15:54:58 WARN  no build target for: /Users/lorenhung/ucie/scala/src/main/scala/d2dadapter/D2DMainbandModule.scala
2026.03.04 15:54:58 INFO  no build target found for /Users/lorenhung/ucie/scala/src/main/scala/d2dadapter/D2DMainbandModule.scala. Using presentation compiler with project's scala-library version: 3.3.7
2026.03.04 15:54:58 WARN  no build target for: /Users/lorenhung/ucie/scala/src/main/scala/d2dadapter/D2DSidebandModule.scala
2026.03.04 15:54:59 INFO  no build target found for /Users/lorenhung/ucie/scala/src/main/scala/d2dadapter/D2DSidebandModule.scala. Using presentation compiler with project's scala-library version: 3.3.7
2026.03.04 15:55:00 WARN  no build target for: /Users/lorenhung/ucie/scala/src/main/scala/d2dadapter/LinkDisabledSubmodule.scala
2026.03.04 15:55:01 INFO  no build target found for /Users/lorenhung/ucie/scala/src/main/scala/d2dadapter/LinkDisabledSubmodule.scala. Using presentation compiler with project's scala-library version: 3.3.7
2026.03.04 15:55:01 INFO  no build target found for /Users/lorenhung/ucie/scala/src/main/scala/d2dadapter/LinkDisabledSubmodule.scala. Using presentation compiler with project's scala-library version: 3.3.7
2026.03.04 15:55:01 INFO  no build target found for /Users/lorenhung/ucie/scala/src/main/scala/d2dadapter/LinkDisabledSubmodule.scala. Using presentation compiler with project's scala-library version: 3.3.7
2026.03.04 15:55:02 INFO  no build target found for /Users/lorenhung/ucie/scala/src/main/scala/d2dadapter/LinkDisabledSubmodule.scala. Using presentation compiler with project's scala-library version: 3.3.7
2026.03.04 15:55:02 INFO  no build target found for /Users/lorenhung/ucie/scala/src/main/scala/d2dadapter/LinkDisabledSubmodule.scala. Using presentation compiler with project's scala-library version: 3.3.7
2026.03.04 15:55:03 WARN  no build target for: /Users/lorenhung/ucie/scala/src/main/scala/d2dadapter/LinkDisabledSubmodule.scala
2026.03.04 15:55:03 INFO  no build target found for /Users/lorenhung/ucie/scala/src/main/scala/d2dadapter/LinkDisabledSubmodule.scala. Using presentation compiler with project's scala-library version: 3.3.7
2026.03.04 15:55:03 WARN  no build target for: /Users/lorenhung/ucie/scala/src/main/scala/d2dadapter/LinkInitSubmodule.scala
2026.03.04 15:55:03 INFO  no build target found for /Users/lorenhung/ucie/scala/src/main/scala/d2dadapter/LinkInitSubmodule.scala. Using presentation compiler with project's scala-library version: 3.3.7
2026.03.04 15:55:04 INFO  no build target found for /Users/lorenhung/ucie/scala/src/main/scala/d2dadapter/LinkInitSubmodule.scala. Using presentation compiler with project's scala-library version: 3.3.7
2026.03.04 15:55:04 INFO  no build target found for /Users/lorenhung/ucie/scala/src/main/scala/d2dadapter/LinkInitSubmodule.scala. Using presentation compiler with project's scala-library version: 3.3.7
2026.03.04 15:55:04 INFO  no build target found for /Users/lorenhung/ucie/scala/src/main/scala/d2dadapter/LinkInitSubmodule.scala. Using presentation compiler with project's scala-library version: 3.3.7
2026.03.04 15:55:05 INFO  no build target found for /Users/lorenhung/ucie/scala/src/main/scala/d2dadapter/LinkInitSubmodule.scala. Using presentation compiler with project's scala-library version: 3.3.7
2026.03.04 15:55:05 INFO  no build target found for /Users/lorenhung/ucie/scala/src/main/scala/d2dadapter/LinkInitSubmodule.scala. Using presentation compiler with project's scala-library version: 3.3.7
2026.03.04 15:55:05 WARN  no build target for: /Users/lorenhung/ucie/scala/src/main/scala/d2dadapter/LinkInitSubmodule.scala
2026.03.04 15:55:05 INFO  no build target found for /Users/lorenhung/ucie/scala/src/main/scala/d2dadapter/LinkInitSubmodule.scala. Using presentation compiler with project's scala-library version: 3.3.7
2026.03.04 15:55:06 WARN  no build target for: /Users/lorenhung/ucie/scala/src/main/scala/d2dadapter/LinkManagementController.scala
2026.03.04 15:55:05 INFO  no build target found for /Users/lorenhung/ucie/scala/src/main/scala/d2dadapter/LinkManagementController.scala. Using presentation compiler with project's scala-library version: 3.3.7
2026.03.04 15:55:07 INFO  no build target found for /Users/lorenhung/ucie/scala/src/main/scala/d2dadapter/LinkManagementController.scala. Using presentation compiler with project's scala-library version: 3.3.7
2026.03.04 15:55:07 INFO  no build target found for /Users/lorenhung/ucie/scala/src/main/scala/d2dadapter/LinkManagementController.scala. Using presentation compiler with project's scala-library version: 3.3.7
2026.03.04 15:55:07 INFO  no build target found for /Users/lorenhung/ucie/scala/src/main/scala/d2dadapter/LinkManagementController.scala. Using presentation compiler with project's scala-library version: 3.3.7
2026.03.04 15:55:07 INFO  no build target found for /Users/lorenhung/ucie/scala/src/main/scala/d2dadapter/LinkManagementController.scala. Using presentation compiler with project's scala-library version: 3.3.7
2026.03.04 15:55:08 WARN  no build target for: /Users/lorenhung/ucie/scala/src/main/scala/d2dadapter/LinkResetSubmodule.scala
2026.03.04 15:55:08 INFO  no build target found for /Users/lorenhung/ucie/scala/src/main/scala/d2dadapter/LinkResetSubmodule.scala. Using presentation compiler with project's scala-library version: 3.3.7
2026.03.04 15:55:08 WARN  no build target for: /Users/lorenhung/ucie/scala/src/main/scala/d2dadapter/LinkManagementController.scala
2026.03.04 15:55:08 INFO  no build target found for /Users/lorenhung/ucie/scala/src/main/scala/d2dadapter/LinkResetSubmodule.scala. Using presentation compiler with project's scala-library version: 3.3.7
2026.03.04 15:55:09 INFO  no build target found for /Users/lorenhung/ucie/scala/src/main/scala/d2dadapter/LinkResetSubmodule.scala. Using presentation compiler with project's scala-library version: 3.3.7
2026.03.04 15:55:09 INFO  no build target found for /Users/lorenhung/ucie/scala/src/main/scala/d2dadapter/LinkResetSubmodule.scala. Using presentation compiler with project's scala-library version: 3.3.7
2026.03.04 15:55:10 INFO  no build target found for /Users/lorenhung/ucie/scala/src/main/scala/d2dadapter/LinkResetSubmodule.scala. Using presentation compiler with project's scala-library version: 3.3.7
2026.03.04 15:55:10 INFO  no build target found for /Users/lorenhung/ucie/scala/src/main/scala/d2dadapter/LinkResetSubmodule.scala. Using presentation compiler with project's scala-library version: 3.3.7
2026.03.04 15:55:10 WARN  no build target for: /Users/lorenhung/ucie/scala/src/main/scala/d2dadapter/ParityGenerator.scala
2026.03.04 15:55:10 INFO  no build target found for /Users/lorenhung/ucie/scala/src/main/scala/d2dadapter/ParityGenerator.scala. Using presentation compiler with project's scala-library version: 3.3.7
2026.03.04 15:55:10 WARN  no build target for: /Users/lorenhung/ucie/scala/src/main/scala/d2dadapter/LinkResetSubmodule.scala
2026.03.04 15:55:10 INFO  no build target found for /Users/lorenhung/ucie/scala/src/main/scala/d2dadapter/ParityGenerator.scala. Using presentation compiler with project's scala-library version: 3.3.7
2026.03.04 15:55:11 INFO  no build target found for /Users/lorenhung/ucie/scala/src/main/scala/d2dadapter/ParityGenerator.scala. Using presentation compiler with project's scala-library version: 3.3.7
2026.03.04 15:55:13 INFO  no build target found for /Users/lorenhung/ucie/scala/src/main/scala/d2dadapter/ParityGenerator.scala. Using presentation compiler with project's scala-library version: 3.3.7
2026.03.04 15:55:13 INFO  no build target found for /Users/lorenhung/ucie/scala/src/main/scala/d2dadapter/ParityGenerator.scala. Using presentation compiler with project's scala-library version: 3.3.7
2026.03.04 15:55:13 INFO  no build target found for /Users/lorenhung/ucie/scala/src/main/scala/d2dadapter/ParityGenerator.scala. Using presentation compiler with project's scala-library version: 3.3.7
2026.03.04 15:55:13 INFO  no build target found for /Users/lorenhung/ucie/scala/src/main/scala/d2dadapter/ParityGenerator.scala. Using presentation compiler with project's scala-library version: 3.3.7
2026.03.04 15:55:14 WARN  no build target for: /Users/lorenhung/ucie/scala/src/main/scala/d2dadapter/ParityGenerator.scala
2026.03.04 15:55:14 INFO  no build target found for /Users/lorenhung/ucie/scala/src/main/scala/d2dadapter/ParityGenerator.scala. Using presentation compiler with project's scala-library version: 3.3.7
2026.03.04 15:55:14 WARN  no build target for: /Users/lorenhung/ucie/scala/src/main/scala/d2dadapter/ParityNegotiationSubmodule.scala
2026.03.04 15:55:14 INFO  no build target found for /Users/lorenhung/ucie/scala/src/main/scala/d2dadapter/ParityNegotiationSubmodule.scala. Using presentation compiler with project's scala-library version: 3.3.7
2026.03.04 15:55:15 INFO  no build target found for /Users/lorenhung/ucie/scala/src/main/scala/d2dadapter/ParityNegotiationSubmodule.scala. Using presentation compiler with project's scala-library version: 3.3.7
2026.03.04 15:55:15 INFO  no build target found for /Users/lorenhung/ucie/scala/src/main/scala/d2dadapter/ParityNegotiationSubmodule.scala. Using presentation compiler with project's scala-library version: 3.3.7
2026.03.04 15:55:15 INFO  no build target found for /Users/lorenhung/ucie/scala/src/main/scala/d2dadapter/ParityNegotiationSubmodule.scala. Using presentation compiler with project's scala-library version: 3.3.7
2026.03.04 15:55:15 INFO  no build target found for /Users/lorenhung/ucie/scala/src/main/scala/d2dadapter/ParityNegotiationSubmodule.scala. Using presentation compiler with project's scala-library version: 3.3.7
2026.03.04 15:55:15 INFO  no build target found for /Users/lorenhung/ucie/scala/src/main/scala/d2dadapter/ParityNegotiationSubmodule.scala. Using presentation compiler with project's scala-library version: 3.3.7
2026.03.04 15:55:16 WARN  no build target for: /Users/lorenhung/ucie/scala/src/main/scala/d2dadapter/ParityNegotiationSubmodule.scala
2026.03.04 15:55:16 INFO  no build target found for /Users/lorenhung/ucie/scala/src/main/scala/d2dadapter/ParityNegotiationSubmodule.scala. Using presentation compiler with project's scala-library version: 3.3.7
2026.03.04 15:55:15 WARN  no build target for: /Users/lorenhung/ucie/scala/src/main/scala/d2dadapter/StallHandler.scala
2026.03.04 15:55:15 INFO  no build target found for /Users/lorenhung/ucie/scala/src/main/scala/d2dadapter/StallHandler.scala. Using presentation compiler with project's scala-library version: 3.3.7
2026.03.04 15:55:17 INFO  no build target found for /Users/lorenhung/ucie/scala/src/main/scala/d2dadapter/StallHandler.scala. Using presentation compiler with project's scala-library version: 3.3.7
2026.03.04 15:55:17 INFO  no build target found for /Users/lorenhung/ucie/scala/src/main/scala/d2dadapter/StallHandler.scala. Using presentation compiler with project's scala-library version: 3.3.7
2026.03.04 15:55:17 INFO  no build target found for /Users/lorenhung/ucie/scala/src/main/scala/d2dadapter/StallHandler.scala. Using presentation compiler with project's scala-library version: 3.3.7
2026.03.04 15:55:18 INFO  no build target found for /Users/lorenhung/ucie/scala/src/main/scala/d2dadapter/StallHandler.scala. Using presentation compiler with project's scala-library version: 3.3.7
2026.03.04 15:55:18 INFO  no build target found for /Users/lorenhung/ucie/scala/src/main/scala/d2dadapter/StallHandler.scala. Using presentation compiler with project's scala-library version: 3.3.7
2026.03.04 15:55:19 WARN  no build target for: /Users/lorenhung/ucie/scala/src/main/scala/d2dadapter/StallHandler.scala
2026.03.04 15:55:19 INFO  no build target found for /Users/lorenhung/ucie/scala/src/main/scala/d2dadapter/StallHandler.scala. Using presentation compiler with project's scala-library version: 3.3.7
2026.03.04 15:55:31 INFO  no build target found for /Users/lorenhung/ucie/scala/src/main/scala/logphy/LinkTrainingSM.scala. Using presentation compiler with project's scala-library version: 3.3.7
2026.03.04 15:55:31 INFO  no build target found for /Users/lorenhung/ucie/scala/mill-build/src/Deps.scala. Using presentation compiler with project's scala-library version: 3.3.7
2026.03.04 15:55:31 WARN  no build target for: /Users/lorenhung/ucie/scala/mill-build/src/Deps.scala
2026.03.04 15:55:31 INFO  no build target found for /Users/lorenhung/ucie/scala/mill-build/src/Deps.scala. Using presentation compiler with project's scala-library version: 3.3.7
2026.03.04 15:55:31 INFO  no build target found for /Users/lorenhung/ucie/scala/mill-build/src/Deps.scala. Using presentation compiler with project's scala-library version: 3.3.7
2026.03.04 15:55:31 INFO  no build target found for /Users/lorenhung/ucie/scala/mill-build/src/Deps.scala. Using presentation compiler with project's scala-library version: 3.3.7
2026.03.04 15:55:33 INFO  no build target found for /Users/lorenhung/ucie/scala/mill-build/src/Deps.scala. Using presentation compiler with project's scala-library version: 3.3.7
2026.03.04 15:55:33 INFO  no build target found for /Users/lorenhung/ucie/scala/mill-build/src/Deps.scala. Using presentation compiler with project's scala-library version: 3.3.7
2026.03.04 15:55:37 INFO  no build target found for /Users/lorenhung/ucie/scala/mill-build/src/Deps.scala. Using presentation compiler with project's scala-library version: 3.3.7
2026.03.04 15:55:37 INFO  no build target found for /Users/lorenhung/ucie/scala/build.sbt. Using presentation compiler with project's scala-library version: 3.3.7
2026.03.04 15:55:37 WARN  no build target for: /Users/lorenhung/ucie/scala/build.sbt
2026.03.04 15:55:37 INFO  no build target found for /Users/lorenhung/ucie/scala/build.sbt. Using presentation compiler with project's scala-library version: 3.3.7
2026.03.04 15:55:38 INFO  no build target found for /Users/lorenhung/ucie/scala/build.sbt. Using presentation compiler with project's scala-library version: 3.3.7
2026.03.04 15:55:37 INFO  no build target found for /Users/lorenhung/ucie/scala/build.sbt. Using presentation compiler with project's scala-library version: 3.3.7
2026.03.04 15:55:39 INFO  no build target found for /Users/lorenhung/ucie/scala/build.sbt. Using presentation compiler with project's scala-library version: 3.3.7
2026.03.04 15:55:39 INFO  no build target found for /Users/lorenhung/ucie/scala/build.sbt. Using presentation compiler with project's scala-library version: 3.3.7
2026.03.04 15:55:39 INFO  no build target found for /Users/lorenhung/ucie/scala/build.sbt. Using presentation compiler with project's scala-library version: 3.3.7
2026.03.04 15:55:40 INFO  no build target found for /Users/lorenhung/ucie/scala/build.sbt. Using presentation compiler with project's scala-library version: 3.3.7
2026.03.04 15:55:40 INFO  no build target found for /Users/lorenhung/ucie/scala/build.sbt. Using presentation compiler with project's scala-library version: 3.3.7
2026.03.04 15:55:40 INFO  no build target found for /Users/lorenhung/ucie/scala/build.sbt. Using presentation compiler with project's scala-library version: 3.3.7
2026.03.04 15:55:40 INFO  no build target found for /Users/lorenhung/ucie/scala/build.sbt. Using presentation compiler with project's scala-library version: 3.3.7
2026.03.04 15:55:40 INFO  no build target found for /Users/lorenhung/ucie/scala/build.sbt. Using presentation compiler with project's scala-library version: 3.3.7
2026.03.04 15:55:40 INFO  no build target found for /Users/lorenhung/ucie/scala/build.sbt. Using presentation compiler with project's scala-library version: 3.3.7
2026.03.04 15:55:40 INFO  no build target found for /Users/lorenhung/ucie/scala/build.sbt. Using presentation compiler with project's scala-library version: 3.3.7
2026.03.04 15:55:40 INFO  no build target found for /Users/lorenhung/ucie/scala/build.sbt. Using presentation compiler with project's scala-library version: 3.3.7
2026.03.04 15:55:41 INFO  no build target found for /Users/lorenhung/ucie/scala/build.sbt. Using presentation compiler with project's scala-library version: 3.3.7
2026.03.04 15:55:41 INFO  no build target found for /Users/lorenhung/ucie/scala/build.sbt. Using presentation compiler with project's scala-library version: 3.3.7
2026.03.04 15:55:42 WARN  no build target for: /Users/lorenhung/ucie/scala/build.sbt
2026.03.04 15:55:41 INFO  no build target found for /Users/lorenhung/ucie/scala/build.sbt. Using presentation compiler with project's scala-library version: 3.3.7
2026.03.04 15:55:42 INFO  no build target found for /Users/lorenhung/ucie/scala/build.sbt. Using presentation compiler with project's scala-library version: 3.3.7
2026.03.04 15:56:41 INFO  no build target found for /Users/lorenhung/ucie/scala/build.sbt. Using presentation compiler with project's scala-library version: 3.3.7
2026.03.04 15:56:41 INFO  no build target found for /Users/lorenhung/ucie/scala/build.sbt. Using presentation compiler with project's scala-library version: 3.3.7
2026.03.04 15:56:41 INFO  no build target found for /Users/lorenhung/ucie/scala/build.sbt. Using presentation compiler with project's scala-library version: 3.3.7
2026.03.04 15:56:41 INFO  no build target found for /Users/lorenhung/ucie/scala/build.sbt. Using presentation compiler with project's scala-library version: 3.3.7
2026.03.04 15:56:41 INFO  no build target found for /Users/lorenhung/ucie/scala/build.sbt. Using presentation compiler with project's scala-library version: 3.3.7
2026.03.04 15:56:41 INFO  no build target found for /Users/lorenhung/ucie/scala/build.sbt. Using presentation compiler with project's scala-library version: 3.3.7
Exception in thread "pool-750-thread-1" java.lang.InterruptedException
	at scala.meta.internal.metals.FutureCancelToken.checkCanceled(FutureCancelToken.scala:29)
	at scala.meta.internal.pc.CompilerAccess.onCompilerJobQueue$$anonfun$1(CompilerAccess.scala:208)
	at scala.meta.internal.pc.CompilerJobQueue$Job.run(CompilerJobQueue.scala:153)
	at java.base/java.util.concurrent.ThreadPoolExecutor.runWorker(ThreadPoolExecutor.java:1144)
	at java.base/java.util.concurrent.ThreadPoolExecutor$Worker.run(ThreadPoolExecutor.java:642)
	at java.base/java.lang.Thread.run(Thread.java:1575)
Exception in thread "pool-751-thread-1" java.lang.InterruptedException
	at scala.meta.internal.metals.FutureCancelToken.checkCanceled(FutureCancelToken.scala:29)
	at scala.meta.internal.pc.CompilerAccess.onCompilerJobQueue$$anonfun$1(CompilerAccess.scala:208)
	at scala.meta.internal.pc.CompilerJobQueue$Job.run(CompilerJobQueue.scala:153)
	at java.base/java.util.concurrent.ThreadPoolExecutor.runWorker(ThreadPoolExecutor.java:1144)
	at java.base/java.util.concurrent.ThreadPoolExecutor$Worker.run(ThreadPoolExecutor.java:642)
	at java.base/java.lang.Thread.run(Thread.java:1575)
Exception in thread "pool-752-thread-1" java.lang.InterruptedException
	at scala.meta.internal.metals.FutureCancelToken.checkCanceled(FutureCancelToken.scala:29)
	at scala.meta.internal.pc.CompilerAccess.onCompilerJobQueue$$anonfun$1(CompilerAccess.scala:208)
	at scala.meta.internal.pc.CompilerJobQueue$Job.run(CompilerJobQueue.scala:153)
	at java.base/java.util.concurrent.ThreadPoolExecutor.runWorker(ThreadPoolExecutor.java:1144)
	at java.base/java.util.concurrent.ThreadPoolExecutor$Worker.run(ThreadPoolExecutor.java:642)
	at java.base/java.lang.Thread.run(Thread.java:1575)
2026.03.04 15:56:41 INFO  no build target found for /Users/lorenhung/ucie/scala/build.sbt. Using presentation compiler with project's scala-library version: 3.3.7
Exception in thread "pool-753-thread-1" java.lang.InterruptedException
	at scala.meta.internal.metals.FutureCancelToken.checkCanceled(FutureCancelToken.scala:29)
	at scala.meta.internal.pc.CompilerAccess.onCompilerJobQueue$$anonfun$1(CompilerAccess.scala:208)
	at scala.meta.internal.pc.CompilerJobQueue$Job.run(CompilerJobQueue.scala:153)
	at java.base/java.util.concurrent.ThreadPoolExecutor.runWorker(ThreadPoolExecutor.java:1144)
	at java.base/java.util.concurrent.ThreadPoolExecutor$Worker.run(ThreadPoolExecutor.java:642)
	at java.base/java.lang.Thread.run(Thread.java:1575)
2026.03.04 15:56:41 INFO  no build target found for /Users/lorenhung/ucie/scala/build.sbt. Using presentation compiler with project's scala-library version: 3.3.7
2026.03.04 15:56:42 WARN  no build target for: /Users/lorenhung/ucie/scala/build.sbt
2026.03.04 15:56:41 INFO  no build target found for /Users/lorenhung/ucie/scala/build.sbt. Using presentation compiler with project's scala-library version: 3.3.7
2026.03.04 15:56:44 INFO  no build target found for /Users/lorenhung/ucie/scala/build.sbt. Using presentation compiler with project's scala-library version: 3.3.7
2026.03.04 15:56:44 INFO  no build target found for /Users/lorenhung/ucie/scala/build.sbt. Using presentation compiler with project's scala-library version: 3.3.7
2026.03.04 15:56:44 INFO  no build target found for /Users/lorenhung/ucie/scala/build.sbt. Using presentation compiler with project's scala-library version: 3.3.7
2026.03.04 15:56:44 INFO  no build target found for /Users/lorenhung/ucie/scala/build.sbt. Using presentation compiler with project's scala-library version: 3.3.7
2026.03.04 15:56:44 INFO  no build target found for /Users/lorenhung/ucie/scala/build.sbt. Using presentation compiler with project's scala-library version: 3.3.7
2026.03.04 15:56:44 INFO  no build target found for /Users/lorenhung/ucie/scala/build.sbt. Using presentation compiler with project's scala-library version: 3.3.7
2026.03.04 15:56:45 WARN  no build target for: /Users/lorenhung/ucie/scala/build.sbt
2026.03.04 15:56:45 INFO  no build target found for /Users/lorenhung/ucie/scala/build.sbt. Using presentation compiler with project's scala-library version: 3.3.7
2026.03.04 15:56:49 INFO  no build target found for /Users/lorenhung/ucie/scala/build.sbt. Using presentation compiler with project's scala-library version: 3.3.7
2026.03.04 15:56:49 INFO  no build target found for /Users/lorenhung/ucie/scala/build.sbt. Using presentation compiler with project's scala-library version: 3.3.7
2026.03.04 15:56:50 INFO  no build target found for /Users/lorenhung/ucie/scala/build.sbt. Using presentation compiler with project's scala-library version: 3.3.7
2026.03.04 15:56:49 INFO  no build target found for /Users/lorenhung/ucie/scala/build.sbt. Using presentation compiler with project's scala-library version: 3.3.7
2026.03.04 15:56:50 INFO  no build target found for /Users/lorenhung/ucie/scala/build.sbt. Using presentation compiler with project's scala-library version: 3.3.7
2026.03.04 15:56:49 INFO  no build target found for /Users/lorenhung/ucie/scala/build.sbt. Using presentation compiler with project's scala-library version: 3.3.7
2026.03.04 15:56:51 WARN  no build target for: /Users/lorenhung/ucie/scala/build.sbt
2026.03.04 15:56:51 INFO  no build target found for /Users/lorenhung/ucie/scala/build.sbt. Using presentation compiler with project's scala-library version: 3.3.7
2026.03.04 15:56:52 INFO  no build target found for /Users/lorenhung/ucie/scala/build.sbt. Using presentation compiler with project's scala-library version: 3.3.7
2026.03.04 15:56:53 INFO  no build target found for /Users/lorenhung/ucie/scala/build.sbt. Using presentation compiler with project's scala-library version: 3.3.7
2026.03.04 15:56:53 INFO  no build target found for /Users/lorenhung/ucie/scala/build.sbt. Using presentation compiler with project's scala-library version: 3.3.7
2026.03.04 15:56:52 INFO  no build target found for /Users/lorenhung/ucie/scala/build.sbt. Using presentation compiler with project's scala-library version: 3.3.7
2026.03.04 15:56:53 INFO  no build target found for /Users/lorenhung/ucie/scala/build.sbt. Using presentation compiler with project's scala-library version: 3.3.7
2026.03.04 15:56:53 INFO  no build target found for /Users/lorenhung/ucie/scala/build.sbt. Using presentation compiler with project's scala-library version: 3.3.7
2026.03.04 15:56:54 WARN  no build target for: /Users/lorenhung/ucie/scala/build.sbt
2026.03.04 15:56:54 INFO  no build target found for /Users/lorenhung/ucie/scala/build.sbt. Using presentation compiler with project's scala-library version: 3.3.7
2026.03.04 15:57:21 INFO  no build target found for /Users/lorenhung/ucie/scala/src/main/scala/d2dadapter/D2DAdapter.scala. Using presentation compiler with project's scala-library version: 3.3.7
2026.03.04 15:57:21 INFO  no build target found for /Users/lorenhung/ucie/scala/src/main/scala/d2dadapter/D2DAdapterConstants.scala. Using presentation compiler with project's scala-library version: 3.3.7
2026.03.04 15:57:22 INFO  no build target found for /Users/lorenhung/ucie/scala/src/main/scala/d2dadapter/D2DMainbandModule.scala. Using presentation compiler with project's scala-library version: 3.3.7
2026.03.04 15:57:22 INFO  no build target found for /Users/lorenhung/ucie/scala/src/main/scala/d2dadapter/D2DSidebandModule.scala. Using presentation compiler with project's scala-library version: 3.3.7
2026.03.04 15:57:23 INFO  no build target found for /Users/lorenhung/ucie/scala/src/main/scala/d2dadapter/LinkDisabledSubmodule.scala. Using presentation compiler with project's scala-library version: 3.3.7
2026.03.04 15:57:23 INFO  no build target found for /Users/lorenhung/ucie/scala/src/main/scala/d2dadapter/LinkInitSubmodule.scala. Using presentation compiler with project's scala-library version: 3.3.7
2026.03.04 15:57:25 WARN  no build target for: /Users/lorenhung/ucie/scala/src/main/scala/d2dadapter/LinkManagementController.scala
2026.03.04 15:57:25 INFO  no build target found for /Users/lorenhung/ucie/scala/src/main/scala/d2dadapter/LinkManagementController.scala. Using presentation compiler with project's scala-library version: 3.3.7
2026.03.04 15:57:26 INFO  no build target found for /Users/lorenhung/ucie/scala/src/main/scala/d2dadapter/LinkManagementController.scala. Using presentation compiler with project's scala-library version: 3.3.7
2026.03.04 15:57:26 WARN  no build target for: /Users/lorenhung/ucie/scala/build.sbt
2026.03.04 15:57:25 INFO  no build target found for /Users/lorenhung/ucie/scala/build.sbt. Using presentation compiler with project's scala-library version: 3.3.7
2026.03.04 15:57:27 INFO  no build target found for /Users/lorenhung/ucie/scala/src/main/scala/d2dadapter/LinkResetSubmodule.scala. Using presentation compiler with project's scala-library version: 3.3.7
2026.03.04 15:57:28 INFO  no build target found for /Users/lorenhung/ucie/scala/src/main/scala/d2dadapter/ParityGenerator.scala. Using presentation compiler with project's scala-library version: 3.3.7
2026.03.04 15:57:29 INFO  no build target found for /Users/lorenhung/ucie/scala/src/main/scala/d2dadapter/ParityNegotiationSubmodule.scala. Using presentation compiler with project's scala-library version: 3.3.7
2026.03.04 15:57:31 INFO  no build target found for /Users/lorenhung/ucie/scala/src/main/scala/d2dadapter/StallHandler.scala. Using presentation compiler with project's scala-library version: 3.3.7
2026.03.04 15:57:31 INFO  no build target found for /Users/lorenhung/ucie/scala/build.sbt. Using presentation compiler with project's scala-library version: 3.3.7
2026.03.04 15:57:31 WARN  no build target for: /Users/lorenhung/ucie/scala/build.mill
2026.03.04 15:57:31 INFO  no build target found for /Users/lorenhung/ucie/scala/build.mill. Using presentation compiler with project's scala-library version: 3.3.7
2026.03.04 15:57:31 INFO  no build target found for /Users/lorenhung/ucie/scala/build.mill. Using presentation compiler with project's scala-library version: 3.3.7
2026.03.04 15:57:40 INFO  no build target found for /Users/lorenhung/ucie/scala/build.mill. Using presentation compiler with project's scala-library version: 3.3.7
2026.03.04 15:57:40 INFO  no build target found for /Users/lorenhung/ucie/scala/build.mill. Using presentation compiler with project's scala-library version: 3.3.7
Exception in thread "pool-788-thread-1" java.lang.InterruptedException
	at scala.meta.internal.metals.FutureCancelToken.checkCanceled(FutureCancelToken.scala:29)
	at scala.meta.internal.pc.CompilerAccess.onCompilerJobQueue$$anonfun$1(CompilerAccess.scala:208)
	at scala.meta.internal.pc.CompilerJobQueue$Job.run(CompilerJobQueue.scala:153)
	at java.base/java.util.concurrent.ThreadPoolExecutor.runWorker(ThreadPoolExecutor.java:1144)
	at java.base/java.util.concurrent.ThreadPoolExecutor$Worker.run(ThreadPoolExecutor.java:642)
	at java.base/java.lang.Thread.run(Thread.java:1575)
2026.03.04 15:57:40 INFO  Created report: Optional[file:///Users/lorenhung/ucie/scala/build.mill]
2026.03.04 15:57:40 INFO  empty definition using pc, found symbol in pc:  (full report at: "/Users/lorenhung/ucie/.metals/.reports/metals-full/2026-03-04/r_empty-definition_15-57-40-449.md")
2026.03.04 15:57:58 INFO  no build target found for /Users/lorenhung/ucie/scala/mill-build/src/Deps.scala. Using presentation compiler with project's scala-library version: 3.3.7
2026.03.04 15:57:58 WARN  no build target for: /Users/lorenhung/ucie/scala/mill-build/src/Deps.scala
2026.03.04 15:57:58 INFO  no build target found for /Users/lorenhung/ucie/scala/mill-build/src/Deps.scala. Using presentation compiler with project's scala-library version: 3.3.7
2026.03.04 15:57:58 INFO  no build target found for /Users/lorenhung/ucie/scala/mill-build/src/Deps.scala. Using presentation compiler with project's scala-library version: 3.3.7
2026.03.04 15:58:03 INFO  no build target found for /Users/lorenhung/ucie/scala/mill-build/src/Deps.scala. Using presentation compiler with project's scala-library version: 3.3.7
2026.03.04 15:58:03 INFO  no build target found for /Users/lorenhung/ucie/scala/build.sbt. Using presentation compiler with project's scala-library version: 3.3.7
2026.03.04 15:58:03 WARN  no build target for: /Users/lorenhung/ucie/scala/build.sbt
2026.03.04 15:58:03 INFO  no build target found for /Users/lorenhung/ucie/scala/build.sbt. Using presentation compiler with project's scala-library version: 3.3.7
2026.03.04 15:58:03 INFO  no build target found for /Users/lorenhung/ucie/scala/build.sbt. Using presentation compiler with project's scala-library version: 3.3.7
2026.03.04 15:58:07 INFO  no build target found for /Users/lorenhung/ucie/scala/build.sbt. Using presentation compiler with project's scala-library version: 3.3.7
2026.03.04 15:58:07 INFO  no build target found for /Users/lorenhung/ucie/scala/build.sbt. Using presentation compiler with project's scala-library version: 3.3.7
2026.03.04 15:58:07 INFO  no build target found for /Users/lorenhung/ucie/scala/build.sbt. Using presentation compiler with project's scala-library version: 3.3.7
2026.03.04 15:58:07 INFO  no build target found for /Users/lorenhung/ucie/scala/build.sbt. Using presentation compiler with project's scala-library version: 3.3.7
2026.03.04 15:58:07 INFO  no build target found for /Users/lorenhung/ucie/scala/build.sbt. Using presentation compiler with project's scala-library version: 3.3.7
2026.03.04 15:58:07 INFO  no build target found for /Users/lorenhung/ucie/scala/build.sbt. Using presentation compiler with project's scala-library version: 3.3.7
2026.03.04 15:58:07 WARN  no build target for: /Users/lorenhung/ucie/scala/build.sbt
2026.03.04 15:58:08 INFO  no build target found for /Users/lorenhung/ucie/scala/build.sbt. Using presentation compiler with project's scala-library version: 3.3.7
2026.03.04 15:58:09 INFO  no build target found for /Users/lorenhung/ucie/scala/build.sbt. Using presentation compiler with project's scala-library version: 3.3.7
2026.03.04 15:58:09 INFO  no build target found for /Users/lorenhung/ucie/scala/build.sbt. Using presentation compiler with project's scala-library version: 3.3.7
2026.03.04 15:58:09 INFO  no build target found for /Users/lorenhung/ucie/scala/build.sbt. Using presentation compiler with project's scala-library version: 3.3.7
2026.03.04 15:58:09 WARN  no build target for: /Users/lorenhung/ucie/scala/build.sbt
2026.03.04 15:58:10 INFO  no build target found for /Users/lorenhung/ucie/scala/build.sbt. Using presentation compiler with project's scala-library version: 3.3.7
2026.03.04 15:58:23 INFO  no build target found for /Users/lorenhung/ucie/scala/build.sbt. Using presentation compiler with project's scala-library version: 3.3.7
2026.03.04 15:58:23 INFO  no build target found for /Users/lorenhung/ucie/scala/build.sbt. Using presentation compiler with project's scala-library version: 3.3.7
2026.03.04 15:58:25 INFO  no build target found for /Users/lorenhung/ucie/scala/build.sbt. Using presentation compiler with project's scala-library version: 3.3.7
2026.03.04 15:58:26 INFO  no build target found for /Users/lorenhung/ucie/scala/build.sbt. Using presentation compiler with project's scala-library version: 3.3.7
2026.03.04 15:58:29 INFO  no build target found for /Users/lorenhung/ucie/scala/build.sbt. Using presentation compiler with project's scala-library version: 3.3.7
2026.03.04 15:58:29 INFO  no build target found for /Users/lorenhung/ucie/scala/build.sbt. Using presentation compiler with project's scala-library version: 3.3.7
Exception in thread "pool-810-thread-1" java.lang.InterruptedException
	at scala.meta.internal.metals.FutureCancelToken.checkCanceled(FutureCancelToken.scala:29)
	at scala.meta.internal.pc.CompilerAccess.onCompilerJobQueue$$anonfun$1(CompilerAccess.scala:208)
	at scala.meta.internal.pc.CompilerJobQueue$Job.run(CompilerJobQueue.scala:153)
	at java.base/java.util.concurrent.ThreadPoolExecutor.runWorker(ThreadPoolExecutor.java:1144)
	at java.base/java.util.concurrent.ThreadPoolExecutor$Worker.run(ThreadPoolExecutor.java:642)
	at java.base/java.lang.Thread.run(Thread.java:1575)
2026.03.04 16:00:00 INFO  no build target found for /Users/lorenhung/ucie/scala/build.sbt. Using presentation compiler with project's scala-library version: 3.3.7
2026.03.04 16:00:14 INFO  no build target found for /Users/lorenhung/ucie/scala/build.sbt. Using presentation compiler with project's scala-library version: 3.3.7
2026.03.04 16:00:45 INFO  no build target found for /Users/lorenhung/ucie/scala/build.mill. Using presentation compiler with project's scala-library version: 3.3.7
2026.03.04 16:00:45 INFO  no build target found for /Users/lorenhung/ucie/build.mill. Using presentation compiler with project's scala-library version: 3.3.7
2026.03.04 16:00:45 WARN  no build target for: /Users/lorenhung/ucie/build.mill
2026.03.04 16:00:45 INFO  no build target found for /Users/lorenhung/ucie/scala/build.sbt. Using presentation compiler with project's scala-library version: 3.3.7
2026.03.04 16:01:20 WARN  no build target for: /Users/lorenhung/ucie/build.mill
2026.03.04 16:01:21 INFO  no build target found for /Users/lorenhung/ucie/build.mill. Using presentation compiler with project's scala-library version: 3.3.7
2026.03.04 16:01:32 INFO  no build target found for /Users/lorenhung/ucie/build.mill. Using presentation compiler with project's scala-library version: 3.3.7
2026.03.04 16:01:32 INFO  no build target found for /Users/lorenhung/ucie/build.mill. Using presentation compiler with project's scala-library version: 3.3.7
2026.03.04 16:01:32 INFO  no build target found for /Users/lorenhung/ucie/build.mill. Using presentation compiler with project's scala-library version: 3.3.7
2026.03.04 16:01:33 WARN  no build target for: /Users/lorenhung/ucie/build.mill
2026.03.04 16:01:32 INFO  no build target found for /Users/lorenhung/ucie/build.mill. Using presentation compiler with project's scala-library version: 3.3.7
2026.03.04 16:01:41 INFO  no build target found for /Users/lorenhung/ucie/build.mill. Using presentation compiler with project's scala-library version: 3.3.7
2026.03.04 16:01:41 INFO  no build target found for /Users/lorenhung/ucie/build.mill. Using presentation compiler with project's scala-library version: 3.3.7
2026.03.04 16:01:41 INFO  no build target found for /Users/lorenhung/ucie/build.mill. Using presentation compiler with project's scala-library version: 3.3.7
2026.03.04 16:01:42 WARN  no build target for: /Users/lorenhung/ucie/build.mill
2026.03.04 16:01:42 INFO  no build target found for /Users/lorenhung/ucie/build.mill. Using presentation compiler with project's scala-library version: 3.3.7
2026.03.04 16:01:43 INFO  no build target found for /Users/lorenhung/ucie/build.mill. Using presentation compiler with project's scala-library version: 3.3.7
2026.03.04 16:01:43 INFO  no build target found for /Users/lorenhung/ucie/build.mill. Using presentation compiler with project's scala-library version: 3.3.7
2026.03.04 16:01:43 INFO  no build target found for /Users/lorenhung/ucie/build.mill. Using presentation compiler with project's scala-library version: 3.3.7
2026.03.04 16:01:46 INFO  no build target found for /Users/lorenhung/ucie/build.mill. Using presentation compiler with project's scala-library version: 3.3.7
2026.03.04 16:01:46 INFO  no build target found for /Users/lorenhung/ucie/build.mill. Using presentation compiler with project's scala-library version: 3.3.7
2026.03.04 16:01:46 INFO  no build target found for /Users/lorenhung/ucie/build.mill. Using presentation compiler with project's scala-library version: 3.3.7
2026.03.04 16:01:59 INFO  no build target found for /Users/lorenhung/ucie/build.mill. Using presentation compiler with project's scala-library version: 3.3.7
2026.03.04 16:01:59 WARN  no build target for: /Users/lorenhung/ucie/build.mill
2026.03.04 16:01:59 INFO  no build target found for /Users/lorenhung/ucie/build.mill. Using presentation compiler with project's scala-library version: 3.3.7
2026.03.04 16:01:59 INFO  no build target found for /Users/lorenhung/ucie/build.mill. Using presentation compiler with project's scala-library version: 3.3.7
2026.03.04 16:02:01 INFO  no build target found for /Users/lorenhung/ucie/build.mill. Using presentation compiler with project's scala-library version: 3.3.7
2026.03.04 16:02:01 INFO  no build target found for /Users/lorenhung/ucie/build.mill. Using presentation compiler with project's scala-library version: 3.3.7
2026.03.04 16:02:01 INFO  no build target found for /Users/lorenhung/ucie/build.mill. Using presentation compiler with project's scala-library version: 3.3.7
2026.03.04 16:02:02 WARN  no build target for: /Users/lorenhung/ucie/build.mill
2026.03.04 16:02:01 INFO  no build target found for /Users/lorenhung/ucie/build.mill. Using presentation compiler with project's scala-library version: 3.3.7
2026.03.04 16:02:09 WARN  no build target for: /Users/lorenhung/ucie/mill-build/src/Deps.scala
2026.03.04 16:02:09 INFO  no build target found for /Users/lorenhung/ucie/mill-build/src/Deps.scala. Using presentation compiler with project's scala-library version: 3.3.7
2026.03.04 16:02:09 INFO  no build target found for /Users/lorenhung/ucie/mill-build/src/Deps.scala. Using presentation compiler with project's scala-library version: 3.3.7
2026.03.04 16:02:09 INFO  no build target found for /Users/lorenhung/ucie/mill-build/src/Deps.scala. Using presentation compiler with project's scala-library version: 3.3.7
2026.03.04 16:02:11 INFO  no build target found for /Users/lorenhung/ucie/mill-build/src/Deps.scala. Using presentation compiler with project's scala-library version: 3.3.7
2026.03.04 16:02:18 WARN  no build target for: /Users/lorenhung/ucie/build.mill
2026.03.04 16:02:18 INFO  no build target found for /Users/lorenhung/ucie/build.mill. Using presentation compiler with project's scala-library version: 3.3.7
2026.03.04 16:02:21 WARN  no build target for: /Users/lorenhung/ucie/mill-build/src/Deps.scala
2026.03.04 16:02:21 INFO  no build target found for /Users/lorenhung/ucie/mill-build/src/Deps.scala. Using presentation compiler with project's scala-library version: 3.3.7
2026.03.04 16:02:28 INFO  no build target found for /Users/lorenhung/ucie/mill-build/src/Deps.scala. Using presentation compiler with project's scala-library version: 3.3.7
2026.03.04 16:02:29 WARN  no build target for: /Users/lorenhung/ucie/build.mill
2026.03.04 16:02:29 INFO  no build target found for /Users/lorenhung/ucie/build.mill. Using presentation compiler with project's scala-library version: 3.3.7
2026.03.04 16:02:31 INFO  no build target found for /Users/lorenhung/ucie/build.mill. Using presentation compiler with project's scala-library version: 3.3.7
2026.03.04 16:02:31 INFO  no build target found for /Users/lorenhung/ucie/build.mill. Using presentation compiler with project's scala-library version: 3.3.7
2026.03.04 16:02:31 INFO  no build target found for /Users/lorenhung/ucie/build.mill. Using presentation compiler with project's scala-library version: 3.3.7
2026.03.04 16:02:32 INFO  no build target found for /Users/lorenhung/ucie/build.mill. Using presentation compiler with project's scala-library version: 3.3.7
2026.03.04 16:02:31 INFO  no build target found for /Users/lorenhung/ucie/build.mill. Using presentation compiler with project's scala-library version: 3.3.7
2026.03.04 16:02:32 INFO  no build target found for /Users/lorenhung/ucie/build.mill. Using presentation compiler with project's scala-library version: 3.3.7
2026.03.04 16:02:33 WARN  no build target for: /Users/lorenhung/ucie/build.mill
2026.03.04 16:02:33 INFO  no build target found for /Users/lorenhung/ucie/build.mill. Using presentation compiler with project's scala-library version: 3.3.7
2026.03.04 16:02:51 INFO  no build target found for /Users/lorenhung/ucie/build.mill. Using presentation compiler with project's scala-library version: 3.3.7
2026.03.04 16:02:51 INFO  no build target found for /Users/lorenhung/ucie/build.mill. Using presentation compiler with project's scala-library version: 3.3.7
2026.03.04 16:02:51 INFO  no build target found for /Users/lorenhung/ucie/build.mill. Using presentation compiler with project's scala-library version: 3.3.7
2026.03.04 16:02:51 INFO  no build target found for /Users/lorenhung/ucie/build.mill. Using presentation compiler with project's scala-library version: 3.3.7
2026.03.04 16:02:51 INFO  no build target found for /Users/lorenhung/ucie/build.mill. Using presentation compiler with project's scala-library version: 3.3.7
2026.03.04 16:02:51 INFO  no build target found for /Users/lorenhung/ucie/build.mill. Using presentation compiler with project's scala-library version: 3.3.7
2026.03.04 16:02:51 INFO  no build target found for /Users/lorenhung/ucie/build.mill. Using presentation compiler with project's scala-library version: 3.3.7
2026.03.04 16:02:51 INFO  no build target found for /Users/lorenhung/ucie/build.mill. Using presentation compiler with project's scala-library version: 3.3.7
2026.03.04 16:02:51 INFO  no build target found for /Users/lorenhung/ucie/build.mill. Using presentation compiler with project's scala-library version: 3.3.7
2026.03.04 16:02:51 INFO  no build target found for /Users/lorenhung/ucie/build.mill. Using presentation compiler with project's scala-library version: 3.3.7
2026.03.04 16:02:51 INFO  no build target found for /Users/lorenhung/ucie/build.mill. Using presentation compiler with project's scala-library version: 3.3.7
2026.03.04 16:02:51 INFO  no build target found for /Users/lorenhung/ucie/build.mill. Using presentation compiler with project's scala-library version: 3.3.7
2026.03.04 16:02:52 WARN  no build target for: /Users/lorenhung/ucie/build.mill
2026.03.04 16:02:52 INFO  no build target found for /Users/lorenhung/ucie/build.mill. Using presentation compiler with project's scala-library version: 3.3.7
2026.03.04 16:03:39 INFO  no build target found for /Users/lorenhung/ucie/scala/src/main/scala/logphy/LinkTrainingSM.scala. Using presentation compiler with project's scala-library version: 3.3.7
2026.03.04 16:03:39 WARN  no build target for: /Users/lorenhung/ucie/scala/src/main/scala/logphy/LinkTrainingSM.scala
2026.03.04 16:03:39 INFO  no build target found for /Users/lorenhung/ucie/scala/src/main/scala/logphy/LinkTrainingSM.scala. Using presentation compiler with project's scala-library version: 3.3.7
2026.03.04 16:03:39 INFO  no build target found for /Users/lorenhung/ucie/scala/src/main/scala/logphy/LinkTrainingSM.scala. Using presentation compiler with project's scala-library version: 3.3.7
2026.03.04 16:03:53 INFO  no build target found for /Users/lorenhung/ucie/scala/src/main/scala/logphy/LinkTrainingSM.scala. Using presentation compiler with project's scala-library version: 3.3.7
2026.03.04 16:03:53 INFO  no build target found for /Users/lorenhung/ucie/scala/src/main/scala/logphy/PatternWriter.scala. Using presentation compiler with project's scala-library version: 3.3.7
2026.03.04 16:03:53 WARN  no build target for: /Users/lorenhung/ucie/scala/src/main/scala/logphy/PatternWriter.scala
2026.03.04 16:03:53 INFO  no build target found for /Users/lorenhung/ucie/scala/src/main/scala/logphy/PatternWriter.scala. Using presentation compiler with project's scala-library version: 3.3.7
2026.03.04 16:03:53 INFO  no build target found for /Users/lorenhung/ucie/scala/src/main/scala/logphy/PatternWriter.scala. Using presentation compiler with project's scala-library version: 3.3.7
2026.03.04 16:03:58 INFO  no build target found for /Users/lorenhung/ucie/scala/src/main/scala/logphy/PatternWriter.scala. Using presentation compiler with project's scala-library version: 3.3.7
2026.03.04 16:03:58 INFO  no build target found for /Users/lorenhung/ucie/scala/src/main/scala/logphy/PhyControlSignalTranslator.scala. Using presentation compiler with project's scala-library version: 3.3.7
2026.03.04 16:03:58 WARN  no build target for: /Users/lorenhung/ucie/scala/src/main/scala/logphy/PhyControlSignalTranslator.scala
2026.03.04 16:03:58 INFO  no build target found for /Users/lorenhung/ucie/scala/src/main/scala/logphy/PhyControlSignalTranslator.scala. Using presentation compiler with project's scala-library version: 3.3.7
2026.03.04 16:03:59 INFO  no build target found for /Users/lorenhung/ucie/scala/src/main/scala/logphy/PhyControlSignalTranslator.scala. Using presentation compiler with project's scala-library version: 3.3.7
2026.03.04 16:04:02 INFO  no build target found for /Users/lorenhung/ucie/scala/src/main/scala/logphy/PhyControlSignalTranslator.scala. Using presentation compiler with project's scala-library version: 3.3.7
2026.03.04 16:04:02 INFO  no build target found for /Users/lorenhung/ucie/scala/src/main/scala/logphy/LinkTrainingSM.scala. Using presentation compiler with project's scala-library version: 3.3.7
2026.03.04 16:04:02 WARN  no build target for: /Users/lorenhung/ucie/scala/src/main/scala/logphy/LinkTrainingSM.scala
2026.03.04 16:04:02 INFO  no build target found for /Users/lorenhung/ucie/scala/src/main/scala/logphy/LinkTrainingSM.scala. Using presentation compiler with project's scala-library version: 3.3.7
2026.03.04 16:04:03 INFO  no build target found for /Users/lorenhung/ucie/scala/src/main/scala/logphy/LinkTrainingSM.scala. Using presentation compiler with project's scala-library version: 3.3.7
2026.03.04 16:04:06 INFO  no build target found for /Users/lorenhung/ucie/scala/src/main/scala/logphy/LinkTrainingSM.scala. Using presentation compiler with project's scala-library version: 3.3.7
2026.03.04 16:04:06 INFO  no build target found for /Users/lorenhung/ucie/scala/src/main/scala/logphy/UcieLFSR.scala. Using presentation compiler with project's scala-library version: 3.3.7
2026.03.04 16:04:06 WARN  no build target for: /Users/lorenhung/ucie/scala/src/main/scala/logphy/UcieLFSR.scala
2026.03.04 16:04:06 INFO  no build target found for /Users/lorenhung/ucie/scala/src/main/scala/logphy/UcieLFSR.scala. Using presentation compiler with project's scala-library version: 3.3.7
2026.03.04 16:04:07 INFO  no build target found for /Users/lorenhung/ucie/scala/src/main/scala/logphy/UcieLFSR.scala. Using presentation compiler with project's scala-library version: 3.3.7
2026.03.04 16:04:10 INFO  no build target found for /Users/lorenhung/ucie/scala/src/main/scala/logphy/UcieLFSR.scala. Using presentation compiler with project's scala-library version: 3.3.7
2026.03.04 16:04:10 INFO  no build target found for /Users/lorenhung/ucie/scala/src/main/scala/logphy/linktraining/MBInitSM.scala. Using presentation compiler with project's scala-library version: 3.3.7
2026.03.04 16:04:10 WARN  no build target for: /Users/lorenhung/ucie/scala/src/main/scala/logphy/linktraining/MBInitSM.scala
2026.03.04 16:04:10 INFO  no build target found for /Users/lorenhung/ucie/scala/src/main/scala/logphy/linktraining/MBInitSM.scala. Using presentation compiler with project's scala-library version: 3.3.7
2026.03.04 16:04:10 INFO  no build target found for /Users/lorenhung/ucie/scala/src/main/scala/logphy/linktraining/MBInitSM.scala. Using presentation compiler with project's scala-library version: 3.3.7
2026.03.04 16:04:13 INFO  no build target found for /Users/lorenhung/ucie/scala/src/main/scala/logphy/linktraining/MBInitSM.scala. Using presentation compiler with project's scala-library version: 3.3.7
2026.03.04 16:04:13 INFO  no build target found for /Users/lorenhung/ucie/scala/src/main/scala/logphy/linktraining/MBTrainSM.scala. Using presentation compiler with project's scala-library version: 3.3.7
2026.03.04 16:04:13 WARN  no build target for: /Users/lorenhung/ucie/scala/src/main/scala/logphy/linktraining/MBTrainSM.scala
2026.03.04 16:04:13 INFO  no build target found for /Users/lorenhung/ucie/scala/src/main/scala/logphy/linktraining/MBTrainSM.scala. Using presentation compiler with project's scala-library version: 3.3.7
2026.03.04 16:04:13 INFO  no build target found for /Users/lorenhung/ucie/scala/src/main/scala/logphy/linktraining/MBTrainSM.scala. Using presentation compiler with project's scala-library version: 3.3.7
2026.03.04 16:04:21 INFO  no build target found for /Users/lorenhung/ucie/scala/src/main/scala/logphy/linktraining/MBTrainSM.scala. Using presentation compiler with project's scala-library version: 3.3.7
2026.03.04 16:04:21 INFO  no build target found for /Users/lorenhung/ucie/scala/src/main/scala/logphy/linktraining/RxD2CEyeWidthSweep.scala. Using presentation compiler with project's scala-library version: 3.3.7
2026.03.04 16:04:21 WARN  no build target for: /Users/lorenhung/ucie/scala/src/main/scala/logphy/linktraining/RxD2CEyeWidthSweep.scala
2026.03.04 16:04:21 INFO  no build target found for /Users/lorenhung/ucie/scala/src/main/scala/logphy/linktraining/RxD2CEyeWidthSweep.scala. Using presentation compiler with project's scala-library version: 3.3.7
2026.03.04 16:04:22 INFO  no build target found for /Users/lorenhung/ucie/scala/src/main/scala/logphy/linktraining/RxD2CEyeWidthSweep.scala. Using presentation compiler with project's scala-library version: 3.3.7
2026.03.04 16:04:21 INFO  no build target found for /Users/lorenhung/ucie/scala/src/main/scala/logphy/linktraining/RxD2CEyeWidthSweep.scala. Using presentation compiler with project's scala-library version: 3.3.7
2026.03.04 16:04:21 INFO  no build target found for /Users/lorenhung/ucie/scala/src/main/scala/logphy/linktraining/RxD2CPointTest.scala. Using presentation compiler with project's scala-library version: 3.3.7
2026.03.04 16:04:22 WARN  no build target for: /Users/lorenhung/ucie/scala/src/main/scala/logphy/linktraining/RxD2CPointTest.scala
2026.03.04 16:04:22 INFO  no build target found for /Users/lorenhung/ucie/scala/src/main/scala/logphy/linktraining/RxD2CPointTest.scala. Using presentation compiler with project's scala-library version: 3.3.7
2026.03.04 16:04:22 INFO  no build target found for /Users/lorenhung/ucie/scala/src/main/scala/logphy/linktraining/RxD2CPointTest.scala. Using presentation compiler with project's scala-library version: 3.3.7
2026.03.04 16:04:23 INFO  no build target found for /Users/lorenhung/ucie/scala/src/main/scala/logphy/linktraining/RxD2CPointTest.scala. Using presentation compiler with project's scala-library version: 3.3.7
2026.03.04 16:04:23 INFO  no build target found for /Users/lorenhung/ucie/scala/src/main/scala/logphy/linktraining/TxD2CEyeWidthSweep.scala. Using presentation compiler with project's scala-library version: 3.3.7
2026.03.04 16:04:23 WARN  no build target for: /Users/lorenhung/ucie/scala/src/main/scala/logphy/linktraining/TxD2CEyeWidthSweep.scala
2026.03.04 16:04:22 INFO  no build target found for /Users/lorenhung/ucie/scala/src/main/scala/logphy/linktraining/TxD2CEyeWidthSweep.scala. Using presentation compiler with project's scala-library version: 3.3.7
2026.03.04 16:04:23 INFO  no build target found for /Users/lorenhung/ucie/scala/src/main/scala/logphy/linktraining/TxD2CEyeWidthSweep.scala. Using presentation compiler with project's scala-library version: 3.3.7
2026.03.04 16:04:23 INFO  no build target found for /Users/lorenhung/ucie/scala/src/main/scala/logphy/linktraining/TxD2CEyeWidthSweep.scala. Using presentation compiler with project's scala-library version: 3.3.7
2026.03.04 16:04:23 INFO  no build target found for /Users/lorenhung/ucie/scala/src/main/scala/logphy/linktraining/TxD2CPointTest.scala. Using presentation compiler with project's scala-library version: 3.3.7
2026.03.04 16:04:22 WARN  no build target for: /Users/lorenhung/ucie/scala/src/main/scala/logphy/linktraining/TxD2CPointTest.scala
2026.03.04 16:04:23 INFO  no build target found for /Users/lorenhung/ucie/scala/src/main/scala/logphy/linktraining/TxD2CPointTest.scala. Using presentation compiler with project's scala-library version: 3.3.7
2026.03.04 16:04:24 INFO  no build target found for /Users/lorenhung/ucie/scala/src/main/scala/logphy/linktraining/TxD2CPointTest.scala. Using presentation compiler with project's scala-library version: 3.3.7
2026.03.04 16:04:24 INFO  no build target found for /Users/lorenhung/ucie/scala/src/main/scala/logphy/linktraining/TxD2CPointTest.scala. Using presentation compiler with project's scala-library version: 3.3.7
2026.03.04 16:04:24 INFO  no build target found for /Users/lorenhung/ucie/scala/src/test/scala/logphy/LinkTrainingSMTest.scala. Using presentation compiler with project's scala-library version: 3.3.7
2026.03.04 16:04:24 WARN  no build target for: /Users/lorenhung/ucie/scala/src/test/scala/logphy/LinkTrainingSMTest.scala
2026.03.04 16:04:24 INFO  no build target found for /Users/lorenhung/ucie/scala/src/test/scala/logphy/LinkTrainingSMTest.scala. Using presentation compiler with project's scala-library version: 3.3.7
2026.03.04 16:04:24 INFO  no build target found for /Users/lorenhung/ucie/scala/src/test/scala/logphy/LinkTrainingSMTest.scala. Using presentation compiler with project's scala-library version: 3.3.7
2026.03.04 16:04:33 INFO  no build target found for /Users/lorenhung/ucie/scala/src/test/scala/logphy/LinkTrainingSMTest.scala. Using presentation compiler with project's scala-library version: 3.3.7
2026.03.04 16:04:33 INFO  no build target found for /Users/lorenhung/ucie/scala/src/main/scala/logphy/PhyControlSignalTranslator.scala. Using presentation compiler with project's scala-library version: 3.3.7
2026.03.04 16:04:33 WARN  no build target for: /Users/lorenhung/ucie/scala/src/main/scala/logphy/PhyControlSignalTranslator.scala
2026.03.04 16:04:33 INFO  no build target found for /Users/lorenhung/ucie/scala/src/main/scala/logphy/PhyControlSignalTranslator.scala. Using presentation compiler with project's scala-library version: 3.3.7
2026.03.04 16:04:33 INFO  no build target found for /Users/lorenhung/ucie/scala/src/main/scala/logphy/PhyControlSignalTranslator.scala. Using presentation compiler with project's scala-library version: 3.3.7
2026.03.04 16:04:37 INFO  no build target found for /Users/lorenhung/ucie/scala/src/main/scala/logphy/PhyControlSignalTranslator.scala. Using presentation compiler with project's scala-library version: 3.3.7
2026.03.04 16:04:38 INFO  no build target found for /Users/lorenhung/ucie/scala/src/main/scala/logphy/LinkTrainingSM.scala. Using presentation compiler with project's scala-library version: 3.3.7
2026.03.04 16:04:38 WARN  no build target for: /Users/lorenhung/ucie/scala/src/main/scala/logphy/LinkTrainingSM.scala
2026.03.04 16:04:38 INFO  no build target found for /Users/lorenhung/ucie/scala/src/main/scala/logphy/LinkTrainingSM.scala. Using presentation compiler with project's scala-library version: 3.3.7
2026.03.04 16:04:38 INFO  no build target found for /Users/lorenhung/ucie/scala/src/main/scala/logphy/LinkTrainingSM.scala. Using presentation compiler with project's scala-library version: 3.3.7
2026.03.04 16:04:40 INFO  no build target found for /Users/lorenhung/ucie/scala/src/main/scala/logphy/LinkTrainingSM.scala. Using presentation compiler with project's scala-library version: 3.3.7
2026.03.04 16:04:40 INFO  no build target found for /Users/lorenhung/ucie/scala/src/main/scala/logphy/PhyControlSignalTranslator.scala. Using presentation compiler with project's scala-library version: 3.3.7
2026.03.04 16:04:40 WARN  no build target for: /Users/lorenhung/ucie/scala/src/main/scala/logphy/PhyControlSignalTranslator.scala
2026.03.04 16:04:40 INFO  no build target found for /Users/lorenhung/ucie/scala/src/main/scala/logphy/PhyControlSignalTranslator.scala. Using presentation compiler with project's scala-library version: 3.3.7
2026.03.04 16:04:40 INFO  no build target found for /Users/lorenhung/ucie/scala/src/main/scala/logphy/PhyControlSignalTranslator.scala. Using presentation compiler with project's scala-library version: 3.3.7
2026.03.04 16:04:40 INFO  no build target found for /Users/lorenhung/ucie/scala/src/main/scala/logphy/PhyControlSignalTranslator.scala. Using presentation compiler with project's scala-library version: 3.3.7
2026.03.04 16:05:02 INFO  no build target found for /Users/lorenhung/ucie/scala/src/main/scala/logphy/LinkTrainingSM.scala. Using presentation compiler with project's scala-library version: 3.3.7
2026.03.04 16:05:02 WARN  no build target for: /Users/lorenhung/ucie/scala/src/main/scala/logphy/LinkTrainingSM.scala
2026.03.04 16:05:02 INFO  no build target found for /Users/lorenhung/ucie/scala/src/main/scala/logphy/PhyControlSignalTranslator.scala. Using presentation compiler with project's scala-library version: 3.3.7
2026.03.04 16:05:06 INFO  no build target found for /Users/lorenhung/ucie/scala/src/main/scala/logphy/PhyControlSignalTranslator.scala. Using presentation compiler with project's scala-library version: 3.3.7
2026.03.04 16:05:06 INFO  no build target found for /Users/lorenhung/ucie/scala/src/main/scala/logphy/PhyControlSignalTranslator.scala. Using presentation compiler with project's scala-library version: 3.3.7
2026.03.04 16:05:06 INFO  no build target found for /Users/lorenhung/ucie/scala/src/main/scala/logphy/PhyControlSignalTranslator.scala. Using presentation compiler with project's scala-library version: 3.3.7
2026.03.04 16:05:09 INFO  no build target found for /Users/lorenhung/ucie/scala/src/main/scala/logphy/PhyControlSignalTranslator.scala. Using presentation compiler with project's scala-library version: 3.3.7
2026.03.04 16:05:51 INFO  no build target found for /Users/lorenhung/ucie/scala/src/main/scala/d2dadapter/D2DAdapter.scala. Using presentation compiler with project's scala-library version: 3.3.7
2026.03.04 16:05:51 WARN  no build target for: /Users/lorenhung/ucie/scala/src/main/scala/d2dadapter/D2DAdapter.scala
2026.03.04 16:05:51 INFO  no build target found for /Users/lorenhung/ucie/scala/src/main/scala/logphy/PhyControlSignalTranslator.scala. Using presentation compiler with project's scala-library version: 3.3.7
2026.03.04 16:05:56 WARN  no build target for: /Users/lorenhung/ucie/scala/src/main/scala/d2dadapter/D2DSidebandModule.scala
2026.03.04 16:05:56 INFO  no build target found for /Users/lorenhung/ucie/scala/src/main/scala/d2dadapter/D2DSidebandModule.scala. Using presentation compiler with project's scala-library version: 3.3.7
2026.03.04 16:05:56 INFO  no build target found for /Users/lorenhung/ucie/scala/src/main/scala/logphy/PhyControlSignalTranslator.scala. Using presentation compiler with project's scala-library version: 3.3.7
2026.03.04 16:05:57 INFO  no build target found for /Users/lorenhung/ucie/scala/src/main/scala/d2dadapter/D2DMainbandModule.scala. Using presentation compiler with project's scala-library version: 3.3.7
2026.03.04 16:05:57 WARN  no build target for: /Users/lorenhung/ucie/scala/src/main/scala/d2dadapter/D2DMainbandModule.scala
2026.03.04 16:05:56 INFO  no build target found for /Users/lorenhung/ucie/scala/src/main/scala/logphy/PhyControlSignalTranslator.scala. Using presentation compiler with project's scala-library version: 3.3.7
2026.03.04 16:05:57 INFO  no build target found for /Users/lorenhung/ucie/scala/src/main/scala/d2dadapter/LinkManagementController.scala. Using presentation compiler with project's scala-library version: 3.3.7
2026.03.04 16:05:57 WARN  no build target for: /Users/lorenhung/ucie/scala/src/main/scala/d2dadapter/LinkManagementController.scala
2026.03.04 16:05:58 INFO  no build target found for /Users/lorenhung/ucie/scala/src/main/scala/logphy/PhyControlSignalTranslator.scala. Using presentation compiler with project's scala-library version: 3.3.7
2026.03.04 16:05:57 INFO  no build target found for /Users/lorenhung/ucie/scala/src/main/scala/d2dadapter/LinkDisabledSubmodule.scala. Using presentation compiler with project's scala-library version: 3.3.7
2026.03.04 16:05:58 WARN  no build target for: /Users/lorenhung/ucie/scala/src/main/scala/d2dadapter/LinkDisabledSubmodule.scala
2026.03.04 16:05:57 INFO  no build target found for /Users/lorenhung/ucie/scala/src/main/scala/logphy/PhyControlSignalTranslator.scala. Using presentation compiler with project's scala-library version: 3.3.7
2026.03.04 16:05:58 INFO  no build target found for /Users/lorenhung/ucie/scala/src/main/scala/d2dadapter/LinkResetSubmodule.scala. Using presentation compiler with project's scala-library version: 3.3.7
2026.03.04 16:05:58 WARN  no build target for: /Users/lorenhung/ucie/scala/src/main/scala/d2dadapter/LinkResetSubmodule.scala
2026.03.04 16:05:57 INFO  no build target found for /Users/lorenhung/ucie/scala/src/main/scala/logphy/PhyControlSignalTranslator.scala. Using presentation compiler with project's scala-library version: 3.3.7
2026.03.04 16:05:59 INFO  no build target found for /Users/lorenhung/ucie/scala/src/main/scala/d2dadapter/LinkInitSubmodule.scala. Using presentation compiler with project's scala-library version: 3.3.7
2026.03.04 16:05:58 WARN  no build target for: /Users/lorenhung/ucie/scala/src/main/scala/d2dadapter/LinkInitSubmodule.scala
2026.03.04 16:05:59 INFO  no build target found for /Users/lorenhung/ucie/scala/src/main/scala/logphy/PhyControlSignalTranslator.scala. Using presentation compiler with project's scala-library version: 3.3.7
2026.03.04 16:05:59 INFO  no build target found for /Users/lorenhung/ucie/scala/src/main/scala/d2dadapter/ParityGenerator.scala. Using presentation compiler with project's scala-library version: 3.3.7
2026.03.04 16:05:59 WARN  no build target for: /Users/lorenhung/ucie/scala/src/main/scala/d2dadapter/ParityGenerator.scala
2026.03.04 16:05:59 INFO  no build target found for /Users/lorenhung/ucie/scala/src/main/scala/logphy/PhyControlSignalTranslator.scala. Using presentation compiler with project's scala-library version: 3.3.7
2026.03.04 16:05:59 INFO  no build target found for /Users/lorenhung/ucie/scala/src/main/scala/protocol/ProtocolLayer.scala. Using presentation compiler with project's scala-library version: 3.3.7
2026.03.04 16:06:00 WARN  no build target for: /Users/lorenhung/ucie/scala/src/main/scala/protocol/ProtocolLayer.scala
2026.03.04 16:05:59 INFO  no build target found for /Users/lorenhung/ucie/scala/src/main/scala/logphy/PhyControlSignalTranslator.scala. Using presentation compiler with project's scala-library version: 3.3.7
2026.03.04 16:06:02 INFO  no build target found for /Users/lorenhung/ucie/scala/src/test/scala/d2dadapter/D2DAdapterTest.scala. Using presentation compiler with project's scala-library version: 3.3.7
2026.03.04 16:06:02 WARN  no build target for: /Users/lorenhung/ucie/scala/src/test/scala/d2dadapter/D2DAdapterTest.scala
2026.03.04 16:06:02 INFO  no build target found for /Users/lorenhung/ucie/scala/src/main/scala/logphy/PhyControlSignalTranslator.scala. Using presentation compiler with project's scala-library version: 3.3.7
2026.03.04 16:06:02 INFO  no build target found for /Users/lorenhung/ucie/scala/src/test/scala/d2dadapter/D2DMainbandModuleTest.scala. Using presentation compiler with project's scala-library version: 3.3.7
2026.03.04 16:06:02 WARN  no build target for: /Users/lorenhung/ucie/scala/src/test/scala/d2dadapter/D2DMainbandModuleTest.scala
2026.03.04 16:06:02 INFO  no build target found for /Users/lorenhung/ucie/scala/src/main/scala/logphy/PhyControlSignalTranslator.scala. Using presentation compiler with project's scala-library version: 3.3.7
2026.03.04 16:06:03 INFO  no build target found for /Users/lorenhung/ucie/scala/src/test/scala/d2dadapter/D2DSidebandModuleTest.scala. Using presentation compiler with project's scala-library version: 3.3.7
2026.03.04 16:06:03 WARN  no build target for: /Users/lorenhung/ucie/scala/src/test/scala/d2dadapter/D2DSidebandModuleTest.scala
2026.03.04 16:06:03 INFO  no build target found for /Users/lorenhung/ucie/scala/src/main/scala/logphy/PhyControlSignalTranslator.scala. Using presentation compiler with project's scala-library version: 3.3.7
2026.03.04 16:06:03 INFO  no build target found for /Users/lorenhung/ucie/scala/src/test/scala/d2dadapter/LinkManagementControllerTest.scala. Using presentation compiler with project's scala-library version: 3.3.7
2026.03.04 16:06:03 WARN  no build target for: /Users/lorenhung/ucie/scala/src/test/scala/d2dadapter/LinkManagementControllerTest.scala
2026.03.04 16:06:03 INFO  no build target found for /Users/lorenhung/ucie/scala/src/main/scala/logphy/PhyControlSignalTranslator.scala. Using presentation compiler with project's scala-library version: 3.3.7
2026.03.04 16:06:03 INFO  no build target found for /Users/lorenhung/ucie/scala/src/test/scala/d2dadapter/LinkDisabledSubmoduleTest.scala. Using presentation compiler with project's scala-library version: 3.3.7
2026.03.04 16:06:04 WARN  no build target for: /Users/lorenhung/ucie/scala/src/test/scala/d2dadapter/LinkDisabledSubmoduleTest.scala
2026.03.04 16:06:03 INFO  no build target found for /Users/lorenhung/ucie/scala/src/main/scala/logphy/PhyControlSignalTranslator.scala. Using presentation compiler with project's scala-library version: 3.3.7
2026.03.04 16:06:04 INFO  no build target found for /Users/lorenhung/ucie/scala/src/test/scala/d2dadapter/LinkInitSubmoduleTest.scala. Using presentation compiler with project's scala-library version: 3.3.7
2026.03.04 16:06:04 WARN  no build target for: /Users/lorenhung/ucie/scala/src/test/scala/d2dadapter/LinkInitSubmoduleTest.scala
2026.03.04 16:06:04 INFO  no build target found for /Users/lorenhung/ucie/scala/src/main/scala/logphy/PhyControlSignalTranslator.scala. Using presentation compiler with project's scala-library version: 3.3.7
2026.03.04 16:06:04 INFO  no build target found for /Users/lorenhung/ucie/scala/src/test/scala/d2dadapter/LinkResetSubmoduleTest.scala. Using presentation compiler with project's scala-library version: 3.3.7
2026.03.04 16:06:05 WARN  no build target for: /Users/lorenhung/ucie/scala/src/test/scala/d2dadapter/LinkResetSubmoduleTest.scala
2026.03.04 16:06:05 INFO  no build target found for /Users/lorenhung/ucie/scala/src/main/scala/logphy/PhyControlSignalTranslator.scala. Using presentation compiler with project's scala-library version: 3.3.7
2026.03.04 16:06:05 INFO  no build target found for /Users/lorenhung/ucie/scala/src/test/scala/d2dadapter/ParityGenerator.scala. Using presentation compiler with project's scala-library version: 3.3.7
2026.03.04 16:06:04 WARN  no build target for: /Users/lorenhung/ucie/scala/src/test/scala/d2dadapter/ParityGenerator.scala
2026.03.04 16:06:05 INFO  no build target found for /Users/lorenhung/ucie/scala/src/main/scala/logphy/PhyControlSignalTranslator.scala. Using presentation compiler with project's scala-library version: 3.3.7
2026.03.04 16:07:03 WARN  no build target for: /Users/lorenhung/ucie/scala/src/test/scala/d2dadapter/ParityGenerator.scala
2026.03.04 16:07:03 INFO  no build target found for /Users/lorenhung/ucie/scala/src/test/scala/d2dadapter/ParityGenerator.scala. Using presentation compiler with project's scala-library version: 3.3.7
2026.03.04 16:07:47 INFO  no build target found for /Users/lorenhung/ucie/scala/src/main/scala/interfaces/Types.scala. Using presentation compiler with project's scala-library version: 3.3.7
2026.03.04 16:07:47 WARN  no build target for: /Users/lorenhung/ucie/scala/src/main/scala/interfaces/Types.scala
2026.03.04 16:07:48 INFO  no build target found for /Users/lorenhung/ucie/scala/src/main/scala/interfaces/Types.scala. Using presentation compiler with project's scala-library version: 3.3.7
2026.03.04 16:07:48 INFO  no build target found for /Users/lorenhung/ucie/scala/src/main/scala/interfaces/Types.scala. Using presentation compiler with project's scala-library version: 3.3.7
2026.03.04 16:09:13 INFO  no build target found for /Users/lorenhung/ucie/scala/src/main/scala/interfaces/Types.scala. Using presentation compiler with project's scala-library version: 3.3.7
2026.03.04 16:09:13 INFO  no build target found for /Users/lorenhung/ucie/scala/src/main/scala/interfaces/Afe.scala. Using presentation compiler with project's scala-library version: 3.3.7
2026.03.04 16:09:13 WARN  no build target for: /Users/lorenhung/ucie/scala/src/main/scala/interfaces/Afe.scala
2026.03.04 16:09:13 INFO  no build target found for /Users/lorenhung/ucie/scala/src/main/scala/interfaces/Afe.scala. Using presentation compiler with project's scala-library version: 3.3.7
2026.03.04 16:09:13 WARN  Could not find semantic tokens for: file:///Users/lorenhung/ucie/scala/src/main/scala/interfaces/Afe.scala
2026.03.04 16:09:13 INFO  no build target found for /Users/lorenhung/ucie/scala/src/main/scala/interfaces/Afe.scala. Using presentation compiler with project's scala-library version: 3.3.7
2026.03.04 16:09:13 WARN  Could not find semantic tokens for: file:///Users/lorenhung/ucie/scala/src/main/scala/interfaces/Afe.scala
2026.03.04 16:09:18 INFO  no build target found for /Users/lorenhung/ucie/scala/src/main/scala/interfaces/Afe.scala. Using presentation compiler with project's scala-library version: 3.3.7
2026.03.04 16:09:18 INFO  no build target found for /Users/lorenhung/ucie/scala/src/main/scala/interfaces/Afe.scala. Using presentation compiler with project's scala-library version: 3.3.7
2026.03.04 16:09:18 INFO  no build target found for /Users/lorenhung/ucie/scala/src/main/scala/interfaces/Afe.scala. Using presentation compiler with project's scala-library version: 3.3.7
2026.03.04 16:09:18 WARN  no build target for: /Users/lorenhung/ucie/scala/src/main/scala/interfaces/Afe.scala
2026.03.04 16:09:19 INFO  no build target found for /Users/lorenhung/ucie/scala/src/main/scala/interfaces/Afe.scala. Using presentation compiler with project's scala-library version: 3.3.7
2026.03.04 16:09:21 INFO  no build target found for /Users/lorenhung/ucie/scala/src/main/scala/interfaces/Afe.scala. Using presentation compiler with project's scala-library version: 3.3.7
2026.03.04 16:09:21 INFO  no build target found for /Users/lorenhung/ucie/scala/src/main/scala/interfaces/Afe.scala. Using presentation compiler with project's scala-library version: 3.3.7
2026.03.04 16:09:22 INFO  no build target found for /Users/lorenhung/ucie/scala/src/main/scala/interfaces/Afe.scala. Using presentation compiler with project's scala-library version: 3.3.7
2026.03.04 16:09:24 INFO  no build target found for /Users/lorenhung/ucie/scala/src/main/scala/interfaces/Afe.scala. Using presentation compiler with project's scala-library version: 3.3.7
2026.03.04 16:09:24 INFO  no build target found for /Users/lorenhung/ucie/scala/src/main/scala/interfaces/Afe.scala. Using presentation compiler with project's scala-library version: 3.3.7
2026.03.04 16:09:24 INFO  no build target found for /Users/lorenhung/ucie/scala/src/main/scala/interfaces/Afe.scala. Using presentation compiler with project's scala-library version: 3.3.7
2026.03.04 16:09:25 WARN  no build target for: /Users/lorenhung/ucie/scala/src/main/scala/interfaces/Afe.scala
2026.03.04 16:09:24 INFO  no build target found for /Users/lorenhung/ucie/scala/src/main/scala/interfaces/Afe.scala. Using presentation compiler with project's scala-library version: 3.3.7
2026.03.04 16:09:27 INFO  no build target found for /Users/lorenhung/ucie/scala/src/main/scala/interfaces/Afe.scala. Using presentation compiler with project's scala-library version: 3.3.7
2026.03.04 16:09:27 INFO  no build target found for /Users/lorenhung/ucie/scala/src/main/scala/interfaces/Afe.scala. Using presentation compiler with project's scala-library version: 3.3.7
2026.03.04 16:09:27 INFO  no build target found for /Users/lorenhung/ucie/scala/src/main/scala/interfaces/Afe.scala. Using presentation compiler with project's scala-library version: 3.3.7
2026.03.04 16:09:28 INFO  no build target found for /Users/lorenhung/ucie/scala/src/main/scala/interfaces/Afe.scala. Using presentation compiler with project's scala-library version: 3.3.7
2026.03.04 16:09:28 INFO  no build target found for /Users/lorenhung/ucie/scala/src/main/scala/interfaces/Afe.scala. Using presentation compiler with project's scala-library version: 3.3.7
2026.03.04 16:09:29 INFO  no build target found for /Users/lorenhung/ucie/scala/src/main/scala/interfaces/Afe.scala. Using presentation compiler with project's scala-library version: 3.3.7
2026.03.04 16:09:29 WARN  no build target for: /Users/lorenhung/ucie/scala/src/main/scala/interfaces/Afe.scala
2026.03.04 16:09:28 INFO  no build target found for /Users/lorenhung/ucie/scala/src/main/scala/interfaces/Afe.scala. Using presentation compiler with project's scala-library version: 3.3.7
2026.03.04 16:09:31 INFO  no build target found for /Users/lorenhung/ucie/scala/src/main/scala/interfaces/Decoupled3.scala. Using presentation compiler with project's scala-library version: 3.3.7
2026.03.04 16:09:31 WARN  no build target for: /Users/lorenhung/ucie/scala/src/main/scala/interfaces/Decoupled3.scala
2026.03.04 16:09:31 INFO  no build target found for /Users/lorenhung/ucie/scala/src/main/scala/interfaces/Decoupled3.scala. Using presentation compiler with project's scala-library version: 3.3.7
2026.03.04 16:09:31 WARN  Could not find semantic tokens for: file:///Users/lorenhung/ucie/scala/src/main/scala/interfaces/Decoupled3.scala
2026.03.04 16:09:31 INFO  no build target found for /Users/lorenhung/ucie/scala/src/main/scala/interfaces/Decoupled3.scala. Using presentation compiler with project's scala-library version: 3.3.7
2026.03.04 16:09:31 WARN  Could not find semantic tokens for: file:///Users/lorenhung/ucie/scala/src/main/scala/interfaces/Decoupled3.scala
2026.03.04 16:09:40 INFO  no build target found for /Users/lorenhung/ucie/scala/src/main/scala/interfaces/Decoupled3.scala. Using presentation compiler with project's scala-library version: 3.3.7
2026.03.04 16:09:40 INFO  no build target found for /Users/lorenhung/ucie/scala/src/main/scala/interfaces/Decoupled3.scala. Using presentation compiler with project's scala-library version: 3.3.7
2026.03.04 16:09:40 INFO  no build target found for /Users/lorenhung/ucie/scala/src/main/scala/interfaces/Decoupled3.scala. Using presentation compiler with project's scala-library version: 3.3.7
2026.03.04 16:09:40 WARN  no build target for: /Users/lorenhung/ucie/scala/src/main/scala/interfaces/Decoupled3.scala
2026.03.04 16:09:41 INFO  no build target found for /Users/lorenhung/ucie/scala/src/main/scala/interfaces/Decoupled3.scala. Using presentation compiler with project's scala-library version: 3.3.7
2026.03.04 16:09:41 INFO  no build target found for /Users/lorenhung/ucie/scala/src/main/scala/interfaces/Decoupled3.scala. Using presentation compiler with project's scala-library version: 3.3.7
2026.03.04 16:09:41 INFO  no build target found for /Users/lorenhung/ucie/scala/src/main/scala/interfaces/Decoupled3.scala. Using presentation compiler with project's scala-library version: 3.3.7
2026.03.04 16:09:41 INFO  no build target found for /Users/lorenhung/ucie/scala/src/main/scala/interfaces/Decoupled3.scala. Using presentation compiler with project's scala-library version: 3.3.7
2026.03.04 16:09:41 INFO  no build target found for /Users/lorenhung/ucie/scala/src/main/scala/interfaces/Decoupled3.scala. Using presentation compiler with project's scala-library version: 3.3.7
2026.03.04 16:09:42 INFO  no build target found for /Users/lorenhung/ucie/scala/src/main/scala/interfaces/Decoupled3.scala. Using presentation compiler with project's scala-library version: 3.3.7
2026.03.04 16:09:42 INFO  no build target found for /Users/lorenhung/ucie/scala/src/main/scala/interfaces/Decoupled3.scala. Using presentation compiler with project's scala-library version: 3.3.7
2026.03.04 16:09:42 WARN  no build target for: /Users/lorenhung/ucie/scala/src/main/scala/interfaces/Decoupled3.scala
2026.03.04 16:09:43 INFO  no build target found for /Users/lorenhung/ucie/scala/src/main/scala/interfaces/Decoupled3.scala. Using presentation compiler with project's scala-library version: 3.3.7
2026.03.04 16:09:43 INFO  no build target found for /Users/lorenhung/ucie/scala/src/main/scala/interfaces/Fdi.scala. Using presentation compiler with project's scala-library version: 3.3.7
2026.03.04 16:09:43 WARN  no build target for: /Users/lorenhung/ucie/scala/src/main/scala/interfaces/Fdi.scala
2026.03.04 16:09:43 INFO  no build target found for /Users/lorenhung/ucie/scala/src/main/scala/interfaces/Fdi.scala. Using presentation compiler with project's scala-library version: 3.3.7
2026.03.04 16:09:43 WARN  Could not find semantic tokens for: file:///Users/lorenhung/ucie/scala/src/main/scala/interfaces/Fdi.scala
2026.03.04 16:09:43 INFO  no build target found for /Users/lorenhung/ucie/scala/src/main/scala/interfaces/Fdi.scala. Using presentation compiler with project's scala-library version: 3.3.7
2026.03.04 16:09:43 WARN  Could not find semantic tokens for: file:///Users/lorenhung/ucie/scala/src/main/scala/interfaces/Fdi.scala
2026.03.04 16:09:49 INFO  no build target found for /Users/lorenhung/ucie/scala/src/main/scala/interfaces/Fdi.scala. Using presentation compiler with project's scala-library version: 3.3.7
2026.03.04 16:09:50 INFO  no build target found for /Users/lorenhung/ucie/scala/src/main/scala/interfaces/Fdi.scala. Using presentation compiler with project's scala-library version: 3.3.7
2026.03.04 16:09:50 INFO  no build target found for /Users/lorenhung/ucie/scala/src/main/scala/interfaces/Fdi.scala. Using presentation compiler with project's scala-library version: 3.3.7
2026.03.04 16:09:50 WARN  no build target for: /Users/lorenhung/ucie/scala/src/main/scala/interfaces/Fdi.scala
2026.03.04 16:09:51 INFO  no build target found for /Users/lorenhung/ucie/scala/src/main/scala/interfaces/Fdi.scala. Using presentation compiler with project's scala-library version: 3.3.7
2026.03.04 16:09:51 INFO  no build target found for /Users/lorenhung/ucie/scala/src/main/scala/interfaces/Fdi.scala. Using presentation compiler with project's scala-library version: 3.3.7
2026.03.04 16:09:51 INFO  no build target found for /Users/lorenhung/ucie/scala/src/main/scala/interfaces/Fdi.scala. Using presentation compiler with project's scala-library version: 3.3.7
2026.03.04 16:09:51 INFO  no build target found for /Users/lorenhung/ucie/scala/src/main/scala/interfaces/Fdi.scala. Using presentation compiler with project's scala-library version: 3.3.7
2026.03.04 16:09:52 INFO  no build target found for /Users/lorenhung/ucie/scala/src/main/scala/interfaces/Fdi.scala. Using presentation compiler with project's scala-library version: 3.3.7
2026.03.04 16:09:52 INFO  no build target found for /Users/lorenhung/ucie/scala/src/main/scala/interfaces/Fdi.scala. Using presentation compiler with project's scala-library version: 3.3.7
2026.03.04 16:09:53 INFO  no build target found for /Users/lorenhung/ucie/scala/src/main/scala/interfaces/Rdi.scala. Using presentation compiler with project's scala-library version: 3.3.7
2026.03.04 16:09:53 WARN  no build target for: /Users/lorenhung/ucie/scala/src/main/scala/interfaces/Rdi.scala
2026.03.04 16:09:53 INFO  no build target found for /Users/lorenhung/ucie/scala/src/main/scala/interfaces/Rdi.scala. Using presentation compiler with project's scala-library version: 3.3.7
2026.03.04 16:09:53 WARN  Could not find semantic tokens for: file:///Users/lorenhung/ucie/scala/src/main/scala/interfaces/Rdi.scala
2026.03.04 16:09:52 WARN  no build target for: /Users/lorenhung/ucie/scala/src/main/scala/interfaces/Fdi.scala
2026.03.04 16:09:53 INFO  no build target found for /Users/lorenhung/ucie/scala/src/main/scala/interfaces/Rdi.scala. Using presentation compiler with project's scala-library version: 3.3.7
2026.03.04 16:09:53 WARN  Could not find semantic tokens for: file:///Users/lorenhung/ucie/scala/src/main/scala/interfaces/Rdi.scala
2026.03.04 16:09:58 INFO  no build target found for /Users/lorenhung/ucie/scala/src/main/scala/interfaces/Rdi.scala. Using presentation compiler with project's scala-library version: 3.3.7
2026.03.04 16:09:59 INFO  no build target found for /Users/lorenhung/ucie/scala/src/main/scala/interfaces/Rdi.scala. Using presentation compiler with project's scala-library version: 3.3.7
2026.03.04 16:09:59 INFO  no build target found for /Users/lorenhung/ucie/scala/src/main/scala/interfaces/Rdi.scala. Using presentation compiler with project's scala-library version: 3.3.7
2026.03.04 16:09:59 WARN  no build target for: /Users/lorenhung/ucie/scala/src/main/scala/interfaces/Rdi.scala
2026.03.04 16:09:59 INFO  no build target found for /Users/lorenhung/ucie/scala/src/main/scala/interfaces/Rdi.scala. Using presentation compiler with project's scala-library version: 3.3.7
2026.03.04 16:10:00 INFO  no build target found for /Users/lorenhung/ucie/scala/src/main/scala/interfaces/Rdi.scala. Using presentation compiler with project's scala-library version: 3.3.7
2026.03.04 16:10:00 INFO  no build target found for /Users/lorenhung/ucie/scala/src/main/scala/interfaces/Rdi.scala. Using presentation compiler with project's scala-library version: 3.3.7
2026.03.04 16:10:00 WARN  no build target for: /Users/lorenhung/ucie/scala/src/main/scala/protocol/Common.scala
2026.03.04 16:10:00 INFO  no build target found for /Users/lorenhung/ucie/scala/src/main/scala/protocol/Common.scala. Using presentation compiler with project's scala-library version: 3.3.7
2026.03.04 16:10:00 INFO  no build target found for /Users/lorenhung/ucie/scala/src/main/scala/protocol/Common.scala. Using presentation compiler with project's scala-library version: 3.3.7
2026.03.04 16:10:00 INFO  no build target found for /Users/lorenhung/ucie/scala/src/main/scala/interfaces/Rdi.scala. Using presentation compiler with project's scala-library version: 3.3.7
2026.03.04 16:10:00 INFO  no build target found for /Users/lorenhung/ucie/scala/src/main/scala/interfaces/Rdi.scala. Using presentation compiler with project's scala-library version: 3.3.7
2026.03.04 16:10:01 WARN  no build target for: /Users/lorenhung/ucie/scala/src/main/scala/interfaces/Rdi.scala
2026.03.04 16:10:01 INFO  no build target found for /Users/lorenhung/ucie/scala/src/main/scala/interfaces/Rdi.scala. Using presentation compiler with project's scala-library version: 3.3.7
2026.03.04 16:10:02 INFO  no build target found for /Users/lorenhung/ucie/scala/src/main/scala/protocol/Common.scala. Using presentation compiler with project's scala-library version: 3.3.7
2026.03.04 16:10:01 WARN  no build target for: /Users/lorenhung/ucie/scala/src/main/scala/protocol/Common.scala
2026.03.04 16:10:02 INFO  no build target found for /Users/lorenhung/ucie/scala/src/main/scala/protocol/Common.scala. Using presentation compiler with project's scala-library version: 3.3.7
2026.03.04 16:10:02 INFO  no build target found for /Users/lorenhung/ucie/scala/src/main/scala/interfaces/Rdi.scala. Using presentation compiler with project's scala-library version: 3.3.7
2026.03.04 16:10:02 INFO  no build target found for /Users/lorenhung/ucie/scala/src/main/scala/interfaces/Types.scala. Using presentation compiler with project's scala-library version: 3.3.7
2026.03.04 16:10:01 WARN  no build target for: /Users/lorenhung/ucie/scala/src/main/scala/interfaces/Types.scala
2026.03.04 16:10:01 INFO  no build target found for /Users/lorenhung/ucie/scala/src/main/scala/interfaces/Types.scala. Using presentation compiler with project's scala-library version: 3.3.7
2026.03.04 16:10:02 INFO  no build target found for /Users/lorenhung/ucie/scala/src/main/scala/interfaces/Types.scala. Using presentation compiler with project's scala-library version: 3.3.7
2026.03.04 16:10:03 WARN  no build target for: /Users/lorenhung/ucie/scala/src/main/scala/interfaces/Rdi.scala
2026.03.04 16:10:03 INFO  no build target found for /Users/lorenhung/ucie/scala/src/main/scala/interfaces/Rdi.scala. Using presentation compiler with project's scala-library version: 3.3.7
2026.03.04 16:11:13 INFO  no build target found for /Users/lorenhung/ucie/scala/src/main/scala/interfaces/Types.scala. Using presentation compiler with project's scala-library version: 3.3.7
2026.03.04 16:11:13 WARN  no build target for: /Users/lorenhung/ucie/scala/src/main/scala/protocol/ProtocolLayer.scala
2026.03.04 16:11:13 INFO  no build target found for /Users/lorenhung/ucie/scala/src/main/scala/protocol/ProtocolLayer.scala. Using presentation compiler with project's scala-library version: 3.3.7
2026.03.04 16:11:19 INFO  no build target found for /Users/lorenhung/ucie/scala/src/main/scala/protocol/ProtocolLayer.scala. Using presentation compiler with project's scala-library version: 3.3.7
2026.03.04 16:11:19 INFO  no build target found for /Users/lorenhung/ucie/scala/src/main/scala/protocol/ProtocolLayer.scala. Using presentation compiler with project's scala-library version: 3.3.7
2026.03.04 16:11:20 INFO  no build target found for /Users/lorenhung/ucie/scala/src/main/scala/protocol/ProtocolLayer.scala. Using presentation compiler with project's scala-library version: 3.3.7
2026.03.04 16:11:20 INFO  no build target found for /Users/lorenhung/ucie/scala/src/main/scala/protocol/ProtocolLayer.scala. Using presentation compiler with project's scala-library version: 3.3.7
2026.03.04 16:11:20 INFO  no build target found for /Users/lorenhung/ucie/scala/src/main/scala/protocol/Common.scala. Using presentation compiler with project's scala-library version: 3.3.7
2026.03.04 16:11:20 WARN  no build target for: /Users/lorenhung/ucie/scala/src/main/scala/protocol/Common.scala
2026.03.04 16:11:19 INFO  no build target found for /Users/lorenhung/ucie/scala/src/main/scala/protocol/Common.scala. Using presentation compiler with project's scala-library version: 3.3.7
2026.03.04 16:11:20 INFO  no build target found for /Users/lorenhung/ucie/scala/src/main/scala/protocol/ProtocolLayer.scala. Using presentation compiler with project's scala-library version: 3.3.7
2026.03.04 16:11:20 WARN  no build target for: /Users/lorenhung/ucie/scala/src/main/scala/protocol/ProtocolLayer.scala
2026.03.04 16:11:20 INFO  no build target found for /Users/lorenhung/ucie/scala/src/main/scala/protocol/ProtocolLayer.scala. Using presentation compiler with project's scala-library version: 3.3.7
2026.03.04 16:11:21 INFO  no build target found for /Users/lorenhung/ucie/scala/src/main/scala/protocol/Common.scala. Using presentation compiler with project's scala-library version: 3.3.7
2026.03.04 16:11:20 WARN  no build target for: /Users/lorenhung/ucie/scala/src/main/scala/protocol/Common.scala
2026.03.04 16:11:21 INFO  no build target found for /Users/lorenhung/ucie/scala/src/main/scala/protocol/Common.scala. Using presentation compiler with project's scala-library version: 3.3.7
2026.03.04 16:11:21 INFO  no build target found for /Users/lorenhung/ucie/scala/src/main/scala/protocol/ProtocolLayer.scala. Using presentation compiler with project's scala-library version: 3.3.7
2026.03.04 16:11:21 WARN  no build target for: /Users/lorenhung/ucie/scala/src/main/scala/logphy/LinkTrainingSM.scala
2026.03.04 16:11:21 INFO  no build target found for /Users/lorenhung/ucie/scala/src/main/scala/logphy/LinkTrainingSM.scala. Using presentation compiler with project's scala-library version: 3.3.7
2026.03.04 16:11:24 INFO  no build target found for /Users/lorenhung/ucie/scala/src/main/scala/logphy/LinkTrainingSM.scala. Using presentation compiler with project's scala-library version: 3.3.7
2026.03.04 16:11:24 WARN  no build target for: /Users/lorenhung/ucie/scala/src/main/scala/logphy/PhyControlSignalTranslator.scala
2026.03.04 16:11:24 INFO  no build target found for /Users/lorenhung/ucie/scala/src/main/scala/logphy/PhyControlSignalTranslator.scala. Using presentation compiler with project's scala-library version: 3.3.7
2026.03.04 16:11:24 INFO  no build target found for /Users/lorenhung/ucie/scala/src/main/scala/logphy/PhyControlSignalTranslator.scala. Using presentation compiler with project's scala-library version: 3.3.7
2026.03.04 16:11:33 INFO  no build target found for /Users/lorenhung/ucie/scala/src/main/scala/logphy/PhyControlSignalTranslator.scala. Using presentation compiler with project's scala-library version: 3.3.7
2026.03.04 16:11:33 WARN  no build target for: /Users/lorenhung/ucie/scala/src/main/scala/d2dadapter/D2DAdapter.scala
2026.03.04 16:11:33 INFO  no build target found for /Users/lorenhung/ucie/scala/src/main/scala/d2dadapter/D2DAdapter.scala. Using presentation compiler with project's scala-library version: 3.3.7
2026.03.04 16:11:33 INFO  no build target found for /Users/lorenhung/ucie/scala/src/main/scala/d2dadapter/D2DAdapter.scala. Using presentation compiler with project's scala-library version: 3.3.7
2026.03.04 16:11:37 INFO  no build target found for /Users/lorenhung/ucie/scala/src/main/scala/d2dadapter/D2DAdapter.scala. Using presentation compiler with project's scala-library version: 3.3.7
2026.03.04 16:11:37 WARN  no build target for: /Users/lorenhung/ucie/scala/src/main/scala/d2dadapter/D2DSidebandModule.scala
2026.03.04 16:11:37 INFO  no build target found for /Users/lorenhung/ucie/scala/src/main/scala/d2dadapter/D2DSidebandModule.scala. Using presentation compiler with project's scala-library version: 3.3.7
2026.03.04 16:11:37 INFO  no build target found for /Users/lorenhung/ucie/scala/src/main/scala/d2dadapter/D2DSidebandModule.scala. Using presentation compiler with project's scala-library version: 3.3.7
2026.03.04 16:11:39 INFO  no build target found for /Users/lorenhung/ucie/scala/src/main/scala/d2dadapter/D2DSidebandModule.scala. Using presentation compiler with project's scala-library version: 3.3.7
2026.03.04 16:11:39 WARN  no build target for: /Users/lorenhung/ucie/scala/src/main/scala/d2dadapter/D2DMainbandModule.scala
2026.03.04 16:11:39 INFO  no build target found for /Users/lorenhung/ucie/scala/src/main/scala/d2dadapter/D2DMainbandModule.scala. Using presentation compiler with project's scala-library version: 3.3.7
2026.03.04 16:11:39 INFO  no build target found for /Users/lorenhung/ucie/scala/src/main/scala/d2dadapter/D2DMainbandModule.scala. Using presentation compiler with project's scala-library version: 3.3.7
2026.03.04 16:11:40 INFO  no build target found for /Users/lorenhung/ucie/scala/src/main/scala/d2dadapter/D2DMainbandModule.scala. Using presentation compiler with project's scala-library version: 3.3.7
2026.03.04 16:11:42 INFO  no build target found for /Users/lorenhung/ucie/scala/src/main/scala/d2dadapter/D2DMainbandModule.scala. Using presentation compiler with project's scala-library version: 3.3.7
2026.03.04 16:11:42 WARN  no build target for: /Users/lorenhung/ucie/scala/src/main/scala/d2dadapter/LinkManagementController.scala
2026.03.04 16:11:42 INFO  no build target found for /Users/lorenhung/ucie/scala/src/main/scala/d2dadapter/LinkManagementController.scala. Using presentation compiler with project's scala-library version: 3.3.7
2026.03.04 16:11:42 INFO  no build target found for /Users/lorenhung/ucie/scala/src/main/scala/d2dadapter/LinkManagementController.scala. Using presentation compiler with project's scala-library version: 3.3.7
2026.03.04 16:11:42 INFO  no build target found for /Users/lorenhung/ucie/scala/src/main/scala/d2dadapter/LinkManagementController.scala. Using presentation compiler with project's scala-library version: 3.3.7
2026.03.04 16:11:42 WARN  no build target for: /Users/lorenhung/ucie/scala/src/main/scala/d2dadapter/LinkDisabledSubmodule.scala
2026.03.04 16:11:42 INFO  no build target found for /Users/lorenhung/ucie/scala/src/main/scala/d2dadapter/LinkDisabledSubmodule.scala. Using presentation compiler with project's scala-library version: 3.3.7
2026.03.04 16:11:42 INFO  no build target found for /Users/lorenhung/ucie/scala/src/main/scala/d2dadapter/LinkDisabledSubmodule.scala. Using presentation compiler with project's scala-library version: 3.3.7
2026.03.04 16:11:43 INFO  no build target found for /Users/lorenhung/ucie/scala/src/main/scala/d2dadapter/LinkDisabledSubmodule.scala. Using presentation compiler with project's scala-library version: 3.3.7
2026.03.04 16:11:43 WARN  no build target for: /Users/lorenhung/ucie/scala/src/main/scala/d2dadapter/LinkResetSubmodule.scala
2026.03.04 16:11:43 INFO  no build target found for /Users/lorenhung/ucie/scala/src/main/scala/d2dadapter/LinkResetSubmodule.scala. Using presentation compiler with project's scala-library version: 3.3.7
2026.03.04 16:11:42 INFO  no build target found for /Users/lorenhung/ucie/scala/src/main/scala/d2dadapter/LinkResetSubmodule.scala. Using presentation compiler with project's scala-library version: 3.3.7
2026.03.04 16:11:43 INFO  no build target found for /Users/lorenhung/ucie/scala/src/main/scala/d2dadapter/LinkResetSubmodule.scala. Using presentation compiler with project's scala-library version: 3.3.7
2026.03.04 16:11:44 WARN  no build target for: /Users/lorenhung/ucie/scala/src/main/scala/d2dadapter/LinkInitSubmodule.scala
2026.03.04 16:11:44 INFO  no build target found for /Users/lorenhung/ucie/scala/src/main/scala/d2dadapter/LinkInitSubmodule.scala. Using presentation compiler with project's scala-library version: 3.3.7
2026.03.04 16:11:44 INFO  no build target found for /Users/lorenhung/ucie/scala/src/main/scala/d2dadapter/LinkInitSubmodule.scala. Using presentation compiler with project's scala-library version: 3.3.7
2026.03.04 16:11:44 INFO  no build target found for /Users/lorenhung/ucie/scala/src/main/scala/d2dadapter/LinkInitSubmodule.scala. Using presentation compiler with project's scala-library version: 3.3.7
2026.03.04 16:11:45 WARN  no build target for: /Users/lorenhung/ucie/scala/src/main/scala/d2dadapter/ParityGenerator.scala
2026.03.04 16:11:44 INFO  no build target found for /Users/lorenhung/ucie/scala/src/main/scala/d2dadapter/ParityGenerator.scala. Using presentation compiler with project's scala-library version: 3.3.7
2026.03.04 16:11:45 INFO  no build target found for /Users/lorenhung/ucie/scala/src/main/scala/d2dadapter/ParityGenerator.scala. Using presentation compiler with project's scala-library version: 3.3.7
2026.03.04 16:11:46 INFO  no build target found for /Users/lorenhung/ucie/scala/src/main/scala/d2dadapter/ParityGenerator.scala. Using presentation compiler with project's scala-library version: 3.3.7
2026.03.04 16:11:46 WARN  no build target for: /Users/lorenhung/ucie/scala/src/test/scala/d2dadapter/D2DAdapterTest.scala
2026.03.04 16:11:46 INFO  no build target found for /Users/lorenhung/ucie/scala/src/test/scala/d2dadapter/D2DAdapterTest.scala. Using presentation compiler with project's scala-library version: 3.3.7
2026.03.04 16:11:46 INFO  no build target found for /Users/lorenhung/ucie/scala/src/test/scala/d2dadapter/D2DAdapterTest.scala. Using presentation compiler with project's scala-library version: 3.3.7
2026.03.04 16:11:48 INFO  no build target found for /Users/lorenhung/ucie/scala/src/test/scala/d2dadapter/D2DAdapterTest.scala. Using presentation compiler with project's scala-library version: 3.3.7
2026.03.04 16:11:48 WARN  no build target for: /Users/lorenhung/ucie/scala/src/test/scala/d2dadapter/D2DMainbandModuleTest.scala
2026.03.04 16:11:48 INFO  no build target found for /Users/lorenhung/ucie/scala/src/test/scala/d2dadapter/D2DMainbandModuleTest.scala. Using presentation compiler with project's scala-library version: 3.3.7
2026.03.04 16:11:48 INFO  no build target found for /Users/lorenhung/ucie/scala/src/test/scala/d2dadapter/D2DMainbandModuleTest.scala. Using presentation compiler with project's scala-library version: 3.3.7
2026.03.04 16:11:49 INFO  no build target found for /Users/lorenhung/ucie/scala/src/test/scala/d2dadapter/D2DMainbandModuleTest.scala. Using presentation compiler with project's scala-library version: 3.3.7
2026.03.04 16:11:49 WARN  no build target for: /Users/lorenhung/ucie/scala/src/test/scala/d2dadapter/D2DSidebandModuleTest.scala
2026.03.04 16:11:49 INFO  no build target found for /Users/lorenhung/ucie/scala/src/test/scala/d2dadapter/D2DSidebandModuleTest.scala. Using presentation compiler with project's scala-library version: 3.3.7
2026.03.04 16:11:49 INFO  no build target found for /Users/lorenhung/ucie/scala/src/test/scala/d2dadapter/D2DSidebandModuleTest.scala. Using presentation compiler with project's scala-library version: 3.3.7
2026.03.04 16:11:49 INFO  no build target found for /Users/lorenhung/ucie/scala/src/test/scala/d2dadapter/D2DSidebandModuleTest.scala. Using presentation compiler with project's scala-library version: 3.3.7
2026.03.04 16:11:50 WARN  no build target for: /Users/lorenhung/ucie/scala/src/test/scala/d2dadapter/LinkManagementControllerTest.scala
2026.03.04 16:11:49 INFO  no build target found for /Users/lorenhung/ucie/scala/src/test/scala/d2dadapter/LinkManagementControllerTest.scala. Using presentation compiler with project's scala-library version: 3.3.7
2026.03.04 16:11:50 INFO  no build target found for /Users/lorenhung/ucie/scala/src/test/scala/d2dadapter/LinkManagementControllerTest.scala. Using presentation compiler with project's scala-library version: 3.3.7
2026.03.04 16:11:51 INFO  no build target found for /Users/lorenhung/ucie/scala/src/test/scala/d2dadapter/LinkManagementControllerTest.scala. Using presentation compiler with project's scala-library version: 3.3.7
2026.03.04 16:11:51 WARN  no build target for: /Users/lorenhung/ucie/scala/src/test/scala/d2dadapter/LinkDisabledSubmoduleTest.scala
2026.03.04 16:11:51 INFO  no build target found for /Users/lorenhung/ucie/scala/src/test/scala/d2dadapter/LinkDisabledSubmoduleTest.scala. Using presentation compiler with project's scala-library version: 3.3.7
2026.03.04 16:11:51 INFO  no build target found for /Users/lorenhung/ucie/scala/src/test/scala/d2dadapter/LinkDisabledSubmoduleTest.scala. Using presentation compiler with project's scala-library version: 3.3.7
2026.03.04 16:11:52 INFO  no build target found for /Users/lorenhung/ucie/scala/src/test/scala/d2dadapter/LinkDisabledSubmoduleTest.scala. Using presentation compiler with project's scala-library version: 3.3.7
2026.03.04 16:11:52 WARN  no build target for: /Users/lorenhung/ucie/scala/src/test/scala/d2dadapter/LinkInitSubmoduleTest.scala
2026.03.04 16:11:52 INFO  no build target found for /Users/lorenhung/ucie/scala/src/test/scala/d2dadapter/LinkInitSubmoduleTest.scala. Using presentation compiler with project's scala-library version: 3.3.7
2026.03.04 16:11:52 INFO  no build target found for /Users/lorenhung/ucie/scala/src/test/scala/d2dadapter/LinkInitSubmoduleTest.scala. Using presentation compiler with project's scala-library version: 3.3.7
2026.03.04 16:11:53 INFO  no build target found for /Users/lorenhung/ucie/scala/src/test/scala/d2dadapter/LinkInitSubmoduleTest.scala. Using presentation compiler with project's scala-library version: 3.3.7
2026.03.04 16:11:53 WARN  no build target for: /Users/lorenhung/ucie/scala/src/test/scala/d2dadapter/LinkResetSubmoduleTest.scala
2026.03.04 16:11:53 INFO  no build target found for /Users/lorenhung/ucie/scala/src/test/scala/d2dadapter/LinkResetSubmoduleTest.scala. Using presentation compiler with project's scala-library version: 3.3.7
2026.03.04 16:11:53 INFO  no build target found for /Users/lorenhung/ucie/scala/src/test/scala/d2dadapter/LinkResetSubmoduleTest.scala. Using presentation compiler with project's scala-library version: 3.3.7
2026.03.04 16:11:55 INFO  no build target found for /Users/lorenhung/ucie/scala/src/test/scala/d2dadapter/LinkResetSubmoduleTest.scala. Using presentation compiler with project's scala-library version: 3.3.7
2026.03.04 16:11:55 WARN  no build target for: /Users/lorenhung/ucie/scala/src/test/scala/d2dadapter/ParityGenerator.scala
2026.03.04 16:11:55 INFO  no build target found for /Users/lorenhung/ucie/scala/src/test/scala/d2dadapter/ParityGenerator.scala. Using presentation compiler with project's scala-library version: 3.3.7
2026.03.04 16:11:55 INFO  no build target found for /Users/lorenhung/ucie/scala/src/test/scala/d2dadapter/ParityGenerator.scala. Using presentation compiler with project's scala-library version: 3.3.7
2026.03.04 16:11:56 INFO  no build target found for /Users/lorenhung/ucie/scala/src/test/scala/d2dadapter/ParityGenerator.scala. Using presentation compiler with project's scala-library version: 3.3.7
2026.03.04 16:11:56 INFO  no build target found for /Users/lorenhung/ucie/scala/src/test/scala/d2dadapter/ParityGenerator.scala. Using presentation compiler with project's scala-library version: 3.3.7
2026.03.04 16:11:56 INFO  no build target found for /Users/lorenhung/ucie/scala/src/test/scala/d2dadapter/ParityGenerator.scala. Using presentation compiler with project's scala-library version: 3.3.7
2026.03.04 16:11:56 WARN  no build target for: /Users/lorenhung/ucie/scala/src/test/scala/d2dadapter/ParityGenerator.scala
2026.03.04 16:11:56 INFO  no build target found for /Users/lorenhung/ucie/scala/src/test/scala/d2dadapter/ParityGenerator.scala. Using presentation compiler with project's scala-library version: 3.3.7
2026.03.04 16:11:57 INFO  no build target found for /Users/lorenhung/ucie/scala/src/test/scala/d2dadapter/ParityGenerator.scala. Using presentation compiler with project's scala-library version: 3.3.7
2026.03.04 16:11:56 INFO  no build target found for /Users/lorenhung/ucie/scala/src/test/scala/d2dadapter/ParityGenerator.scala. Using presentation compiler with project's scala-library version: 3.3.7
2026.03.04 16:11:57 INFO  no build target found for /Users/lorenhung/ucie/scala/src/test/scala/d2dadapter/ParityGenerator.scala. Using presentation compiler with project's scala-library version: 3.3.7
2026.03.04 16:11:57 INFO  no build target found for /Users/lorenhung/ucie/scala/src/test/scala/d2dadapter/ParityGenerator.scala. Using presentation compiler with project's scala-library version: 3.3.7
2026.03.04 16:11:56 INFO  Created report: Optional[file:///Users/lorenhung/ucie/scala/src/test/scala/d2dadapter/ParityGenerator.scala]
2026.03.04 16:11:56 INFO  empty definition using pc, found symbol in pc:  (full report at: "/Users/lorenhung/ucie/.metals/.reports/metals-full/2026-03-04/r_empty-definition_16-11-57-622.md")
2026.03.04 16:11:57 WARN  no build target for: /Users/lorenhung/ucie/scala/src/test/scala/d2dadapter/ParityGenerator.scala
2026.03.04 16:11:57 INFO  no build target found for /Users/lorenhung/ucie/scala/src/test/scala/d2dadapter/ParityGenerator.scala. Using presentation compiler with project's scala-library version: 3.3.7
2026.03.04 16:11:57 INFO  no build target found for /Users/lorenhung/ucie/scala/src/test/scala/d2dadapter/ParityGenerator.scala. Using presentation compiler with project's scala-library version: 3.3.7
2026.03.04 16:11:57 INFO  empty definition using pc, found symbol in pc:  (full report at: "/Users/lorenhung/ucie/.metals/.reports/metals-full/2026-03-04/r_empty-definition_16-11-57-622.md")
2026.03.04 16:12:01 INFO  no build target found for /Users/lorenhung/ucie/scala/src/test/scala/d2dadapter/ParityGenerator.scala. Using presentation compiler with project's scala-library version: 3.3.7
2026.03.04 16:12:06 INFO  no build target found for /Users/lorenhung/ucie/scala/src/test/scala/d2dadapter/LinkResetSubmoduleTest.scala. Using presentation compiler with project's scala-library version: 3.3.7
2026.03.04 16:12:06 WARN  no build target for: /Users/lorenhung/ucie/scala/src/test/scala/d2dadapter/LinkResetSubmoduleTest.scala
2026.03.04 16:12:06 INFO  no build target found for /Users/lorenhung/ucie/scala/src/test/scala/d2dadapter/LinkResetSubmoduleTest.scala. Using presentation compiler with project's scala-library version: 3.3.7
2026.03.04 16:12:07 INFO  no build target found for /Users/lorenhung/ucie/scala/src/test/scala/d2dadapter/LinkResetSubmoduleTest.scala. Using presentation compiler with project's scala-library version: 3.3.7
2026.03.04 16:12:09 INFO  no build target found for /Users/lorenhung/ucie/scala/src/test/scala/d2dadapter/LinkResetSubmoduleTest.scala. Using presentation compiler with project's scala-library version: 3.3.7
2026.03.04 16:12:09 INFO  no build target found for /Users/lorenhung/ucie/scala/src/test/scala/d2dadapter/LinkInitSubmoduleTest.scala. Using presentation compiler with project's scala-library version: 3.3.7
2026.03.04 16:12:09 WARN  no build target for: /Users/lorenhung/ucie/scala/src/test/scala/d2dadapter/LinkInitSubmoduleTest.scala
2026.03.04 16:12:09 INFO  no build target found for /Users/lorenhung/ucie/scala/src/test/scala/d2dadapter/LinkInitSubmoduleTest.scala. Using presentation compiler with project's scala-library version: 3.3.7
2026.03.04 16:12:09 INFO  no build target found for /Users/lorenhung/ucie/scala/src/test/scala/d2dadapter/LinkInitSubmoduleTest.scala. Using presentation compiler with project's scala-library version: 3.3.7
2026.03.04 16:12:10 INFO  no build target found for /Users/lorenhung/ucie/scala/src/test/scala/d2dadapter/LinkInitSubmoduleTest.scala. Using presentation compiler with project's scala-library version: 3.3.7
2026.03.04 16:12:10 INFO  no build target found for /Users/lorenhung/ucie/scala/src/test/scala/d2dadapter/LinkDisabledSubmoduleTest.scala. Using presentation compiler with project's scala-library version: 3.3.7
2026.03.04 16:12:10 WARN  no build target for: /Users/lorenhung/ucie/scala/src/test/scala/d2dadapter/LinkDisabledSubmoduleTest.scala
2026.03.04 16:12:10 INFO  no build target found for /Users/lorenhung/ucie/scala/src/test/scala/d2dadapter/LinkDisabledSubmoduleTest.scala. Using presentation compiler with project's scala-library version: 3.3.7
2026.03.04 16:12:10 INFO  no build target found for /Users/lorenhung/ucie/scala/src/test/scala/d2dadapter/LinkDisabledSubmoduleTest.scala. Using presentation compiler with project's scala-library version: 3.3.7
2026.03.04 16:12:11 INFO  no build target found for /Users/lorenhung/ucie/scala/src/test/scala/d2dadapter/LinkDisabledSubmoduleTest.scala. Using presentation compiler with project's scala-library version: 3.3.7
2026.03.04 16:12:11 INFO  no build target found for /Users/lorenhung/ucie/scala/src/test/scala/d2dadapter/LinkManagementControllerTest.scala. Using presentation compiler with project's scala-library version: 3.3.7
2026.03.04 16:12:11 WARN  no build target for: /Users/lorenhung/ucie/scala/src/test/scala/d2dadapter/LinkManagementControllerTest.scala
2026.03.04 16:12:11 INFO  no build target found for /Users/lorenhung/ucie/scala/src/test/scala/d2dadapter/LinkManagementControllerTest.scala. Using presentation compiler with project's scala-library version: 3.3.7
2026.03.04 16:12:12 INFO  no build target found for /Users/lorenhung/ucie/scala/src/test/scala/d2dadapter/LinkManagementControllerTest.scala. Using presentation compiler with project's scala-library version: 3.3.7
2026.03.04 16:12:11 INFO  no build target found for /Users/lorenhung/ucie/scala/src/test/scala/d2dadapter/LinkManagementControllerTest.scala. Using presentation compiler with project's scala-library version: 3.3.7
2026.03.04 16:12:12 INFO  no build target found for /Users/lorenhung/ucie/scala/src/test/scala/d2dadapter/D2DSidebandModuleTest.scala. Using presentation compiler with project's scala-library version: 3.3.7
2026.03.04 16:12:12 WARN  no build target for: /Users/lorenhung/ucie/scala/src/test/scala/d2dadapter/D2DSidebandModuleTest.scala
2026.03.04 16:12:11 INFO  no build target found for /Users/lorenhung/ucie/scala/src/test/scala/d2dadapter/D2DSidebandModuleTest.scala. Using presentation compiler with project's scala-library version: 3.3.7
2026.03.04 16:12:12 INFO  no build target found for /Users/lorenhung/ucie/scala/src/test/scala/d2dadapter/D2DSidebandModuleTest.scala. Using presentation compiler with project's scala-library version: 3.3.7
2026.03.04 16:12:13 INFO  no build target found for /Users/lorenhung/ucie/scala/src/test/scala/d2dadapter/D2DSidebandModuleTest.scala. Using presentation compiler with project's scala-library version: 3.3.7
2026.03.04 16:12:13 INFO  no build target found for /Users/lorenhung/ucie/scala/src/test/scala/d2dadapter/D2DMainbandModuleTest.scala. Using presentation compiler with project's scala-library version: 3.3.7
2026.03.04 16:12:13 WARN  no build target for: /Users/lorenhung/ucie/scala/src/test/scala/d2dadapter/D2DMainbandModuleTest.scala
2026.03.04 16:12:13 INFO  no build target found for /Users/lorenhung/ucie/scala/src/test/scala/d2dadapter/D2DMainbandModuleTest.scala. Using presentation compiler with project's scala-library version: 3.3.7
2026.03.04 16:12:13 INFO  no build target found for /Users/lorenhung/ucie/scala/src/test/scala/d2dadapter/D2DMainbandModuleTest.scala. Using presentation compiler with project's scala-library version: 3.3.7
2026.03.04 16:12:13 INFO  no build target found for /Users/lorenhung/ucie/scala/src/test/scala/d2dadapter/D2DMainbandModuleTest.scala. Using presentation compiler with project's scala-library version: 3.3.7
2026.03.04 16:12:13 INFO  no build target found for /Users/lorenhung/ucie/scala/src/main/scala/d2dadapter/ParityGenerator.scala. Using presentation compiler with project's scala-library version: 3.3.7
2026.03.04 16:12:13 WARN  no build target for: /Users/lorenhung/ucie/scala/src/main/scala/d2dadapter/ParityGenerator.scala
2026.03.04 16:12:13 INFO  no build target found for /Users/lorenhung/ucie/scala/src/main/scala/d2dadapter/ParityGenerator.scala. Using presentation compiler with project's scala-library version: 3.3.7
2026.03.04 16:12:13 INFO  no build target found for /Users/lorenhung/ucie/scala/src/main/scala/d2dadapter/ParityGenerator.scala. Using presentation compiler with project's scala-library version: 3.3.7
2026.03.04 16:12:14 INFO  no build target found for /Users/lorenhung/ucie/scala/src/main/scala/d2dadapter/ParityGenerator.scala. Using presentation compiler with project's scala-library version: 3.3.7
2026.03.04 16:12:13 INFO  no build target found for /Users/lorenhung/ucie/scala/src/main/scala/d2dadapter/LinkResetSubmodule.scala. Using presentation compiler with project's scala-library version: 3.3.7
2026.03.04 16:12:14 WARN  no build target for: /Users/lorenhung/ucie/scala/src/main/scala/d2dadapter/LinkResetSubmodule.scala
2026.03.04 16:12:14 INFO  no build target found for /Users/lorenhung/ucie/scala/src/main/scala/d2dadapter/LinkResetSubmodule.scala. Using presentation compiler with project's scala-library version: 3.3.7
2026.03.04 16:12:14 INFO  no build target found for /Users/lorenhung/ucie/scala/src/main/scala/d2dadapter/LinkResetSubmodule.scala. Using presentation compiler with project's scala-library version: 3.3.7
2026.03.04 16:12:14 INFO  no build target found for /Users/lorenhung/ucie/scala/src/main/scala/d2dadapter/LinkResetSubmodule.scala. Using presentation compiler with project's scala-library version: 3.3.7
2026.03.04 16:12:15 INFO  no build target found for /Users/lorenhung/ucie/scala/src/main/scala/d2dadapter/LinkManagementController.scala. Using presentation compiler with project's scala-library version: 3.3.7
2026.03.04 16:12:14 WARN  no build target for: /Users/lorenhung/ucie/scala/src/main/scala/d2dadapter/LinkManagementController.scala
2026.03.04 16:12:15 INFO  no build target found for /Users/lorenhung/ucie/scala/src/main/scala/d2dadapter/LinkManagementController.scala. Using presentation compiler with project's scala-library version: 3.3.7
2026.03.04 16:12:14 INFO  no build target found for /Users/lorenhung/ucie/scala/src/main/scala/d2dadapter/LinkManagementController.scala. Using presentation compiler with project's scala-library version: 3.3.7
2026.03.04 16:12:15 INFO  no build target found for /Users/lorenhung/ucie/scala/src/main/scala/d2dadapter/LinkManagementController.scala. Using presentation compiler with project's scala-library version: 3.3.7
2026.03.04 16:12:15 INFO  no build target found for /Users/lorenhung/ucie/scala/src/main/scala/d2dadapter/D2DSidebandModule.scala. Using presentation compiler with project's scala-library version: 3.3.7
2026.03.04 16:12:15 WARN  no build target for: /Users/lorenhung/ucie/scala/src/main/scala/d2dadapter/D2DSidebandModule.scala
2026.03.04 16:12:15 INFO  no build target found for /Users/lorenhung/ucie/scala/src/main/scala/d2dadapter/D2DSidebandModule.scala. Using presentation compiler with project's scala-library version: 3.3.7
2026.03.04 16:12:15 INFO  no build target found for /Users/lorenhung/ucie/scala/src/main/scala/d2dadapter/D2DSidebandModule.scala. Using presentation compiler with project's scala-library version: 3.3.7
2026.03.04 16:12:15 INFO  no build target found for /Users/lorenhung/ucie/scala/src/main/scala/d2dadapter/D2DSidebandModule.scala. Using presentation compiler with project's scala-library version: 3.3.7
2026.03.04 16:12:16 INFO  no build target found for /Users/lorenhung/ucie/scala/src/main/scala/logphy/PhyControlSignalTranslator.scala. Using presentation compiler with project's scala-library version: 3.3.7
2026.03.04 16:12:16 WARN  no build target for: /Users/lorenhung/ucie/scala/src/main/scala/logphy/PhyControlSignalTranslator.scala
2026.03.04 16:12:15 INFO  no build target found for /Users/lorenhung/ucie/scala/src/main/scala/logphy/PhyControlSignalTranslator.scala. Using presentation compiler with project's scala-library version: 3.3.7
2026.03.04 16:12:16 INFO  no build target found for /Users/lorenhung/ucie/scala/src/main/scala/logphy/PhyControlSignalTranslator.scala. Using presentation compiler with project's scala-library version: 3.3.7
2026.03.04 16:13:53 INFO  no build target found for /Users/lorenhung/ucie/scala/src/main/scala/logphy/PhyControlSignalTranslator.scala. Using presentation compiler with project's scala-library version: 3.3.7
2026.03.04 16:13:54 INFO  no build target found for /Users/lorenhung/ucie/scala/src/main/scala/logphy/Types.scala. Using presentation compiler with project's scala-library version: 3.3.7
2026.03.04 16:13:54 WARN  no build target for: /Users/lorenhung/ucie/scala/src/main/scala/logphy/Types.scala
2026.03.04 16:13:54 INFO  no build target found for /Users/lorenhung/ucie/scala/src/main/scala/logphy/Types.scala. Using presentation compiler with project's scala-library version: 3.3.7
2026.03.04 16:13:53 INFO  no build target found for /Users/lorenhung/ucie/scala/src/main/scala/logphy/Types.scala. Using presentation compiler with project's scala-library version: 3.3.7
2026.03.04 16:13:54 INFO  no build target found for /Users/lorenhung/ucie/scala/src/main/scala/logphy/Types.scala. Using presentation compiler with project's scala-library version: 3.3.7
2026.03.04 16:13:58 INFO  no build target found for /Users/lorenhung/ucie/scala/src/main/scala/logphy/Types.scala. Using presentation compiler with project's scala-library version: 3.3.7
2026.03.04 16:13:58 INFO  no build target found for /Users/lorenhung/ucie/scala/src/main/scala/logphy/Types.scala. Using presentation compiler with project's scala-library version: 3.3.7
2026.03.04 16:13:58 INFO  no build target found for /Users/lorenhung/ucie/scala/src/main/scala/logphy/Types.scala. Using presentation compiler with project's scala-library version: 3.3.7
2026.03.04 16:13:58 INFO  no build target found for /Users/lorenhung/ucie/scala/src/main/scala/logphy/Types.scala. Using presentation compiler with project's scala-library version: 3.3.7
2026.03.04 16:13:58 INFO  no build target found for /Users/lorenhung/ucie/scala/src/main/scala/logphy/Types.scala. Using presentation compiler with project's scala-library version: 3.3.7
2026.03.04 16:13:58 INFO  no build target found for /Users/lorenhung/ucie/scala/src/main/scala/logphy/Types.scala. Using presentation compiler with project's scala-library version: 3.3.7
2026.03.04 16:13:59 INFO  no build target found for /Users/lorenhung/ucie/scala/src/main/scala/logphy/Types.scala. Using presentation compiler with project's scala-library version: 3.3.7
2026.03.04 16:13:59 WARN  no build target for: /Users/lorenhung/ucie/scala/src/main/scala/logphy/Types.scala
2026.03.04 16:13:59 INFO  no build target found for /Users/lorenhung/ucie/scala/src/main/scala/logphy/Types.scala. Using presentation compiler with project's scala-library version: 3.3.7
2026.03.04 16:14:24 INFO  no build target found for /Users/lorenhung/ucie/scala/src/main/scala/logphy/Types.scala. Using presentation compiler with project's scala-library version: 3.3.7
2026.03.04 16:14:25 INFO  no build target found for /Users/lorenhung/ucie/scala/src/main/scala/logphy/Types.scala. Using presentation compiler with project's scala-library version: 3.3.7
2026.03.04 16:14:25 INFO  no build target found for /Users/lorenhung/ucie/scala/src/main/scala/logphy/Types.scala. Using presentation compiler with project's scala-library version: 3.3.7
2026.03.04 16:14:25 WARN  no build target for: /Users/lorenhung/ucie/scala/src/main/scala/logphy/Types.scala
2026.03.04 16:14:25 INFO  no build target found for /Users/lorenhung/ucie/scala/src/main/scala/logphy/Types.scala. Using presentation compiler with project's scala-library version: 3.3.7
2026.03.04 16:14:26 INFO  no build target found for /Users/lorenhung/ucie/scala/src/main/scala/logphy/Types.scala. Using presentation compiler with project's scala-library version: 3.3.7
2026.03.04 16:14:26 INFO  no build target found for /Users/lorenhung/ucie/scala/src/main/scala/logphy/Types.scala. Using presentation compiler with project's scala-library version: 3.3.7
2026.03.04 16:14:27 INFO  no build target found for /Users/lorenhung/ucie/scala/src/main/scala/logphy/Types.scala. Using presentation compiler with project's scala-library version: 3.3.7
2026.03.04 16:14:27 INFO  no build target found for /Users/lorenhung/ucie/scala/src/main/scala/logphy/Types.scala. Using presentation compiler with project's scala-library version: 3.3.7
2026.03.04 16:14:26 INFO  no build target found for /Users/lorenhung/ucie/scala/src/main/scala/logphy/Types.scala. Using presentation compiler with project's scala-library version: 3.3.7
2026.03.04 16:14:27 INFO  no build target found for /Users/lorenhung/ucie/scala/src/main/scala/logphy/Types.scala. Using presentation compiler with project's scala-library version: 3.3.7
2026.03.04 16:14:27 INFO  no build target found for /Users/lorenhung/ucie/scala/src/main/scala/logphy/Types.scala. Using presentation compiler with project's scala-library version: 3.3.7
2026.03.04 16:14:28 INFO  no build target found for /Users/lorenhung/ucie/scala/src/main/scala/logphy/Types.scala. Using presentation compiler with project's scala-library version: 3.3.7
2026.03.04 16:14:27 INFO  no build target found for /Users/lorenhung/ucie/scala/src/main/scala/logphy/Types.scala. Using presentation compiler with project's scala-library version: 3.3.7
2026.03.04 16:14:28 INFO  no build target found for /Users/lorenhung/ucie/scala/src/main/scala/logphy/Types.scala. Using presentation compiler with project's scala-library version: 3.3.7
2026.03.04 16:14:29 WARN  no build target for: /Users/lorenhung/ucie/scala/src/main/scala/logphy/Types.scala
2026.03.04 16:14:29 INFO  no build target found for /Users/lorenhung/ucie/scala/src/main/scala/logphy/Types.scala. Using presentation compiler with project's scala-library version: 3.3.7
2026.03.04 16:14:30 INFO  no build target found for /Users/lorenhung/ucie/scala/src/main/scala/interfaces/Types.scala. Using presentation compiler with project's scala-library version: 3.3.7
2026.03.04 16:14:30 WARN  no build target for: /Users/lorenhung/ucie/scala/src/main/scala/interfaces/Types.scala
2026.03.04 16:14:30 INFO  no build target found for /Users/lorenhung/ucie/scala/src/main/scala/interfaces/Types.scala. Using presentation compiler with project's scala-library version: 3.3.7
2026.03.04 16:14:30 INFO  no build target found for /Users/lorenhung/ucie/scala/src/main/scala/interfaces/Types.scala. Using presentation compiler with project's scala-library version: 3.3.7
2026.03.04 16:14:33 INFO  no build target found for /Users/lorenhung/ucie/scala/src/main/scala/interfaces/Types.scala. Using presentation compiler with project's scala-library version: 3.3.7
2026.03.04 16:14:33 INFO  no build target found for /Users/lorenhung/ucie/scala/src/main/scala/interfaces/Types.scala. Using presentation compiler with project's scala-library version: 3.3.7
2026.03.04 16:14:33 INFO  no build target found for /Users/lorenhung/ucie/scala/src/main/scala/interfaces/Types.scala. Using presentation compiler with project's scala-library version: 3.3.7
2026.03.04 16:14:33 INFO  no build target found for /Users/lorenhung/ucie/scala/src/main/scala/interfaces/Types.scala. Using presentation compiler with project's scala-library version: 3.3.7
2026.03.04 16:14:33 WARN  no build target for: /Users/lorenhung/ucie/scala/src/main/scala/interfaces/Types.scala
2026.03.04 16:14:34 INFO  no build target found for /Users/lorenhung/ucie/scala/src/main/scala/interfaces/Types.scala. Using presentation compiler with project's scala-library version: 3.3.7
2026.03.04 16:14:36 INFO  no build target found for /Users/lorenhung/ucie/scala/src/main/scala/interfaces/Types.scala. Using presentation compiler with project's scala-library version: 3.3.7
2026.03.04 16:14:36 INFO  no build target found for /Users/lorenhung/ucie/scala/src/main/scala/interfaces/Types.scala. Using presentation compiler with project's scala-library version: 3.3.7
2026.03.04 16:14:36 INFO  no build target found for /Users/lorenhung/ucie/scala/src/main/scala/interfaces/Types.scala. Using presentation compiler with project's scala-library version: 3.3.7
2026.03.04 16:14:36 INFO  no build target found for /Users/lorenhung/ucie/scala/src/main/scala/interfaces/Types.scala. Using presentation compiler with project's scala-library version: 3.3.7
2026.03.04 16:14:38 INFO  no build target found for /Users/lorenhung/ucie/scala/src/main/scala/interfaces/Types.scala. Using presentation compiler with project's scala-library version: 3.3.7
2026.03.04 16:14:38 INFO  no build target found for /Users/lorenhung/ucie/scala/src/main/scala/interfaces/Types.scala. Using presentation compiler with project's scala-library version: 3.3.7
2026.03.04 16:14:38 INFO  no build target found for /Users/lorenhung/ucie/scala/src/main/scala/interfaces/Types.scala. Using presentation compiler with project's scala-library version: 3.3.7
2026.03.04 16:14:39 WARN  no build target for: /Users/lorenhung/ucie/scala/src/main/scala/interfaces/Types.scala
2026.03.04 16:14:38 INFO  no build target found for /Users/lorenhung/ucie/scala/src/main/scala/interfaces/Types.scala. Using presentation compiler with project's scala-library version: 3.3.7
2026.03.04 16:14:40 INFO  no build target found for /Users/lorenhung/ucie/scala/src/main/scala/interfaces/Types.scala. Using presentation compiler with project's scala-library version: 3.3.7
2026.03.04 16:14:40 INFO  no build target found for /Users/lorenhung/ucie/scala/src/main/scala/interfaces/Types.scala. Using presentation compiler with project's scala-library version: 3.3.7
2026.03.04 16:14:40 INFO  no build target found for /Users/lorenhung/ucie/scala/src/main/scala/interfaces/Types.scala. Using presentation compiler with project's scala-library version: 3.3.7
2026.03.04 16:14:40 INFO  no build target found for /Users/lorenhung/ucie/scala/src/main/scala/interfaces/Types.scala. Using presentation compiler with project's scala-library version: 3.3.7
2026.03.04 16:14:41 INFO  no build target found for /Users/lorenhung/ucie/scala/src/main/scala/interfaces/Types.scala. Using presentation compiler with project's scala-library version: 3.3.7
2026.03.04 16:14:41 WARN  no build target for: /Users/lorenhung/ucie/scala/src/main/scala/interfaces/Types.scala
2026.03.04 16:14:41 INFO  no build target found for /Users/lorenhung/ucie/scala/src/main/scala/interfaces/Types.scala. Using presentation compiler with project's scala-library version: 3.3.7
2026.03.04 16:14:41 INFO  no build target found for /Users/lorenhung/ucie/scala/src/main/scala/interfaces/Types.scala. Using presentation compiler with project's scala-library version: 3.3.7
2026.03.04 16:14:41 INFO  no build target found for /Users/lorenhung/ucie/scala/src/main/scala/interfaces/Types.scala. Using presentation compiler with project's scala-library version: 3.3.7
2026.03.04 16:14:41 INFO  no build target found for /Users/lorenhung/ucie/scala/src/main/scala/interfaces/Types.scala. Using presentation compiler with project's scala-library version: 3.3.7
2026.03.04 16:14:42 INFO  no build target found for /Users/lorenhung/ucie/scala/src/main/scala/interfaces/Types.scala. Using presentation compiler with project's scala-library version: 3.3.7
2026.03.04 16:14:42 INFO  no build target found for /Users/lorenhung/ucie/scala/src/main/scala/interfaces/Types.scala. Using presentation compiler with project's scala-library version: 3.3.7
2026.03.04 16:14:42 INFO  no build target found for /Users/lorenhung/ucie/scala/src/main/scala/interfaces/Types.scala. Using presentation compiler with project's scala-library version: 3.3.7
2026.03.04 16:14:42 INFO  no build target found for /Users/lorenhung/ucie/scala/src/main/scala/interfaces/Types.scala. Using presentation compiler with project's scala-library version: 3.3.7
2026.03.04 16:14:42 INFO  no build target found for /Users/lorenhung/ucie/scala/src/main/scala/interfaces/Types.scala. Using presentation compiler with project's scala-library version: 3.3.7
2026.03.04 16:14:43 INFO  no build target found for /Users/lorenhung/ucie/scala/src/main/scala/interfaces/Types.scala. Using presentation compiler with project's scala-library version: 3.3.7
2026.03.04 16:14:43 INFO  no build target found for /Users/lorenhung/ucie/scala/src/main/scala/interfaces/Types.scala. Using presentation compiler with project's scala-library version: 3.3.7
2026.03.04 16:14:44 WARN  no build target for: /Users/lorenhung/ucie/scala/src/main/scala/interfaces/Types.scala
2026.03.04 16:14:44 INFO  no build target found for /Users/lorenhung/ucie/scala/src/main/scala/interfaces/Types.scala. Using presentation compiler with project's scala-library version: 3.3.7
2026.03.04 16:14:52 INFO  no build target found for /Users/lorenhung/ucie/scala/src/main/scala/interfaces/Types.scala. Using presentation compiler with project's scala-library version: 3.3.7
2026.03.04 16:14:52 INFO  no build target found for /Users/lorenhung/ucie/scala/src/main/scala/interfaces/Types.scala. Using presentation compiler with project's scala-library version: 3.3.7
2026.03.04 16:14:52 INFO  no build target found for /Users/lorenhung/ucie/scala/src/main/scala/interfaces/Types.scala. Using presentation compiler with project's scala-library version: 3.3.7
2026.03.04 16:14:53 INFO  no build target found for /Users/lorenhung/ucie/scala/src/main/scala/interfaces/Types.scala. Using presentation compiler with project's scala-library version: 3.3.7
2026.03.04 16:14:52 INFO  no build target found for /Users/lorenhung/ucie/scala/src/main/scala/interfaces/Types.scala. Using presentation compiler with project's scala-library version: 3.3.7
2026.03.04 16:14:53 INFO  no build target found for /Users/lorenhung/ucie/scala/src/main/scala/interfaces/Types.scala. Using presentation compiler with project's scala-library version: 3.3.7
2026.03.04 16:14:52 INFO  no build target found for /Users/lorenhung/ucie/scala/src/main/scala/interfaces/Types.scala. Using presentation compiler with project's scala-library version: 3.3.7
2026.03.04 16:14:53 INFO  no build target found for /Users/lorenhung/ucie/scala/src/main/scala/interfaces/Types.scala. Using presentation compiler with project's scala-library version: 3.3.7
2026.03.04 16:14:53 INFO  no build target found for /Users/lorenhung/ucie/scala/src/main/scala/interfaces/Types.scala. Using presentation compiler with project's scala-library version: 3.3.7
2026.03.04 16:14:53 INFO  no build target found for /Users/lorenhung/ucie/scala/src/main/scala/interfaces/Types.scala. Using presentation compiler with project's scala-library version: 3.3.7
2026.03.04 16:14:53 INFO  no build target found for /Users/lorenhung/ucie/scala/src/main/scala/interfaces/Types.scala. Using presentation compiler with project's scala-library version: 3.3.7
2026.03.04 16:14:53 INFO  no build target found for /Users/lorenhung/ucie/scala/src/main/scala/interfaces/Types.scala. Using presentation compiler with project's scala-library version: 3.3.7
2026.03.04 16:14:53 INFO  no build target found for /Users/lorenhung/ucie/scala/src/main/scala/interfaces/Types.scala. Using presentation compiler with project's scala-library version: 3.3.7
2026.03.04 16:14:53 INFO  no build target found for /Users/lorenhung/ucie/scala/src/main/scala/interfaces/Types.scala. Using presentation compiler with project's scala-library version: 3.3.7
2026.03.04 16:14:53 INFO  no build target found for /Users/lorenhung/ucie/scala/src/main/scala/interfaces/Types.scala. Using presentation compiler with project's scala-library version: 3.3.7
2026.03.04 16:14:54 INFO  no build target found for /Users/lorenhung/ucie/scala/src/main/scala/interfaces/Types.scala. Using presentation compiler with project's scala-library version: 3.3.7
2026.03.04 16:14:53 INFO  no build target found for /Users/lorenhung/ucie/scala/src/main/scala/interfaces/Types.scala. Using presentation compiler with project's scala-library version: 3.3.7
2026.03.04 16:14:55 INFO  no build target found for /Users/lorenhung/ucie/scala/src/main/scala/interfaces/Types.scala. Using presentation compiler with project's scala-library version: 3.3.7
2026.03.04 16:14:55 WARN  no build target for: /Users/lorenhung/ucie/scala/src/main/scala/interfaces/Types.scala
2026.03.04 16:14:55 INFO  no build target found for /Users/lorenhung/ucie/scala/src/main/scala/interfaces/Types.scala. Using presentation compiler with project's scala-library version: 3.3.7
2026.03.04 16:14:56 INFO  no build target found for /Users/lorenhung/ucie/scala/src/main/scala/interfaces/Types.scala. Using presentation compiler with project's scala-library version: 3.3.7
2026.03.04 16:14:56 INFO  no build target found for /Users/lorenhung/ucie/scala/src/main/scala/interfaces/Types.scala. Using presentation compiler with project's scala-library version: 3.3.7
2026.03.04 16:14:57 INFO  no build target found for /Users/lorenhung/ucie/scala/src/main/scala/interfaces/Types.scala. Using presentation compiler with project's scala-library version: 3.3.7
2026.03.04 16:14:56 INFO  no build target found for /Users/lorenhung/ucie/scala/src/main/scala/interfaces/Types.scala. Using presentation compiler with project's scala-library version: 3.3.7
2026.03.04 16:14:57 INFO  no build target found for /Users/lorenhung/ucie/scala/src/main/scala/interfaces/Types.scala. Using presentation compiler with project's scala-library version: 3.3.7
2026.03.04 16:14:57 INFO  no build target found for /Users/lorenhung/ucie/scala/src/main/scala/interfaces/Types.scala. Using presentation compiler with project's scala-library version: 3.3.7
2026.03.04 16:14:58 WARN  no build target for: /Users/lorenhung/ucie/scala/src/main/scala/interfaces/Types.scala
2026.03.04 16:14:58 INFO  no build target found for /Users/lorenhung/ucie/scala/src/main/scala/interfaces/Types.scala. Using presentation compiler with project's scala-library version: 3.3.7
2026.03.04 16:14:59 INFO  no build target found for /Users/lorenhung/ucie/scala/src/main/scala/interfaces/Types.scala. Using presentation compiler with project's scala-library version: 3.3.7
2026.03.04 16:15:01 INFO  no build target found for /Users/lorenhung/ucie/scala/src/main/scala/interfaces/Types.scala. Using presentation compiler with project's scala-library version: 3.3.7
2026.03.04 16:15:02 INFO  no build target found for /Users/lorenhung/ucie/scala/src/main/scala/interfaces/Types.scala. Using presentation compiler with project's scala-library version: 3.3.7
2026.03.04 16:15:02 INFO  no build target found for /Users/lorenhung/ucie/scala/src/main/scala/interfaces/Types.scala. Using presentation compiler with project's scala-library version: 3.3.7
2026.03.04 16:15:01 INFO  no build target found for /Users/lorenhung/ucie/scala/src/main/scala/interfaces/Types.scala. Using presentation compiler with project's scala-library version: 3.3.7
2026.03.04 16:15:01 INFO  no build target found for /Users/lorenhung/ucie/scala/src/main/scala/interfaces/Types.scala. Using presentation compiler with project's scala-library version: 3.3.7
2026.03.04 16:15:02 WARN  no build target for: /Users/lorenhung/ucie/scala/src/main/scala/interfaces/Types.scala
2026.03.04 16:15:02 INFO  no build target found for /Users/lorenhung/ucie/scala/src/main/scala/interfaces/Types.scala. Using presentation compiler with project's scala-library version: 3.3.7
2026.03.04 16:15:04 INFO  no build target found for /Users/lorenhung/ucie/scala/src/main/scala/interfaces/Types.scala. Using presentation compiler with project's scala-library version: 3.3.7
2026.03.04 16:15:05 INFO  no build target found for /Users/lorenhung/ucie/scala/src/main/scala/interfaces/Types.scala. Using presentation compiler with project's scala-library version: 3.3.7
2026.03.04 16:15:05 INFO  no build target found for /Users/lorenhung/ucie/scala/src/main/scala/interfaces/Types.scala. Using presentation compiler with project's scala-library version: 3.3.7
2026.03.04 16:15:06 INFO  no build target found for /Users/lorenhung/ucie/scala/src/main/scala/interfaces/Types.scala. Using presentation compiler with project's scala-library version: 3.3.7
2026.03.04 16:15:05 INFO  no build target found for /Users/lorenhung/ucie/scala/src/main/scala/interfaces/Types.scala. Using presentation compiler with project's scala-library version: 3.3.7
2026.03.04 16:15:06 INFO  no build target found for /Users/lorenhung/ucie/scala/src/main/scala/interfaces/Types.scala. Using presentation compiler with project's scala-library version: 3.3.7
2026.03.04 16:15:06 INFO  no build target found for /Users/lorenhung/ucie/scala/src/main/scala/interfaces/Types.scala. Using presentation compiler with project's scala-library version: 3.3.7
2026.03.04 16:15:05 INFO  no build target found for /Users/lorenhung/ucie/scala/src/main/scala/interfaces/Types.scala. Using presentation compiler with project's scala-library version: 3.3.7
2026.03.04 16:15:06 INFO  no build target found for /Users/lorenhung/ucie/scala/src/main/scala/interfaces/Types.scala. Using presentation compiler with project's scala-library version: 3.3.7
2026.03.04 16:15:06 INFO  no build target found for /Users/lorenhung/ucie/scala/src/main/scala/interfaces/Types.scala. Using presentation compiler with project's scala-library version: 3.3.7
2026.03.04 16:15:07 WARN  no build target for: /Users/lorenhung/ucie/scala/src/main/scala/interfaces/Types.scala
2026.03.04 16:15:07 INFO  no build target found for /Users/lorenhung/ucie/scala/src/main/scala/interfaces/Types.scala. Using presentation compiler with project's scala-library version: 3.3.7
2026.03.04 16:15:07 INFO  no build target found for /Users/lorenhung/ucie/scala/src/main/scala/interfaces/Types.scala. Using presentation compiler with project's scala-library version: 3.3.7
2026.03.04 16:15:07 INFO  no build target found for /Users/lorenhung/ucie/scala/src/main/scala/interfaces/Types.scala. Using presentation compiler with project's scala-library version: 3.3.7
2026.03.04 16:15:07 INFO  no build target found for /Users/lorenhung/ucie/scala/src/main/scala/interfaces/Types.scala. Using presentation compiler with project's scala-library version: 3.3.7
2026.03.04 16:15:07 INFO  no build target found for /Users/lorenhung/ucie/scala/src/main/scala/interfaces/Types.scala. Using presentation compiler with project's scala-library version: 3.3.7
2026.03.04 16:15:08 INFO  no build target found for /Users/lorenhung/ucie/scala/src/main/scala/interfaces/Types.scala. Using presentation compiler with project's scala-library version: 3.3.7
2026.03.04 16:15:08 INFO  no build target found for /Users/lorenhung/ucie/scala/src/main/scala/interfaces/Types.scala. Using presentation compiler with project's scala-library version: 3.3.7
2026.03.04 16:15:07 INFO  no build target found for /Users/lorenhung/ucie/scala/src/main/scala/interfaces/Types.scala. Using presentation compiler with project's scala-library version: 3.3.7
2026.03.04 16:15:08 INFO  no build target found for /Users/lorenhung/ucie/scala/src/main/scala/interfaces/Types.scala. Using presentation compiler with project's scala-library version: 3.3.7
2026.03.04 16:15:08 INFO  no build target found for /Users/lorenhung/ucie/scala/src/main/scala/interfaces/Types.scala. Using presentation compiler with project's scala-library version: 3.3.7
2026.03.04 16:15:09 WARN  no build target for: /Users/lorenhung/ucie/scala/src/main/scala/interfaces/Types.scala
2026.03.04 16:15:09 INFO  no build target found for /Users/lorenhung/ucie/scala/src/main/scala/interfaces/Types.scala. Using presentation compiler with project's scala-library version: 3.3.7
2026.03.04 16:15:10 INFO  no build target found for /Users/lorenhung/ucie/scala/src/main/scala/interfaces/Types.scala. Using presentation compiler with project's scala-library version: 3.3.7
2026.03.04 16:15:10 INFO  no build target found for /Users/lorenhung/ucie/scala/src/main/scala/interfaces/Types.scala. Using presentation compiler with project's scala-library version: 3.3.7
2026.03.04 16:15:12 INFO  no build target found for /Users/lorenhung/ucie/scala/src/main/scala/interfaces/Types.scala. Using presentation compiler with project's scala-library version: 3.3.7
2026.03.04 16:15:12 INFO  no build target found for /Users/lorenhung/ucie/scala/src/main/scala/interfaces/Types.scala. Using presentation compiler with project's scala-library version: 3.3.7
2026.03.04 16:15:12 INFO  no build target found for /Users/lorenhung/ucie/scala/src/main/scala/interfaces/Types.scala. Using presentation compiler with project's scala-library version: 3.3.7
2026.03.04 16:15:12 INFO  no build target found for /Users/lorenhung/ucie/scala/src/main/scala/interfaces/Types.scala. Using presentation compiler with project's scala-library version: 3.3.7
2026.03.04 16:15:12 WARN  no build target for: /Users/lorenhung/ucie/scala/src/main/scala/interfaces/Types.scala
2026.03.04 16:15:13 INFO  no build target found for /Users/lorenhung/ucie/scala/src/main/scala/interfaces/Types.scala. Using presentation compiler with project's scala-library version: 3.3.7
2026.03.04 16:15:13 INFO  no build target found for /Users/lorenhung/ucie/scala/src/main/scala/interfaces/Types.scala. Using presentation compiler with project's scala-library version: 3.3.7
2026.03.04 16:15:14 INFO  no build target found for /Users/lorenhung/ucie/scala/src/main/scala/interfaces/Types.scala. Using presentation compiler with project's scala-library version: 3.3.7
2026.03.04 16:15:14 INFO  no build target found for /Users/lorenhung/ucie/scala/src/main/scala/interfaces/Types.scala. Using presentation compiler with project's scala-library version: 3.3.7
2026.03.04 16:15:14 WARN  no build target for: /Users/lorenhung/ucie/scala/src/main/scala/interfaces/Types.scala
2026.03.04 16:15:14 INFO  no build target found for /Users/lorenhung/ucie/scala/src/main/scala/interfaces/Types.scala. Using presentation compiler with project's scala-library version: 3.3.7
2026.03.04 16:15:15 INFO  no build target found for /Users/lorenhung/ucie/scala/src/main/scala/interfaces/Types.scala. Using presentation compiler with project's scala-library version: 3.3.7
2026.03.04 16:15:15 INFO  no build target found for /Users/lorenhung/ucie/scala/src/main/scala/interfaces/Types.scala. Using presentation compiler with project's scala-library version: 3.3.7
2026.03.04 16:15:15 INFO  no build target found for /Users/lorenhung/ucie/scala/src/main/scala/interfaces/Types.scala. Using presentation compiler with project's scala-library version: 3.3.7
2026.03.04 16:15:16 WARN  no build target for: /Users/lorenhung/ucie/scala/src/main/scala/interfaces/Types.scala
2026.03.04 16:15:15 INFO  no build target found for /Users/lorenhung/ucie/scala/src/main/scala/interfaces/Types.scala. Using presentation compiler with project's scala-library version: 3.3.7
2026.03.04 16:15:16 INFO  no build target found for /Users/lorenhung/ucie/scala/src/main/scala/interfaces/Types.scala. Using presentation compiler with project's scala-library version: 3.3.7
2026.03.04 16:15:48 INFO  no build target found for /Users/lorenhung/ucie/scala/src/main/scala/sideband/SidebandClasses.scala. Using presentation compiler with project's scala-library version: 3.3.7
2026.03.04 16:15:48 WARN  no build target for: /Users/lorenhung/ucie/scala/src/main/scala/sideband/SidebandClasses.scala
2026.03.04 16:15:48 INFO  no build target found for /Users/lorenhung/ucie/scala/src/main/scala/sideband/SidebandClasses.scala. Using presentation compiler with project's scala-library version: 3.3.7
2026.03.04 16:15:49 INFO  no build target found for /Users/lorenhung/ucie/scala/src/main/scala/sideband/SidebandClasses.scala. Using presentation compiler with project's scala-library version: 3.3.7
2026.03.04 16:26:20 INFO  no build target found for /Users/lorenhung/ucie/scala/build.sbt. Using presentation compiler with project's scala-library version: 3.3.7
2026.03.04 16:26:33 INFO  no build target found for /Users/lorenhung/ucie/scala/src/main/scala/sideband/SidebandClasses.scala. Using presentation compiler with project's scala-library version: 3.3.7
2026.03.04 16:26:36 INFO  no build target found for /Users/lorenhung/ucie/build.mill. Using presentation compiler with project's scala-library version: 3.3.7
2026.03.04 16:26:36 INFO  no build target found for /Users/lorenhung/ucie/scala/src/main/scala/interfaces/Afe.scala. Using presentation compiler with project's scala-library version: 3.3.7
2026.03.04 16:26:37 INFO  no build target found for /Users/lorenhung/ucie/scala/src/main/scala/interfaces/Decoupled3.scala. Using presentation compiler with project's scala-library version: 3.3.7
2026.03.04 16:26:37 INFO  no build target found for /Users/lorenhung/ucie/scala/src/main/scala/interfaces/Fdi.scala. Using presentation compiler with project's scala-library version: 3.3.7
2026.03.04 16:26:39 INFO  no build target found for /Users/lorenhung/ucie/scala/src/main/scala/interfaces/Rdi.scala. Using presentation compiler with project's scala-library version: 3.3.7
2026.03.04 16:26:40 INFO  no build target found for /Users/lorenhung/ucie/scala/src/main/scala/protocol/ProtocolLayer.scala. Using presentation compiler with project's scala-library version: 3.3.7
2026.03.04 16:26:40 INFO  no build target found for /Users/lorenhung/ucie/scala/src/test/scala/d2dadapter/ParityGenerator.scala. Using presentation compiler with project's scala-library version: 3.3.7
2026.03.04 16:26:41 INFO  no build target found for /Users/lorenhung/ucie/scala/src/main/scala/logphy/Types.scala. Using presentation compiler with project's scala-library version: 3.3.7
2026.03.04 16:26:43 INFO  no build target found for /Users/lorenhung/ucie/scala/src/main/scala/interfaces/Types.scala. Using presentation compiler with project's scala-library version: 3.3.7
2026.03.04 16:26:43 INFO  no build target found for /Users/lorenhung/ucie/scala/src/main/scala/sideband/SidebandClasses.scala. Using presentation compiler with project's scala-library version: 3.3.7
2026.03.04 16:26:58 INFO  no build target found for /Users/lorenhung/ucie/build.mill. Using presentation compiler with project's scala-library version: 3.3.7
2026.03.04 16:26:58 WARN  no build target for: /Users/lorenhung/ucie/build.mill
2026.03.04 16:26:58 INFO  no build target found for /Users/lorenhung/ucie/build.mill. Using presentation compiler with project's scala-library version: 3.3.7
2026.03.04 16:26:58 INFO  no build target found for /Users/lorenhung/ucie/build.mill. Using presentation compiler with project's scala-library version: 3.3.7
2026.03.04 16:27:03 INFO  no build target found for /Users/lorenhung/ucie/build.mill. Using presentation compiler with project's scala-library version: 3.3.7
2026.03.04 16:27:03 INFO  no build target found for /Users/lorenhung/ucie/build.mill. Using presentation compiler with project's scala-library version: 3.3.7
2026.03.04 16:27:12 INFO  no build target found for /Users/lorenhung/ucie/build.mill. Using presentation compiler with project's scala-library version: 3.3.7
2026.03.04 16:27:12 INFO  no build target found for /Users/lorenhung/ucie/scala/src/main/scala/tilelink/Configs.scala. Using presentation compiler with project's scala-library version: 3.3.7
2026.03.04 16:27:12 WARN  no build target for: /Users/lorenhung/ucie/scala/src/main/scala/tilelink/Configs.scala
2026.03.04 16:27:12 INFO  no build target found for /Users/lorenhung/ucie/scala/src/main/scala/tilelink/Configs.scala. Using presentation compiler with project's scala-library version: 3.3.7
2026.03.04 16:27:12 WARN  Could not find semantic tokens for: file:///Users/lorenhung/ucie/scala/src/main/scala/tilelink/Configs.scala
2026.03.04 16:27:12 INFO  no build target found for /Users/lorenhung/ucie/scala/src/main/scala/tilelink/Configs.scala. Using presentation compiler with project's scala-library version: 3.3.7
2026.03.04 16:27:12 WARN  Could not find semantic tokens for: file:///Users/lorenhung/ucie/scala/src/main/scala/tilelink/Configs.scala
2026.03.04 16:27:13 INFO  no build target found for /Users/lorenhung/ucie/scala/src/main/scala/tilelink/Configs.scala. Using presentation compiler with project's scala-library version: 3.3.7
